{"unit_log_population_eM": [1.031088842429733, -0.317136974411742, 1.788649362722593, -1.809687174881542, -0.1555798210840278, 1.231499317031517, -1.267668418291153, -0.2141649177495181, 2.392755271922015, -0.2652702500799832, 0.1399752547153205, -0.5096958804301124, -1.438570175694565, -1.329111170080526, -0.3915246669365219], "unit_log_population_eS": [0.0107388717114166, 0.68550220160372, -0.1539083061862872, 0.2438197298475325, 0.1937509385141639, 0.1564329670660235, -0.1570885804627572, -0.302219680509126, -0.1787278741238489, 0.0381305930912354, -0.2976645454409225, 0.3221657463279631, 0.4011042536495634, -0.2463957377226894, 0.1394453243914946], "unit_log_person_params": [-0.6933257089440451, 0.2782374485807441, -0.7343342485147784, -0.1688134823944199, -0.9461871519614392, -0.5577710893497486, -0.945439129070622, -0.6740774795848564, 0.2162201084851642, -0.8357134810608446, -2.405893029961632, 0.5022150028412642, 0.131722312913387, -0.0074514472385175, -0.0596425628829665, -0.190472699829789, 0.3103755390779719, -0.6334551330568534, -0.1274983931364824, -0.0911073415801243, 0.5305285595899207, 1.263255020900314, 0.6800057798768364, 0.1354483563259709, -0.8086916748012448, -0.3855912562382787, 0.873947507404097, -2.429016585874746, -0.6234655232476947, -0.4122914188888088, -0.6427172712974376, 0.0384808533073163, 0.5650230502667093, -1.135720842382403, 0.8306043338750134, -1.462893092179729, 1.24031787039608, -2.576125737934474, -0.0899869047799836, -0.2690256045476146, 0.2501447020050369, -0.6594793508694629, 0.7403758552688933, -0.6471925934262704, 1.066786195686504, 1.055535705340505, 0.5172516358316822, 0.5505775554042397, 0.5070038358760554, -0.4793010147522888, 0.3702333560301372, -1.267626229851214, -0.5813167293584998, -1.863716727842751, 1.377967360284833, 0.5767691737141674, -0.5911375908697349, 0.5259371038653707, 1.492581878606527, 0.487914761335614, 0.1809046042380226, -0.7612166016617712, 0.2248312543843095, 0.9350335785021834, -1.173387941156212, 0.4133078958309198, 1.376620809165046, -2.390378140881437, 2.074492551428575, -1.01734132891831, 0.3307770562509328, -2.32567225086352, 0.371478557875271, 0.8880307791664559, 0.1261990652799302, -1.187845842868037, -1.718731451830142, 0.2232229770197071, -1.101790846300992, 1.147254571592477, -0.5589241915430223, -0.5026466335491051, -1.410783327882354, 1.324528211895229, 0.3787403308850543, 0.5411077100071816, 0.6984510276844933, 0.8952960555608802, -0.7530613263423737, -0.2344822181379088], "noise": [0.062351541499265, 0.0611306854401884]}