{"unit_log_population_eM": [0.230443654397364, 0.2268842384904548, -1.221742987854377, 1.430529890390061, -0.0648639050261817, -0.2038697803474374, -0.0136685568463422, -1.392128275235914, 1.752851432682762, -1.204976589591029, -0.6298599694679143, -0.1266212173054124, -0.0957194118989862, -0.9997931582047755, -1.661261945259159], "unit_log_population_eS": [0.7905170652364504, 0.5610418366562802, 0.2336300746859708, -0.2077874632304416, 0.1980115932899587, 0.5781369592812161, 0.2938078855166582, 0.0366587783429798, 0.0631149829732434, 0.0759072058985194, 0.2930267767463708, -0.2737883431761898, 0.5715302356786969, 0.3774008497000356, -0.164611854086585], "unit_log_person_params": [-1.817913669830859, -1.287937999657369, -0.4804671177191642, -1.39366109614469, -1.758016865012147, -0.1894234135820585, -0.5925101464824656, -0.3238126664109237, 0.835715673332476, -0.8788128955220923, 0.8029988611300292, -1.188205058083005, -1.886653172792032, -0.7632606662627673, -2.075776981907288, -0.1084104736659694, -1.3674648478097, 0.4064821255478856, 2.115024944181235, 0.787133623598364, 1.067754964909996, 0.5685177412939362, 0.7318791556813254, -0.9171016630487407, -0.0614063623797003, 0.8433981865546285, -1.453695094099362, 0.0145816012449502, -0.2872417105790886, -0.2608892936238313, -1.314404892018071, 0.1556464034391713, -0.0279113673968614, -0.8693633259378379, -1.593045792111936, -0.4196175842679416, -0.0690900292125339, -1.902767405429336, -0.2498284475075387, 0.2200223146035332, -0.7561327519865386, -0.9939931997136155, 1.190441655876296, 1.276032415738509, 0.6063217542067709, -0.1300966546089889, -0.732392285476255, 0.7938137384640558, 0.5068007016917613, 0.0977205298894955, -1.130915314162049, 1.209387316874351, 0.5220485824794786, 0.5064554895781082, -1.413127504379309, 1.754268149162195, 0.884236187414144, -0.5942441319200369, 0.6751058152517355, 0.5978874794951216, 0.2833381749547146, -0.4119231216411229, 3.121786520243989, 1.518912818841246, -0.7775919349523015, -0.6465347468254925, -0.1918149652349245, -0.5917657062451916, -0.6001311648180951, -2.010977921200575, -1.456060728867015, -1.081249945102898, -0.5598866542253321, -0.5477929857740373, -0.1321284751629289, -0.2992669415304238, -0.8176845760472855, 0.7408588183483056, -2.660834215035068, -0.2857425013098093, -1.128016916160866, -0.8412085718911675, 0.9389085270725108, 1.368388930430901, -0.3103068757814271, 0.6147048124624971, -0.8501016093069295, -0.8966755337113583, 1.630901789207515, -0.0663380610427495], "noise": [0.2051694416918959, 0.0484111399919207]}