{"unit_log_population_eM": [0.534080012866342, -1.673758397821973, 2.014389660961728, -0.6887881622466969, -0.7223878811638536, -0.0241824319997104, 0.7263671617692564, 1.213138920791442, 0.3317123015633227, -0.6199847849307026, -1.772857109993352, -3.821247513413036, 0.2101600138635185, -1.739053755389005, -0.6100923700466911], "unit_log_population_eS": [-0.1930221367550858, 0.0316671734588183, -0.1184811606836308, 0.2938627458660089, -0.4832931390738833, -0.1296091655041358, 0.0626009225553287, 0.1183702318649006, 0.2052250829383327, 0.0344435785617386, -0.192097214923008, 0.2355592868069914, -0.1998249216441281, 0.3422199671903545, 0.0790083632291354], "unit_log_person_params": [-1.689708740056943, 0.443883563638815, -2.412937299420116, -1.045612493216846, -0.614532639111843, 1.080913252098311, -0.3557083180628476, 1.232371908916496, -0.672051223927785, 0.2482621866375589, -1.026985021248356, 0.4351785200352291, -0.3248775104441249, -0.8066327925474551, 0.8929107667645828, 0.9063016778600526, -0.1548675373593904, 2.696321344441844, 0.5116853480286622, 0.8879401854387172, -0.1694981696409159, 0.0470035906306197, 0.4939955845906729, -2.246264501168973, -0.0215398312685706, -0.705471700892665, -1.1564372843173, -0.9784912370985308, -0.7143814033139387, -0.0563417044089295, 0.1161722691612469, -0.1062885837226653, 0.6758672977979423, 0.7882677483868096, 1.317741802714431, 0.0547352224130853, 1.214380855325686, 0.3677568955402891, -1.907774750655392, 0.252918998446193, 0.1403217131056281, 0.2128737123530265, 0.4487992916923762, 0.919432585990006, -0.3714535130618404, 0.4723955662948953, 0.6011098595452533, 1.417929222341762, -0.3814990957809034, 0.6510655279662558, 0.7438603782323487, -1.425834904105502, -0.021601286176009, 0.4432231818444565, -0.6045884065766827, -1.672903103320381, -0.8697043288337507, -0.5992400330871517, 1.566045170274707, 0.3572457128009536, 1.763554369995334, 1.369325313711371, -0.3584332212413726, 0.3383131025028679, 0.9522564600741192, 0.1044176035486734, 0.0601538414312655, -0.7171467755624744, -0.9697659397241948, 0.0676058669779687, 1.048784489315788, 1.038782663296668, -0.0549941302693154, -1.00847501370943, -1.424836244439816, 0.0297262063107814, -0.2150001109851491, -0.2552514908686697, 0.7971338004955575, -0.5876728661443104, 0.3570112607565467, 0.289124448325971, -1.065128349066943, 1.388251197669815, 0.2557915835621416, 0.4963381423540737, -1.574970118339339, 1.221151244135046, 0.5810627280441881, 0.4912351150848179], "noise": [0.1438008371757676, 0.0403481710017874]}