{"unit_log_population_eM": [-1.201207774265732, 1.167426578431187, 0.3010401734608528, -0.3797431559588246, -0.4876720993740825, -0.4955577653297458, -0.0787273724622873, 0.476052790221042, -0.1445430856035776, 0.840366982944634, 0.5482052022559547, 0.0387902344707612, -0.946800952581, 0.9036677806497052, -0.0202659823926197], "unit_log_population_eS": [-0.0238008730061146, -0.5872316223798822, -0.5153352196284486, -0.0194454598131481, 0.7509295211864488, 0.3234556684893403, -0.1435031920353049, -0.3393976276777425, 0.0340390008390521, 0.2004926922837321, 0.293123374970894, 1.362166256645007, -0.6156530002356313, 0.2650072644689555, 0.2285018127008038], "unit_log_person_params": [1.154292640414338, -0.0705804501273114, -0.4900044559364432, -0.7341518123754198, 1.063436033199297, -0.6814444873564376, -1.088041933772305, 0.362089089642443, 0.7736682674276437, -0.6401941273512323, 1.656053035302264, 0.2589303840569233, -0.109498894558645, 0.2790012436573008, -1.240498969710393, 1.32833569227387, -0.7988594727862146, 1.174533293066306, -0.4103276261198505, -1.275659620651807, 0.1304563529972279, -0.383908484000465, -0.8380383373989723, -0.2970483507955328, -1.302146449838034, 0.504402281144454, -1.901645781559688, 1.626246896775056, -1.998409505692524, 0.7710871262926415, 0.6861391159910476, -0.291620160925007, -0.2718173349817554, -0.7438359702701332, 0.7983590930457573, 0.739348455110321, 1.308880241941762, 0.5315391000297327, 0.0149571619877547, -0.2975794186687106, 1.283420082523465, 0.0276732629588744, -0.8916881114178854, 2.14259002245708, 0.3958810939921138, 0.2995130967774651, 0.2504650797269284, -0.0942317772043632, 0.761176766553037, 1.127432086381369, -0.6825697942234654, -0.9414843573247912, -0.5241941801065525, 2.089784665270107, -0.9707142099118036, 0.4887427065564336, 0.4203225358523885, -0.3245667392957425, -0.915169357621446, -1.347395763319202, -1.749473163382305, 0.1339419744868907, -0.923775153678437, 2.343660224736677, 0.0252162995664958, -0.4609948334438296, -0.65879429496026, 0.0451028069707855, 0.6778173784900441, 1.33103550692897, -0.31269753082385, -0.8549496352837396, -0.8260971536179693, -0.9805471270035994, 0.2581268465418791, -1.63416021290057, -1.168676115663912, -0.539892181538447, 0.2987389222817004, 0.1580844052506381, 2.450345315881432, 1.093256613440983, -1.791188928523346, 1.75481937957264, -1.33141303046332, -0.4986859846562582, -0.2632493828274363, 1.060084850182847, 0.4944228589280789, 0.1152387168603967], "noise": [0.0962475497724266, 0.0326613549657398]}