{"unit_log_population_eM": [0.3952949756789227, -0.3504699937088654, -0.2035457259760767, -0.3847725620958033, 0.9650433713975952, 0.7480237101709715, -1.430494394401464, -0.895319734244435, -0.9060162047885556, -1.114088340065705, -0.3300706334648585, 1.740975405503274, 1.073696101834439, -0.5494366022097562, -0.7188406210108211], "unit_log_population_eS": [-0.0824928572820337, -0.0015658412658042, 1.479006745596391, -0.2917735277952667, -0.4044987696931143, 0.2491500514653999, -0.3745536954261608, -0.3995603927486955, 0.0916341953020954, 0.4163980781172751, 0.034955516625578, -0.1071412097691357, 0.1403535487802998, 0.3289514948940169, -0.314759268706396], "unit_log_person_params": [0.2879661926205287, 0.6770187931212814, 0.5287976831392138, 0.1777276971884499, 1.603962741364343, 0.4948738061085067, 0.1615619773603082, 0.2808718206591175, -1.304611907323021, -1.528969732495048, 0.3621628530508786, 0.1321772113539428, 0.5165672057756597, -0.0293447101120793, 0.7976171637250542, 0.5761871973881192, -1.123782734309482, 1.14605542386965, -1.212051517062226, -0.3976785160356318, -0.0637247923286614, 0.5380705161710826, 1.645179763134826, -0.8186309947122696, -0.8036974708852669, -0.8964513125391471, -0.4174831994782419, -0.3142948750394747, 0.8299901124036342, 0.2827363282551591, 1.289526402130105, 0.2570704549966352, 0.6631703849082755, -0.5391223287930615, -0.9238586033391806, -1.373203475730175, -0.9775345728691428, -1.316580229153026, 0.0633262580637428, 0.4878837483280073, -0.1885682119643413, 0.122988962323353, 0.1145310218587401, 0.2389918496622779, 0.8073978981435808, 0.376260700172499, 1.416352595732714, -1.991824042919273, 0.4953468981405015, -1.177270784908254, 0.7227689531323302, -0.5895891672504319, -0.2302388203223557, -0.8526350915978931, -0.6950754398222316, 0.5248838183281164, -1.361630310153018, -1.041095352706202, -0.6804881216599201, 0.5567776021682822, -0.7781330382563609, -0.2137557338217524, -0.4035288427242826, -0.5460746782360731, 0.1320484090796353, 0.3784649930442938, 0.5156258447756902, 0.1890452232714222, 0.5556274692285178, 0.0068933877601644, -0.1508357244859763, 0.0986283275624152, 0.407260960583936, -1.064808493771893, 0.283009277093152, -0.7755510674281145, -0.7549088482555325, -0.842526931060694, 0.4185171829271342, -1.151330260388219, -0.5223180395003129, -0.4736439947153887, 1.313317894141202, -0.1083911704735648, -0.7871780583401775, -1.096428746658653, -0.7067137452917691, 1.887511385031578, 1.363905175175422, 0.9674925121555064], "noise": [0.0928060928623683, 0.0521017074088958]}