{"unit_log_population_eM": [0.4061613061968954, -1.74833839394755, -0.5630106766887584, 0.8790165518940618, 0.1207766200247837, -0.7425916187090535, 0.7846279005113768, 0.4100833687357122, -0.8771290824390383, 0.9128733693521766, 0.5977578886049999, -0.7521759207944277, -1.900463687216436, -0.9586331962672572, -0.4582683743253224], "unit_log_population_eS": [1.224423359446749, 0.107272926961098, 0.2504983432976153, 0.4740695228305081, 0.1899082682534087, 0.3272530722554207, 0.7957919514157814, 0.6552235462927588, 0.0700348890631933, 0.1040177258431252, 0.0575382785573531, 0.6305766273403346, -0.4496809562309778, -0.1727580396831717, 0.1923354888842642], "unit_log_person_params": [-0.0643244740369404, 0.0010117874590383, -0.7749619769991071, 1.014854855466815, 0.6755809147810796, -1.750909626611833, 0.3880673437973654, 1.426574663631704, 1.875860135415619, -0.8037615164534438, 1.317639409357144, 0.4719900358574518, 0.2260379795793432, -0.0566176131850458, 0.0923444210009397, -0.9063661426599856, 0.2703266936215076, -0.9531948378559332, -0.2351702600413929, -0.8033758423133198, -2.319269307924629, 0.3256393704014693, -0.1817703037921905, 0.8976095487296172, -0.5311856825745532, -1.242416021669041, 0.8126683181631771, -0.0795949953006001, 0.3502751494846997, -1.200006519898977, 0.9854873424265496, -0.1874484674956269, -0.2566157299253742, 0.9071382724394838, -0.7645227667728677, -0.5351939321960427, 0.3882618087457095, -0.0880939750919299, 0.113235268504546, -0.6608861480962334, 1.314124010875556, 0.5852984897055894, 0.2613866120383763, -0.7953718993958482, 0.1256170292782081, 0.3612443551676933, -0.1620204539126497, 1.242643509675325, 2.709556642943574, 0.3454885700206618, 0.6407543454536867, -0.3666039613242187, 0.664400678367191, 0.4469204761104643, 0.7459739960534522, -0.3730660800774905, -2.062273153885371, 1.214039967702734, -0.852313219276528, 0.3658352104437626, 0.2045128587146318, 1.064318525452449, -0.4756939582350727, 0.2867044488682784, 1.15983220913975, 2.148165815690358, 0.6888500474159526, 1.345938013549756, 2.231296706669569, 0.8499101691151754, 1.185787554692798, -0.8237908139630351, -1.434298627426318, 0.1865515194177884, -0.7171696102904295, 0.1898514013605326, -0.3002450023771294, -0.4560414418604349, -0.4825903645528722, -0.6506997829670889, 1.795100757406223, 1.453209519092359, 0.099081649325709, -0.3787455874360185, -0.110666782713084, 0.1178247832954595, -1.352224450913518, -0.1713296043232748, -0.1264989168198843, -0.038910623062498], "noise": [0.1675000734127041, 0.0371295342613348]}