{"unit_log_population_eM": [1.08637845789857, 1.477853352950939, -1.766759996283134, 0.4717714753357207, -0.6698202697887836, 0.1933870104497123, 1.258280451498423, -0.6890726824588094, 0.2485997083637326, -1.206073276344083, 1.294932052616608, 0.3443555438633632, 0.7675826314706925, -1.064521408815346, 0.7328916390796849], "unit_log_population_eS": [0.4805034625051695, 0.1655658452820192, -0.512605047077462, -0.1093279625997598, -0.3442187297364485, 1.566991957107368, 0.050135686992102, 0.0520122731849151, -0.4993036721059939, 1.081011705906574, 0.2225571517043374, -0.3015123072452759, 0.0875420476327302, 0.8311112297951231, -0.0214654019718478], "unit_log_person_params": [0.8883257592687174, 0.9132931018242832, 1.585432649545069, 0.7013543183241558, 2.255155995590544, 0.8871664347137993, -0.5291961765617419, 0.1356259613362332, 0.1754598713710817, -0.524078055122714, 0.0620886943557734, -2.358430767495853, 1.190119709831272, -0.4802099966995725, 0.685425643239473, -0.3729833327985008, 0.8228441532080809, -0.408213279505606, -0.0748534213680804, 0.5820317554021619, -0.5239459422589747, 1.029211395263725, 0.1880736677670112, 1.263777193062602, -0.6439817710220233, -1.949332920456298, 1.911699935199765, -1.713599004410468, -0.744829788903454, -0.3828212224944697, -1.687925856232757, 0.0511690399261003, -0.5863987927946595, -0.1374862829971243, 0.5994304316327902, -0.3430039860995878, 0.8264039730987469, -1.113027457730084, 0.369059566501007, -0.2656636689867073, -0.255337142818996, 1.309940552475432, -0.2832198228401975, 0.3526030975818967, 1.448729893291655, -2.436786139041149, -0.8350564027291485, -1.229617675660259, 0.2709716523933227, 0.1263404002563217, 0.3530053483989745, -0.461094803823663, 0.0627461545313208, 0.8913060294043158, -1.243809838242724, -0.1137026418330133, 0.0364733847276993, 0.0055176641049598, 0.5622705354813808, 0.4856440120467314, -0.0006637119164339, -0.9589576168668278, 0.0891289394938141, 0.4153264458641754, -1.050043047698517, 0.8767439031700601, 3.109483010043249, -0.0609163011945478, 0.1283972717889669, 1.128606973008137, -0.9278440183884628, 0.3077776376171721, 0.2584515284796852, -0.2272447413933993, -1.501285607294483, -2.101889303162219, -0.1849103288773661, -0.3717123205549561, 1.53668697753626, -0.4867479297927487, 1.296962935265656, -1.378207594843116, 0.2026660479941068, -1.938000885357329, 0.1127474228363439, -0.1829179879903425, -1.221263852176664, -0.297187602870138, 0.5286573326288759, -0.4899026617429332], "noise": [0.1430019457722971, 0.2138422284839333]}