{"unit_log_population_eM": [-0.6440918000011787, 1.011082166231892, 0.2694780965448172, -0.6520131649154816, 0.6673773584133941, -1.843542764994961, -0.5066385800002503, -0.8154945091729099, 0.3991906771458163, -2.088510276429131, 0.363602522802503, -0.0402101186268782, -2.70608977749571, 0.0428116800637808, 0.8754586395178172], "unit_log_population_eS": [0.4379082848695002, 0.1422652826315139, -0.4877426264774116, -0.2413998211877655, 0.0953020762523105, 0.3898605719344181, 0.2584374809034742, 0.0254606985722608, -0.3257279455058099, -0.3098566578930229, 0.3030827976965278, 0.1560290402003991, 0.0369724064882694, -0.0068894113914306, -0.4794307304129458], "unit_log_person_params": [-0.6081312652494381, -1.147160850134721, -0.2774857164849323, 1.412932033172773, -1.732292124396068, -0.8682900202859007, 0.8276302094694696, -1.070225694184847, -0.1619271900176282, 0.2666543929056995, -0.8181435152986045, 1.162616712733771, 1.990714340141968, -0.2094710020830063, 0.8265904266722198, -0.0344557191470199, -1.966917419431017, -1.499331573467395, -1.402594441142677, -0.9597451041502552, -0.4664903391270776, 0.2339491874246459, 1.560916752200598, 0.4046766281212005, -0.1874884127303757, 0.3223733321585579, 0.619939116324539, -1.464508973290392, 1.808022313289903, 0.882266478878251, -0.473587014671115, -0.450636605975068, -0.4923519661041569, -1.339497895842896, 0.2623552611499846, 0.6582265312582561, 0.4510487082904613, 0.9764148695616832, 0.9822686116960788, -1.032339695576593, -0.1556612781338795, -0.4451187395920626, -1.772740838414494, 0.2422372761837823, 1.871860143081255, 1.270778799410023, -0.5644668360743049, 1.414523619876425, -0.1198984977867574, 1.437606045071521, 1.113466486447819, -0.4755236808958807, 0.663716162594768, 0.3518428525981288, 1.094776352746228, 1.646299694287029, 0.0320018735020254, 0.8798524459348319, 2.36541864138332, 0.229335725528387, -0.2502308620517921, -0.7818685673001078, 0.9311623048704616, -0.2356744696323868, -0.2030283958554554, 1.839340118737519, 0.0746854959860179, -2.119765993458446, -1.82049725887857, -0.2897443294567223, -1.57861776683619, 0.8762869035781953, -0.9627741387810248, 1.068018374910584, 0.8399504061105932, -0.2485487130073233, 0.9327987314010158, 1.996715599374491, 0.0379869158706666, -0.072275001974386, -0.1489509100916304, -0.2852450042491214, -1.039478803436584, -1.913518708782863, 0.6301649243106342, 0.3834232561377006, 1.02599703797434, 0.5159418251350448, -1.256244130476232, -3.281442385277097], "noise": [0.129086570160335, 0.2533958917917049]}