{"unit_log_population_eM": [-1.158670092092607, -0.6629454591760666, 0.8203332736307671, -0.8086447586106039, -0.5232827040237777, -0.5943253393720902, -0.3757168969278251, -1.051786891651149, 1.139209921375033, -0.2745388956206083, 0.1089812215738681, -1.024328815094943, -1.074517337418744, -2.573326516046031, 1.174633645076945], "unit_log_population_eS": [0.3062398616337001, 0.6845665494149524, -0.096956155427765, 0.1017174178009847, 0.1018484350637018, 0.1795198922625881, 0.4132089289854343, 0.3300942966648679, -0.1431450479219733, 0.3716252224020629, 0.1351176366524922, -0.1048772878182337, 0.0296603669703524, 0.2621992808712134, 0.4477897347507721], "unit_log_person_params": [-0.0076858467283074, 0.467588825553009, 0.165846236231977, 1.008756910109211, -0.0375737014677103, -1.673521300417334, -0.1101869254046419, 0.311686371195495, -1.224693589949138, 1.003046331986769, 0.406017864289169, 0.8031745784595714, -0.4571811214338048, 1.179926551359156, 0.2624903496924907, 0.1415907465680905, -0.4182111998422972, 0.246922683756693, 0.3216476922598037, -0.5437527018259005, -0.4557162990772119, -0.7940425293834336, 0.0480600221114456, -0.6026716601817722, -0.5927116776838018, 0.6798980892142739, -0.2586887198001793, -0.8243961900039125, -2.178483551819796, 1.941566006297304, -1.747733975619613, 0.6296424823293785, 0.2719205237953758, -1.009615418939657, -0.084032266647725, 0.5819296378541737, -0.6784520221751398, 0.0661972869576716, 0.0345410257562595, -0.7456638647367111, -1.477944757525053, -0.6517070373650413, 1.636770842661664, 2.252663196762677, -2.747093342220708, 0.0914213997051287, -0.8286192821294077, 0.6505885277963482, -0.9738738072710964, -0.751549802969731, -0.2983247653629711, -1.027262945463008, 0.2801269168281158, 0.0914247367405038, -1.649611310601062, -1.777250008321752, 0.259428430598027, -0.4180309981358405, 2.358424568309496, 0.4248456332583848, 0.0333191359330925, 1.001036975153596, -0.5734776685423477, 0.2972871210966135, 0.7162732264361471, -0.0477900296735226, 0.6153699329155926, -0.0886216949121638, 1.579172679657729, -0.1150234000964215, -0.0499592126532646, 0.7266154644361573, 0.7511949756577168, 1.613602924520307, 0.4648722820294512, 0.4099415772365618, -1.619213683884111, -0.86076191515408, 1.148533714308888, 1.48061748256444, 0.6380512058866544, -1.072499704638727, 0.0638888621389148, -0.5692436309657525, -0.2643381558645432, -2.617369310187199, -1.659614935068545, 0.4487882617343733, -0.6103331761688441, 0.3185652077285106], "noise": [0.1066922031655342, 0.1768303720677491]}