{"unit_log_population_eM": [0.2528438131177008, -0.7146998973802832, -0.6384634845161968, 0.5479812745466681, -0.599088722139505, -0.2253097736433077, -1.828898099726072, 0.1072248426171595, 0.8604530350080476, -0.8541669372738474, -0.1355220733284314, 1.14617865447123, -0.7617040422404323, -0.2900158375404311, 0.9111389427284629], "unit_log_population_eS": [0.8128477979059539, 0.3047874446521689, -0.2020917192282423, -0.0569207347672361, 0.4002767424092938, 0.2573020616418152, -0.0094155922498247, -0.0996559600456376, 0.6387190954021141, -0.2996174091447181, -0.2674322761683211, 0.1747069963944956, -0.4118115780204605, 0.3136331067337745, 0.0696422709488552], "unit_log_person_params": [1.058948627030173, -0.003252816164686, 1.035916669451498, 0.094453544903634, -1.250160805780704, 0.452968408714277, 1.0006405695224, 0.0498339248794296, -0.5528903561681098, -0.7913234292951672, 0.1753543258082789, 0.1940516297881742, -0.6268036488132545, 0.519934852236932, 0.0920387892505895, -0.7017279867295928, 0.6555885229681235, -0.4843070055125622, 0.111288306920108, -0.0699969234261481, -0.906145127934866, 0.1198633697675225, -0.3663096455464141, 1.182670279907764, -1.152246033574309, -0.1386606288344792, 0.1722525858007513, 0.6939033686505489, 1.75064837039975, 1.410684676298593, 0.1679203540092052, 0.5327900435269385, 0.826724194022152, 0.8728207022320592, 0.9656813403160966, 0.7847242876962839, 0.025099855555742, 0.7496186176177239, -1.928611832650741, 0.4077326031795015, 1.463091974730323, -0.2871237170518524, -0.2950958834167906, 0.1765977551702851, -0.1633534052390416, -0.5149582857718598, -0.8547403804715097, -1.151677921432959, -0.3388507380884556, 0.4170640534917371, -0.2712595642502521, -0.030871539358786, 0.726611974482064, 0.4201988874340788, 0.1241103081850462, -0.5911622682871198, -0.3007244296396552, -1.030963526465694, -0.8182061229501459, 0.620272397332584, -0.3757115901843736, -1.082256306089829, -0.1495197224556538, 0.1712495218029875, -0.8006849658080523, -0.4702536967522484, -0.7576617315343193, -0.9529191911033128, 0.2704723551207343, -1.152766609370999, -1.567555151838489, -0.0889770665031548, -0.5922309015872232, -0.485665069671484, -3.557233526683494, 0.8146893866949731, 1.914447637203254, -1.764141396662223, 0.3223145960633533, -0.2891892483979207, 0.818218713291404, -1.322521743936199, -0.6125939038360815, -0.9071447854084944, 0.05707837235946, -0.2834861403771792, -0.5830484980106608, 0.4412626811144823, -1.593727957189073, 0.3712936916129563], "noise": [0.1151471015586632, 0.1947460110951097]}