{"unit_log_population_eM": [0.2407731904011702, 0.1333025610595763, 0.7998645829336917, -0.0065041501482609, 0.5636269842289305, 0.6048662127199874, -1.861014121164763, 0.542910168491216, 1.011689310200159, -0.2623354696332399, -1.312580031717423, 0.4757629470827976, 0.1341140406169845, -0.6499904884833215, 0.518865835980604], "unit_log_population_eS": [-0.0675577351155794, 0.1701943569147265, 0.3779343395410166, -0.3199166599203631, 0.2986601499679897, 0.150002033559257, 0.3746933096809001, 0.6561630121555381, -0.0330214824752662, -0.2453377350069303, -0.0254123767724, 0.4940796208810501, 0.5355424115403354, 0.9318705288572964, -0.3228761814392916], "unit_log_person_params": [0.8580273074850284, -0.678377547190832, 0.7242286639206357, 0.6882379696607956, -0.6742505666072582, -0.0423085994229291, 1.450487494876808, 1.537006130879559, -0.2970095706304779, -0.1562306727052268, -0.9874431736107304, -0.5254041120189478, -0.6193464603821079, 0.153146693688971, 0.828606507534192, -1.002277462292091, -1.508453205376852, 0.342507637211966, -0.5155008703036308, -0.2929465893918887, 0.0154520517327251, 0.0249007659072925, 2.203718096181836, -0.8302766170262443, -0.1179774651101401, -0.0206387461093892, 0.0597083600455947, -0.6369707754012577, -0.2122960456608242, 0.4119737901359615, 0.807357458345923, -0.3217642764331747, 0.0683026256791199, -0.1101704121486208, -0.587836066755307, 0.8018772978689216, -0.6028308690946429, -0.7741978245565992, -0.3624500555391259, 0.0207021199924246, 0.2787678779366362, -2.791748998826296, -1.031538104420171, 1.628680785771597, 1.205074532326976, -0.7652027206962781, -0.6282579852344916, 0.076353518278757, -0.0317078468004255, -0.0907784557300435, -0.2006135926625157, 0.1074815264335112, 0.3327580756601146, 1.574768686831566, -0.9521991670461656, -1.219468184532357, -1.171235429833094, 0.0842460680579062, 1.616994615135711, 0.5413643409821438, 1.520301196190898, 2.015841375703369, -0.8142259477894916, -0.1769045813395636, -0.7237491584123016, 0.2125181844208774, 0.3127936747646353, 0.9670978994277686, -0.9334988348190008, 0.29198819450802, -0.0618332003052188, -1.551935129146636, -0.3809168467405173, -0.9503826863728616, 0.1451677069642335, -0.8839099073509922, 1.152241223346287, -0.5519409089856138, -0.2545114123050143, 0.0892718770480984, 0.2876076242027676, -0.0028292366694006, -0.3930148398185347, 0.6301034627658715, 0.4202142013423839, 1.127783018499169, 1.095876967406661, 1.2523720504747, -1.207569146375361, -0.4794405606950842], "noise": [0.2164383028271527, 0.2136268367970803]}