{"unit_log_population_eM": [0.4605464363109723, 1.316619011668997, 0.0422967968802, -0.7204468671110094, 2.385374516619742, -0.7005969164341497, 0.2544094153550212, 0.9509445002584538, 0.4443203355515259, -1.794747449940292, -0.1899961653312521, 0.6116224945854108, 0.5468797955110923, 0.1836028470520644, 0.1076267801277083], "unit_log_population_eS": [-0.0819872868632716, 0.0023757311103174, -0.2314951104217678, -0.228202471775966, 0.0080085096118722, -0.0615198740816505, -0.4722768160301135, 0.4134790628302528, -0.1703368930950701, -0.6498281027981402, 0.3852810974848066, 0.4630891000613235, 0.2918862249682299, -0.2585990155484608, 0.0958700803597029], "unit_log_person_params": [-1.079480879948351, -0.7542448547123418, 2.329306440084547, -1.024386273729733, -1.20753407141307, 1.688495384686315, -0.7789798230477949, 2.409899889352526, 0.4101578916786991, 0.0253164191798917, -0.1096472250863803, 0.8626409918703781, 1.398319203197751, -1.652408713945654, -0.1914043730991534, 1.364392924936589, -1.308797265325686, 0.1347456543225087, -0.3135131433637609, -0.3837052648781615, 0.1775984124884046, -0.6671071030742199, 0.2171468626934036, -0.1578724001866363, -0.0466608217395784, 0.1825382214254365, 1.89498159261524, 0.7024660965587288, -0.5765483075507783, 1.949974874345047, 0.5619565587188542, 0.0472684059885594, 0.1023722869202243, 0.6047588135233845, -0.3851301373246371, 1.350489115006971, 1.333655433753462, 0.2778647257013853, -0.1950862381905386, -0.3599589905668478, 0.4015901715392782, 0.0043116442947143, -0.889645628314309, -0.3209877344870861, 0.3637291705941811, 1.475307562354437, 1.797639813203648, 0.2244382982317126, 0.6014750805572007, 0.602468258201836, 1.119276368901212, 0.6620911027221936, -0.7783057787913636, -0.1093517184998983, 0.6101806754075663, 1.379053875034236, -1.760127149254595, -0.6334922048915659, -0.8661974887052208, -0.3607372982892351, -0.7798446311579549, -1.917273591098912, 1.210979428728826, -0.6575195785894729, 1.748336908588402, 0.5281726373582016, -0.7913005303336968, 0.3007263301307689, -0.9028003850032306, 0.455762222678831, 1.123424450178598, -0.6783998420653858, 1.440423259576043, -1.250689145423067, -0.014702894112318, 1.28549908637671, 2.031724515582742, 1.543637126821844, -0.3667886450406754, -0.1219534389584248, -1.063176812720616, -1.000867197533547, -0.497956976737619, 0.553937979268724, -0.992708388298048, 0.3902972541261161, 1.920218719763886, -1.789690226856484, -1.770756149951061, -0.5867290574633319], "noise": [0.1394110134001214, 0.2455548623806824]}