{"unit_log_population_eM": [-0.8880664506238678, 0.4468388631305529, -1.253864336626634, 0.4435035549508819, 0.6997852591721693, -1.70315601352018, 1.082109136706336, 0.5192814571826295, 1.437163768696229, -1.724076600335499, 0.4413169178726235, -0.0982129365345843, -1.155164230434863, -1.644353486029246, -1.055552397520792], "unit_log_population_eS": [-0.0134428023851189, 0.4428577351271523, 0.1465413859426758, -0.1048118117330621, 0.0137384665656603, -0.2392200031711244, -0.0168838743519673, 0.2254400859933915, -0.4781975776544017, 1.008993561792536, -0.0217469878722433, -0.59056691651544, 0.98811034804926, 0.2103898784528594, -0.4220594153889214], "unit_log_person_params": [-0.0692280813034272, 1.713779669005763, -0.4826627227349137, -0.2734939960411889, -0.1313656310565864, -0.8270174784584465, -1.102125759051646, 0.2307609693577086, 0.5061281453891272, 0.0334249027616813, -0.2350334647867601, 0.1422325180716938, -0.2020624077106279, 0.266406215505164, 0.8814098679796164, 0.6650701586125812, -0.331397901611759, -0.5372842121446019, 0.7738414180599886, -0.3745892602904445, -0.4156415898449822, 0.1826225097024157, 1.515251375697177, 0.2767651555891245, 1.479745389367025, -1.354901985910229, 0.1639582767395398, 0.1603495827806609, 0.393714402762217, -0.8818148602488647, 0.5572136501627458, -0.1215586547481687, 0.3042699394289696, 0.8508383552741834, -0.1050584791148543, 0.0010377084418453, -0.1711444158160577, -0.4273807442192263, 0.0795087253674091, -0.8035510846194396, -0.4587930826213708, -0.7028505896649371, 0.2566968921747571, 0.8957956462240881, -0.2174784643717094, 1.321579710464389, -1.124529843047812, -1.572115968383571, -1.60556231395715, -0.5767692675745082, -1.491067867760894, -0.5073457904896594, 1.294584399981437, -0.3300989929219151, -1.317223602158571, -2.563499721319977, -0.5889324839368915, -0.7192640104405462, -2.927730281914833, -1.478219364787074, -0.3417628255043608, 0.7944105039882419, 0.2221726281078432, -0.1102083743685443, -0.4102049052125212, 0.0647683204782923, 1.109523050766477, -1.3885292022254, -0.084768630310605, 0.9190527038916156, 0.7704213208838008, 0.4246728640677411, -0.4597736423127486, 0.7624196515734106, -0.8331124410789521, 0.8536255102064837, 0.7968048154703117, -0.3976300800437623, -0.4507417327906466, -1.110497489411711, -0.1430519107664905, 1.089147010557274, 2.376212756163506, 0.1698588263183414, -0.0143377571852808, -0.3648200928483071, -0.7421830475806829, 1.728115948683203, 1.219460085581454, 0.6131388608147971], "noise": [0.0975889347171422, 0.201349181590697]}