{"unit_log_population_eM": [-0.2999526489518738, -1.762185947847348, 0.8984711425216302, 0.9173849375887588, -1.274278996792172, 0.1948215928895644, 1.614895791725462, -0.8947056794892817, 1.295914870086629, -2.190187282504398, -0.3239916075591505, -0.1066664091210436, -0.955567882699472, 0.269119745902153, 0.6203597736897211], "unit_log_population_eS": [0.1663395707985111, 0.9628635867955296, 1.005490362792546, -0.0125780778940358, 0.1117883201548249, 0.271464859827939, 0.398512039327193, 0.6952613501384688, 0.1090740583318242, -0.2799268340784085, 0.5869655566161416, -0.1722740665772163, -0.0075160276894195, -0.1373126904853283, 0.1778837565820104], "unit_log_person_params": [0.967482757005163, 0.1964520969916528, 1.079802944688317, 1.466988173907002, -0.1825319271839671, -1.562361928392255, 0.0644641606977482, -0.5991643956266323, 0.4680120243434187, -0.4583885168362526, 0.7447139526370516, 1.628079963829814, -0.9699990012606544, 0.8726324054448719, -0.2610521548824947, 1.724081908385116, -1.869030101569716, -0.9010848860057374, 1.595611652654255, -0.2466976772096824, -0.0303379084987537, 0.343782396567024, 1.586654109745882, 0.5363940986014621, 1.106198068395943, -0.3681698377616763, -0.8566496627147453, 0.3566726245443705, 0.1639420539464204, -0.0377717898820932, -1.860698244121118, 0.3080864527566751, -0.0392981746206381, -0.0768262059513833, 0.828518364369156, 0.1604406530268511, 0.1458946646726267, -0.5826942917281184, 0.0213971406135797, -0.4961891352535279, -1.214483086739528, 0.2792982336505318, 0.0743046127880565, -0.0785679249472401, -1.362367635173596, -0.7061226817331815, -0.7901335713873378, -0.1653641131379837, 0.6064468563247284, -0.1601893942390787, -0.6816684994292111, -1.002045708844749, 1.257489693817053, 0.2166845386710222, -0.097838147501836, 0.873084208422072, -0.9856852714698788, 1.739596153629896, -0.5960772958301651, -1.445652783873369, -0.793076422366654, -0.9840160919327956, 0.2498789751390472, -0.2614844869374875, 0.3389922843195622, 0.8727697040737188, 0.7384584965009273, -1.509020934320556, -0.4070060639388963, -0.1465336224706583, 0.7340975574167056, 0.0294895104745429, 0.2253522671834479, 0.8120144157632541, -0.4123356788830063, 1.042006134368529, -1.696019148892928, -0.2348860799148387, -0.3801861627610903, -1.636920589206202, 1.584333878322667, 0.6117107211195119, -2.513050628544059, -0.1044619866358474, 0.951487797401849, 0.0798222320234626, 0.338497080917237, -0.1726861361494643, 0.9007638354180248, 0.3074024269552532], "noise": [0.1024327047559514, 0.2382134060066863]}