{"unit_log_population_eM": [2.023342495939809, -0.0524953572209682, -0.2664969652963556, 0.0685359730014032, -0.9000181253690978, -0.9987222825649986, -0.5397431792800467, -0.2442568865593058, 1.338935880123587, -2.256579070641453, 0.0203310003578383, 0.8740775066273663, -1.080669666498895, 0.4144324947630615, 0.4628642859919796], "unit_log_population_eS": [-0.7527678398158183, -0.4977817552704435, -0.0769057275452461, -0.534816630541198, -0.3694818812197067, -0.1947325259284801, 0.2530759101330298, -0.1549157794761929, -0.2408442560653987, -0.0655353315992692, 0.2023970457916349, 0.1822914663230867, 0.0989555414880407, -0.4460419776814634, -0.0594494983548367], "unit_log_person_params": [0.4641983424349622, 0.5646279512377438, 0.4621326600294396, -0.6172525092535599, -0.7836558611020402, -0.5935239806564223, -1.141852035356119, -0.258948997436286, -1.040193796391567, -1.524727639324704, 0.6864187747617854, 0.5651354239828823, -0.5896692686018185, 0.3091560872684994, 0.6131571538368275, 0.4690658414407712, 0.4014207583702177, -1.026413971314476, 1.18435278267681, -0.7017238678255033, -0.2923480365295965, -0.0691531431625248, -0.0093667145406055, 0.2025905490074335, -0.1609931338374812, -0.5681398763262093, 0.723304881488674, -0.9853528824004903, -0.2519636065663436, -1.432894285228708, -0.2021513617284796, 0.6640017496939823, 0.1877317519723812, -0.8844349017681163, 0.3376183617465918, 1.344580135874436, 0.6638578941320694, -0.4157196624395827, 1.65644835916163, -0.8152330128770332, -0.3864599883371344, -1.103724139031675, 0.6354384357052368, 1.733868316987685, -0.337199867753385, 0.8740515998715316, -0.784517869645457, 0.7143999173975344, -1.14553487223099, 0.3418349508104991, -0.0424041544492896, 0.0599579574985156, 1.299956616365812, -0.3398936018441912, 0.3634664888701303, -0.1193434438521218, -0.5779611593675568, 1.33904865325332, -0.6028708096085809, -1.143230703673182, 1.043505885469575, 0.1240841188855484, 0.6086161081177884, -0.0860662654348417, 0.768433579094905, 1.676477919204417, 0.3229408078185413, -0.2104550458567199, -0.8681697613634785, -1.244936479460867, -0.5411318429067231, 0.7152165767336944, -1.27674202038525, 0.1669249386047093, 0.7296519169240131, 0.3856783713235923, -0.6265044015183158, 0.6729941106923849, -1.130282342059403, -0.0949473038355438, -0.7545255619066276, -1.07217903599006, 3.076212682099293, -0.871035887345074, -0.0167938373923952, -0.1498204940130731, -1.294670706336708, -0.058500249473782, 1.166992604316335, -1.65457549554345], "noise": [0.1091911356424163, 0.2320247277756516]}