{"unit_log_population_eM": [0.155634678079605, 0.7497725353340002, -1.568317255696315, 1.211254733965343, 0.4460298120367854, -0.895801271437355, -0.2639850881574559, -0.6659314748430184, 1.246368849163013, -2.792474131840257, 1.041782550937784, -0.6815953794509367, -0.0211089508124331, -1.036579030172881, 1.522682219250346], "unit_log_population_eS": [-0.1141673579201078, 0.3703656344438397, 0.3588474945316091, 0.152880316988089, 0.3067260234250112, 0.498784845784885, -0.0512176233374099, -0.1688892016223775, 0.2226086025943894, 0.1312508053252905, 0.0172270361644122, 1.012920781688982, 1.218995051019775, -0.2923641355890097, 0.746771145388818], "unit_log_person_params": [-0.9240240786920744, -0.0341626223234953, 1.221008636249359, -0.1725035753934689, -1.445518452734372, 0.1185370494131731, 1.626335364271092, 1.318582563316438, 1.337123946921676, -0.2344762334127362, -0.0450054718947132, -0.2784441186265049, 0.8440460648271867, -0.8493624673553319, 2.014797635776403, 0.6261973397641528, 0.0667995416558728, 0.6087496055443485, -1.499818822243318, 0.1067662831077727, -2.216937366109848, 0.0251704923026134, 0.8841165549365341, 0.6746662075366588, 1.046224281798674, 1.74233421236114, 0.5620730174164387, 1.056802399569054, 0.3879617756482584, 1.195975727503979, -1.644817256931955, 1.18982041557576, -0.8385510523631973, -0.5474343236104234, 0.059206093329464, -0.3454656391078669, 1.043725399779566, 0.117616339130871, -0.9461071316389464, 0.2021657748493619, -0.5475435443534339, -0.6853935630205473, -1.060510014127601, -1.144095943133447, -0.2022201240574454, 1.336120026244849, 1.801244370307739, -1.263373664047575, -0.6753361953009477, 0.0408819499689891, 0.0604621926786233, -0.220086613595512, 0.7097731298227324, 0.0888761623489412, 0.4198862894409082, -0.8838515533602915, -0.2534572628318414, -0.9650572809213104, 0.3908620917870123, 0.150853877634731, 1.301475441407526, -1.851094905025608, 2.467646219209948, -0.7813922586835871, -0.7988988990227579, 1.426835828550769, -0.5720716392263221, 1.064349377547924, -0.9683313613201736, -0.6744248964591358, 0.1472101621109669, -0.5747119173947702, -0.5416573213400121, 0.4975578903129678, 0.6275779427017257, -0.7013214609186968, -0.0522366192708357, -0.0497696809988764, -0.9930154347155588, -1.398173114261182, 2.334090299788388, -0.2151287249863813, -0.540463452539329, -0.261405341888555, -0.1500302776504642, 0.3225625174679603, 1.014219147583391, -0.1898659059092044, -0.6988244210000729, -0.3227113962423457], "noise": [0.090619235280318, 0.2159239263268714]}