{"unit_log_population_eM": [-2.611886729877559, -0.6281460663441774, -0.3241695698370818, 0.6834019492820586, -0.7639292973409576, 0.0507664526953396, -0.6044110739504214, -0.4150665864232904, 1.408276836681753, -2.657005206370739, -0.8872438996675699, -1.898399771235914, -0.5306573915702635, -1.653034524477361, -0.5514523798627059], "unit_log_population_eS": [0.1797777938365441, 0.6492157729898198, -0.0108915287779269, -0.2205909284356509, -0.1101683691871375, -0.3600285280132944, -0.3195386371379084, -0.1076855237823429, -0.1135757129052127, -0.1158276153683927, -0.1121995148454169, 0.1459087805072724, 0.3690037420885061, 0.550354762648713, 0.6279867269275461], "unit_log_person_params": [-0.4163975268630032, -0.5883981325312893, 1.507344233705315, 0.4923086817044876, 0.0372937165070066, -0.0478297177858687, -0.2460896279802846, 0.2487942243437594, -1.305986899411021, 0.1868226527826384, -1.19764294447346, 0.9279760202342868, 0.0181743524920587, 1.169485764478309, -0.7679781166920371, -0.2884772708781413, 0.6843980916420074, -0.678696721786874, -0.6171254986425505, -1.433251941217544, 0.8623001172216137, 0.4998509432315664, 0.733750879930098, 0.8358828495031636, 0.0877386152299265, 1.673184146896239, -0.3599147279732281, -1.487316295415764, 0.7320606720963977, 0.5211417587454865, 0.632407451644387, -0.3334797865394473, 0.0888921584931135, 1.732683791150305, -1.810582885863, 0.4516352991347729, 0.1932705659780472, 1.22405724065064, -0.7274567973200112, 1.144424843468707, 0.6546506120405731, -2.038440274881184, -1.829182899068548, -1.120705408907987, -0.0376833268033308, 0.5625533154160662, -0.0729137846985546, -1.123907502511473, -0.0025044544618174, 0.1210236545199664, 0.097021235702184, -0.559084426432692, 0.993301015702384, 0.1720157317697158, -1.498744505181022, -0.4135923627355382, -0.3601093230192943, -1.733297531400936, 0.0247858215871836, -0.3292662300615443, -0.9159464513925472, 1.541425794176422, -0.1293683301904966, -0.0092988043921261, 0.6745062047993822, 0.5840736011593111, 0.2773651060868861, -0.5684968237603147, 1.125821035204176, -0.7832456175125562, 1.538171844366119, 1.213493067263083, -0.1293368195992345, -0.4076366718456843, -0.9705793643531996, 2.290973474112183, 1.72290794183355, 0.5933903282377953, 0.9222128046702456, 0.3757078787623761, -1.243134940946143, -0.4367215274867133, -0.0443041508041863, 0.7099941847944276, -0.7482115404837196, -0.3398935773979065, 2.095234483824968, -1.90531613102108, -1.006263239614402, 1.168464545242354], "noise": [0.0719136053665388, 0.271726614443267]}