{"unit_log_population_eM": [-0.717004880611353, 0.2144724281724222, -2.555327717701698, -0.0550016944654653, 1.685816531423903, -1.037893305854905, 0.7781338939427634, -2.386426604439047, 1.48620581919047, -1.845208804390615, 1.273767413795565, 1.695396391895033, 0.0334636510875484, -1.018327185809002, 1.170360376984805], "unit_log_population_eS": [-0.0625130369810411, -0.2863949753778454, 0.3033768186253162, 0.2413887003366742, -0.084179235653327, -0.2851545558346092, -0.123269586643766, 0.1369816842480436, -0.0502758592111109, 0.9415931939741532, -0.1162526264717748, 0.8280642394393706, 0.4160735991173279, -0.0817251388477773, 0.1486488574024943], "unit_log_person_params": [-0.2118564159250621, 0.5058620582434479, -1.773624881863596, 0.7617889220499616, 0.0674292588379814, 0.7251507967603393, -0.4967492916515064, 0.0963387714201335, -1.214615136503191, 0.3314325575495213, -0.6324240299492865, -0.8823118090835842, 0.2305972490318191, 1.009349114867014, 1.075365929845314, -1.995752737889426, -0.1796730848318707, 0.0347323748260291, 0.5215065444728401, -0.4110249328877217, -0.3852928631140603, -0.8391929398212374, 0.5833610997558104, 1.414513187061738, -0.2777037709751042, 1.989747656806087, -0.9667096425095836, 0.4465770750339932, -1.814624292074995, 0.2702285969546245, -0.8413425200887718, -0.1042919803060187, -0.5019377547945264, -0.1074403830173068, -0.3645078023932778, -0.4695725789192343, -0.7357182517915637, 0.2574551710155936, 0.3721090833061015, 0.3177718677150526, 2.075138716616823, -0.089081176528819, 0.529750349973261, -1.963216389923678, 0.7689814269415812, 0.717957342626904, 0.7703085828503378, 0.8658424038802808, -0.7332334206717539, -0.8834308898907774, -0.5414501274298857, -0.9404504278492896, 0.3464401809611153, -0.5942269490788274, 1.010036891942947, -0.30112104025955, -0.5331151450254239, 1.204699227843246, 0.7405707524575291, -0.085329813533971, -0.9987992971116828, -0.2954185579252852, -0.697320906179221, 0.6457428991162424, 0.482851058298353, 0.0897383763864243, 1.065863746909913, 0.4085680790560999, -0.5106224366302596, -0.4758701927107857, 0.6965610769181977, -0.1527644412847119, -1.872457839522096, -0.4506491963731366, -1.139513395728533, 1.656544280571797, 0.604045265307371, -0.5877240451547175, 0.5002568252003461, 0.4197635111454294, 1.247385894062319, 0.3156881361862743, 0.9263577671284188, 1.350663839350054, 0.3162269913553513, -0.1789850918497713, 1.300097050716095, 0.6585936577214194, -0.5483977054001493, 0.944305246548209], "noise": [0.1183229574917746, 0.2110370990524966]}