{"unit_log_population_eM": [2.098805757935578, 0.1718923081992593, -0.108972544441977, 0.768356524472165, 0.0089487101758884, -1.472903010761261, 1.10441815571053, 0.9629447484217272, 0.8373029258280464, -2.546712576496436, 1.198815772678166, -1.164893525409097, -0.6237454272937649, -1.207891683429684, -0.8700998361515787], "unit_log_population_eS": [-0.3212166183535048, 0.378341477788616, -0.1197465764902758, 0.3431643106424387, -0.0225181596554424, 0.1908218316174632, 0.5509839329543467, 0.1876368364553603, -0.4169281141982741, 1.928294668556416, -0.1434748495561123, 0.2509651323041884, 0.0368485491505413, 0.2571743545305844, -0.5963916041982074], "unit_log_person_params": [-0.7912978796705906, 0.2138220050886201, -1.141244728315161, 0.1983560314388916, 1.69974268264508, -2.299401552894312, 0.415322984504728, -0.5334515603306513, -0.3834557894031912, 0.248418422610363, -0.8646295855935141, -0.3431846487909094, 0.1797328904807016, 0.1243927203848595, 0.4203792618289325, -0.2922253731606262, 0.8765587738994272, -0.6225069378858195, -0.2750863207274704, -0.1237959323927922, -0.0848854017852947, -0.4179516366588846, 0.5621513728706248, 1.239560635553236, 1.082525299364399, -0.9087703834554268, -0.0344222091186137, 0.8728825199421586, 0.4534268681336214, -1.343553688471997, -0.153759191407491, -0.6585960861135974, 0.6315819167149395, 0.2259930521853086, -0.2286831939798006, 0.61454970182289, -0.8314722748297111, -0.2122831560343332, 0.2277268338854675, 1.350314047613972, 1.591395161151907, 0.7674521603693681, -0.2515973290158864, 0.2552433785641517, -0.9154708981274544, -0.1022294198853614, 0.7884736596474344, 0.739994084516407, -0.5209344803693984, 0.4563142357927892, -0.0573396916221625, -0.4315575523192154, 0.9109829193601632, -0.5674910852169759, -1.514565274087363, -0.5538080249998488, -0.8246912722698574, -0.8173513890477863, -2.257815506795914, -2.251650404498302, 0.0919111382411435, -0.8176924710406962, 0.5301916924973716, -0.0528673725857961, 0.9217756356254878, -0.3360762667431711, -0.3613574487390747, -1.033457803734547, -0.2492714281299765, -2.428490941437097, 1.058126478169263, -0.287871489149412, -0.9317480199477108, -0.2226446740489316, 0.9861885776282804, 1.773712972382586, -1.297272083210678, 0.5419484815748711, -0.2565158371447014, 0.3011693132975543, 0.8344446369033602, -0.5093481922175634, 1.643867971293832, 0.9944374950344268, 0.5011273958988384, -0.2879226684823071, -1.058733561390928, 0.7103402814949682, 0.7111657812279729, 0.7974814448035057], "noise": [0.1438383254219286, 0.15466627723897]}