{"unit_log_population_eM": [-1.744823141763066, 1.883681561604963, -0.9701184352031172, -1.178887827695663, 0.0117529331234586, -0.637329319581571, 1.650929681685028, -2.192196117310345, 1.534442241425951, -1.697443926739088, 2.085684172337656, -1.479660954879453, -1.61249946139011, -0.4887043967269895, -0.8169416303159728], "unit_log_population_eS": [0.1866295621685705, 0.2600700790252898, 0.4393448449107957, -0.5064327800511271, 0.1097529579901032, 0.8216617933610785, -0.5329021735744809, -0.2780737199558846, -0.2668041660008625, 0.4556189352461397, 0.3240718697261039, 0.2882468699755903, -0.0097404214970078, -0.4725161513524684, 0.7952969722529339], "unit_log_person_params": [0.2528717328993376, -0.3115163926047431, 0.9572628635978004, 1.133151394394665, 0.4612996914242574, -1.183499723695494, 0.4546349235121139, 2.167660179977594, -0.1790583243455639, -0.6958268922264439, 0.8832624370818445, -0.1257836123367551, 0.0241227252813535, -0.0827113731812572, 0.4216124686581102, -0.6457635885331151, 0.3965381943692322, -1.421591795874199, 0.0897359074529442, -1.438703036388768, -1.162543311579779, 0.1650307706476596, -0.5669884619068727, -0.2598220257226586, -0.5377889355925941, -0.6166000424808538, 0.6912673299833288, 0.3016950574463497, 3.765554270691964, 1.021720543185151, -0.4133948677386133, -1.059761897944162, -1.051095727870124, -0.2204539453834722, -0.6201827372547544, -0.7014901617414226, -0.6108701292836377, 1.156584921959403, 2.715178554971231, -1.577574575959395, 1.742180356288066, -0.2633898903541764, -0.6512764092986247, -0.1815132927769389, -0.8473231014372263, -0.5817646013639133, 0.3312718943795699, -0.879863080457293, -1.004064257820199, -1.118929526460295, -0.4994118895490914, -0.6586700252628525, -0.0997352747367631, -0.1150968195563292, -0.740656098194595, -0.0252712909183122, -0.5950039783651409, -0.2289535887350756, 1.374957630313067, 0.4229139716052706, -0.8603789133364678, -0.78320521560733, -0.8129750131867804, -1.154824375741775, 1.086676615646685, -0.3278432845765936, 0.2150591210453981, -0.3922618613605209, -0.4968748396697919, -1.342931099349673, 2.544594013080976, 0.3788627619921727, -1.639900623707321, 0.8951453629867062, -0.660090565835388, -1.681205927664294, 0.658676924008358, 0.5661662691045752, 0.810227168087369, -0.7073311583502878, -0.3680296792725041, -0.1325512383964612, 2.975722005510076, -1.155254481593675, 0.6769686200265946, 1.019588786698727, -0.2958301931161514, -0.719023471127022, 1.388760897968912, -1.227955419533397], "noise": [0.162358748543161, 0.1619419627517527]}