{"unit_log_population_eM": [-0.1876966573761119, 1.833942270590332, -1.925562899343201, 0.0619424061880746, 0.0304083741315895, -0.8859849679342489, -0.4285189690945873, -0.8903785759503455, 1.24709812261982, -1.420861527661211, 1.298198077288212, 0.0804664202394097, -2.026025457280393, -1.23059359575732, -2.223823605943814], "unit_log_population_eS": [-0.4188799107592558, 0.2525649237814361, 0.0525996393550637, 0.2139663290966607, 0.3126460274713445, -0.1174120748526163, -0.4430289163704862, -0.0793859032844112, -0.4512620716249726, 0.336472404741673, 0.5061591319492331, 0.2387056524637072, -0.3779254871693359, 0.038707431114088, 0.1170164478585334], "unit_log_person_params": [0.0340285585203757, 0.4467424601460133, 0.3603805639395693, -0.012024053559928, -0.0980300383309031, -0.1734896235569705, -0.8545966931100017, 0.0280295184231515, -1.143887775817972, 1.873814514958036, -0.8044104134471443, -1.397843253929237, -0.6526137726403278, 0.9547256219916972, 0.1286672927200732, -1.672325174338452, 0.3383413197216598, -0.4131795757106835, 0.6648285760842574, 0.2375554871950165, 0.4677865730405099, -0.2885326438742, -0.2464174952115947, 1.556968875431902, 1.145540237897692, 0.9082429175707624, 0.4799757629663753, 0.4039689256752431, -0.5647838392236955, -0.8229461079012195, 0.0828784921448845, 0.1453329833785292, -0.9379561372787372, -0.7297804353794817, -0.4930208801991534, -0.7602055960344056, -0.6886436544846973, -1.673025768323472, -1.136870568988881, -0.1543752322455494, -1.562659119151078, -0.6079239684092936, 0.2695213784726077, 0.2721804915322362, 0.6499622399186982, -1.693439333265773, 0.198326687219026, -1.374770640773833, -0.1819916471608153, -0.4715960211213282, -0.0571747389011112, -0.3082631397433616, 0.3175725949447596, 0.2097923219661612, -0.5402835752113629, -0.6353154844260944, -0.8099493137549972, 2.16215372316161, 0.8593072732420857, 0.1077169772968467, 0.0007433770299923, -0.1031911544965085, -0.3281046017438427, 1.283941798159828, 1.089332693437109, -0.1327901922903747, -0.7418923165223344, -1.426096976678664, -0.794546921788096, -0.0749497361954486, 0.8891152019482722, -0.1542934852098442, -0.4352897773814479, 0.4430395495654222, 1.250611973012346, -1.779413249262273, -0.4689909760523626, -0.4789760313235038, -0.4001630023947521, -0.0254573630163362, 0.5714547097781927, -0.1019629631831963, 1.399280687971322, -0.6472230500571938, 0.1292813366024184, 1.320860654530976, 0.8463050788252277, 0.7854207905337005, -0.986048547875226, 0.0349501687160584], "noise": [0.1185310211004562, 0.2218673069635476]}