{"unit_log_population_eM": [0.1429420978139506, 0.278902413960917, -0.3139237765339744, 0.14789716576531, -0.2241724770665381, -1.774565069097745, 0.5184868114007023, 0.0590201281583491, 1.00896794766669, -0.968010179297227, 1.458413194099013, -0.8645882350021228, -2.046747902089178, -0.6424397552261063, -1.183588608819029], "unit_log_population_eS": [-0.2665078843910975, 0.0889275483846229, -0.2095600441108258, 0.2105445818034942, -0.2273150822826614, 0.2171184407110313, -0.1025440647461864, 0.460790890025883, -0.5978430214768773, 0.673827166256691, -0.1178411185057444, -0.1145316439490415, -0.1763358639974065, -0.2813715944032159, -0.136159426973618], "unit_log_person_params": [1.076633013712723, 0.0441747214293344, 0.2518258884239744, 1.204880923374515, 0.2323506410460123, 0.1293270551068567, 0.4179057284727643, 0.9124982345412812, -1.203075069826991, 1.048321698555092, 1.105037968899968, -0.1544709413998768, 0.1212378099230575, -0.9627862748568458, 0.4109014622514713, -1.392469007647195, -0.0890446599631218, -0.450295869631187, 0.5585682010846194, 0.2542618113979643, 0.1576758001244419, 0.85896486242851, -0.6356017915819909, 1.741334574381616, -0.2253802654191016, -2.157100471301522, 0.6857978031731276, 0.2288059526993539, -0.439637820423502, -0.179142780628171, -0.183241061020348, 0.1670981795968554, -1.60622391023324, 0.7669486728816154, -0.2892210479346681, 0.9013281824176576, -0.4818806686860039, 0.5567125136929656, 0.8436548231142155, 1.072167215690123, 1.36427028635266, -0.744092682706001, 0.159393340497715, -0.6577159718387409, -0.7120191951424986, 0.3554919248477538, -1.441581200340538, 1.066076558010751, -0.3335820459658498, -0.5084221393892079, -0.8038924492570559, -0.1358916455432778, 0.5142535547783426, 0.614029088392003, -1.213762204291785, 0.2281879212714819, -0.0416663716642694, -0.1640739520845649, -1.008374717250076, -2.375007975250811, -0.2107152233174103, -0.2949863270001128, -0.6655940290067115, 0.4614257423667081, 1.482990542785144, -0.2486905661443047, -0.245690346403232, -0.7711884162876768, -1.028948190615518, -1.519780257660809, 1.001343140323957, 0.0177901853311134, 0.2546927732044454, -0.4263661195289667, -0.0762175588246689, 0.253714611376472, -0.4279648464562463, 1.289035499046527, -1.379404545682746, -1.05746321152444, -0.0134200960782915, -0.9422265415507132, 0.8893391018807525, -1.395013055476201, 2.038058153327422, 0.071511866053909, 1.076849095766292, -1.179469109775074, 0.1056421291028907, -0.5243276061038283], "noise": [0.1453485676171732, 0.1787046559390933]}