{"unit_log_population_eM": [0.3631079776427624, 0.4765430753407858, -0.6267433273417442, 0.2277954859630318, 0.5944885625467451, -1.512811145720932, -0.9267369411542904, 1.133492132595822, 0.7063770483301001, -3.12080851514753, 1.385645185918808, -0.1542677083617265, -1.985152882581831, -1.382853959443265, -1.852862585961351], "unit_log_population_eS": [0.2532189253322411, 0.0918075105789668, 0.2492988549038738, 0.0214599378100673, -0.4821776831714682, -0.7881386875334399, -0.0315836268152408, 0.17777761304918, -0.399322196272075, 0.1353971476222855, -0.1353407588195507, 0.0166110224062165, 0.2293208078002457, 0.5670757947909996, 0.1098838856809126], "unit_log_person_params": [-0.1326666903092997, -0.7216261628316827, -1.036841501544522, 0.6013843539668878, 0.4647917831213165, -0.5960610472620147, 0.2317463723508073, 0.6142605341207558, 0.0193421318246212, 0.1212980083275559, -2.007378924337111, 0.520171133911612, -0.2580610100399415, 0.6039786268621422, -0.229194367340982, 1.224008245297042, 0.3392569138935029, -0.6182256636835953, 0.1858782283872293, -0.878553308936487, 0.455819366068452, -0.5200871075501371, -0.107189627720009, 1.53739653648929, 1.113417918899618, -0.1576415448428403, 0.2881845412692206, 0.0322560326601586, 0.5004500953756312, -1.084716891658687, 0.0808774927712757, 0.599668102763776, 0.3584049742608581, 0.1516050403274791, -0.2911911083770987, -0.0441081625809409, 0.8660158079370115, -1.308832618370746, 2.248883963027457, -0.0004999350828322, 0.4186989660473183, 0.9561271319940724, 0.2427801797455399, 1.593352113092366, 0.9793890288893262, 0.1495690221819272, 0.5009713498327044, 0.1975193616512448, 0.9477665936770954, 1.260922747622837, -0.2379155078146639, -0.7757455553136628, 1.426278546696914, 0.843380687569285, -1.686634740164612, -0.1214687117985565, 1.488199121586036, 0.1209646139831348, -0.3084056105731933, -0.7376931873587487, 0.5816179978029526, 0.251410066050616, -1.36490704876196, 1.333803846316793, 1.019037734520085, -0.4783559597066169, -0.291108497032445, -0.9944801395779134, -0.4073602166463746, -2.814781169865992, 0.6762237986371742, -1.209528958569031, -0.4852668499019226, 1.509723813583636, 0.7978316061828815, -0.4323112384354998, -0.8654545326288732, -0.1297938660093948, 0.1667092028110557, 0.3572224323389203, 0.2525234830860196, -0.6004453248339017, 0.8634848565109916, 0.4265104098921823, 0.5992261088270077, 1.688534892336345, -0.3906593743278111, 0.7448316396113909, 0.2493570621823175, 0.9219069373214792], "noise": [0.1273788749839724, 0.1916047465883126]}