{"unit_log_population_eM": [1.029664970569921, 0.2310402089247696, -0.934134011050496, 0.5765669436060077, 0.8908847650764669, -0.50866642982458, 1.10729982585996, 0.1217058384335391, 1.265036521167355, -1.743693883286499, 0.7893919846696209, -1.098565209521367, -2.382530588979765, -0.4394992150417324, -0.7040102713631342], "unit_log_population_eS": [-0.3456706863014572, -0.5011394320495811, -0.0690855837348652, -0.1302976606216428, 0.2732525883246211, 0.0983632233535727, -0.4723116220496097, -0.1550163753198138, -0.0395605104851275, 0.1956346467274256, -0.1084995270686071, 0.4147477509421434, -0.1870438802499969, -0.0669655190370899, 0.5060461437628139], "unit_log_person_params": [0.3961294557604991, 1.038408419669351, -0.2369296091016134, -0.0414880804177836, -1.206907180729757, -0.5449833054145325, 0.1616501895839661, 0.7163289648369121, -0.0852732382468128, -0.7097212279783257, 0.2263315930513917, -0.3250869201631346, -1.763660184084096, -0.464976845029657, -0.0914162232274206, 0.7798532274663024, -0.8170921340263116, -0.2341078982836549, 0.8397436961015179, -0.198631024045529, 0.5489695418353324, -1.089102672075154, -0.5286915355398403, 1.288315616083053, -0.9032015330943882, 0.6007882697298983, -0.0559608517868096, -0.368006417448808, 1.215253686015115, -0.2127208691212125, 0.1733865075335513, 0.2338551699573169, -0.3788730779674208, -0.1282073581326205, 0.6563619529951991, -0.9000906775910348, 1.431813711354351, -0.3454374238896198, -1.43518726259944, -0.5426550764695947, -0.3929552490665051, -0.4744448210250036, 1.513248813774283, -1.340454035855816, 1.602030032348907, 0.4118579197168315, -0.9133554318425132, -1.522865605127007, -0.2777004887469687, 0.1331635432722759, -0.5331239150754766, -0.7956185924975585, 0.2716377904621169, -0.7193511154166842, -1.143233095946996, -0.3799107325549484, -0.450800223506672, 0.8259245781117546, 1.514031467881425, -1.485463241174062, 0.3934944539375831, 0.551099227157333, -0.6249953999449894, 1.397598987131874, 2.772242312858483, -0.9634066870402488, -0.1733778844294171, -0.8187017058582293, -0.6158379737192702, -1.02575561253273, 1.970224770541787, -0.6460592988505554, -0.7585542337305886, 1.110997311329015, 0.3122471990206366, 1.098449631933693, -0.0408719147054764, -0.6026930836871639, 0.6874469835827468, -0.5130542002122759, -0.9936494129447024, -0.4130407702097486, 0.3101273540068579, -0.2194533639969448, 1.64398468236188, -0.1540505371609441, -1.300018806378365, 0.5326092257526815, -1.011415128899477, -0.0406319304560308], "noise": [0.1513093009956341, 0.2321917481227276]}