{"unit_log_population_eM": [0.4760058073920271, 1.020277960089134, -0.1390739420563498, 0.4064373499179255, -0.5360804677888084, -0.6850609268963577, 2.20546064308347, 1.125938527987909, 1.201976383991491, -3.68725924323847, 1.578904247650399, -0.9605022026166145, -0.7458252703076886, -0.4324165994704049, -0.635396542150228], "unit_log_population_eS": [0.7453334358999985, -0.1897549380613724, 0.6991253119475102, 0.4400099001093069, -0.0526001189252419, -0.2198094712252547, 0.0641683195822418, 1.121423970303455, -0.1637229212039975, 0.4960792619833003, -0.0013107285820303, 0.461777962547366, 0.4531281980971682, -0.10387016385648, 0.2532210029027313], "unit_log_person_params": [0.4231249479452303, 0.0651689214889377, -0.3619606164994724, 1.0072866985809, 0.1390882433972401, 0.4510494360815533, -0.8699708906402162, 0.5947095263659067, 0.97499546177504, -0.0171122751732659, 0.6958168518080993, -0.2669783961406076, 0.1261700004589373, -0.0797737266696724, 0.0340356800494665, 0.7947032097086901, 0.0292805767266693, -0.7846098386724534, 0.5075253165210256, -0.2781230379875221, -0.3093921310212921, 1.171546234167822, -0.151287316354897, 1.261850494512956, 1.152254403201074, -1.653718176642459, -0.9443658688319518, 0.0626457956248501, -0.4569777180001268, -0.2040059346494678, 1.748923726003431, 0.7431624190493978, -0.2899921613475435, -0.2032350121478647, 0.1752405321425773, 0.48115169121436, 0.8772681182894206, -0.2024194301460707, -0.0626240364496003, 1.048012132869453, 0.2880164320151808, 0.0054007296392792, -1.476517772281981, -0.7169420160321166, -0.0431389438295601, 2.280880190758712, -0.3165127802540113, 0.5554387942076989, -0.169897688625222, 0.0906748069451774, -1.296840078606708, -0.467673333219622, 0.7727282501332363, 0.0085676650915744, -0.7265779773380372, 0.245534066811762, -2.194289136673707, 1.088292882418359, 0.3012268705439902, 0.2515211206352262, 0.4756734895003673, 0.4135287000566, 0.0317632704937997, 0.0871273641498739, 1.573891990534724, -0.5232285728517273, -0.4355473564735862, -0.6481115549960358, -0.3575108407519976, -1.382072222097676, 0.9273003070979342, -0.5592764475241166, 0.7361989730151642, -0.7499799705918593, 1.259020684473967, -0.4485295377920849, -0.5324077470830699, -0.9351484435945644, -0.9346492564135156, -0.8412550422561013, -0.8906549526626656, -0.4574282803986651, 1.113721452582384, -0.0242835519210777, 0.2529284551222193, -0.824609983340201, 1.348976031975609, 0.4136689758848769, 0.7104217864169496, 1.066641727988994], "noise": [0.1532111171971576, 0.1609486622073262]}