{"unit_log_population_eM": [-0.2276059586229121, 1.743604805330733, -1.521742276800726, 0.1522392417814802, 1.247795092372814, -1.320335930423208, -0.9371320267501398, -1.998076659334727, 1.102155301288046, -2.060200322317844, 1.395085618079643, -1.093849623894072, 0.9184535624557592, -0.5795046776321283, -0.5294235040411135], "unit_log_population_eS": [-0.2737059593682192, 0.5129557058939884, -0.116136705225059, -0.0530794302338846, -0.2381014415274887, 0.4556455226774697, 0.2756809818588407, 0.0587561930280267, -0.1547994514112651, 0.1630794778551472, -0.3936420396935498, 0.880102478194399, -0.2041220112124765, -0.4488643244031342, 0.0479988139754154], "unit_log_person_params": [0.0779413556115475, 0.5891331356654734, 1.06622543716439, 0.2155537865429581, -1.406572835636192, 0.034976330813564, 0.2215111960970324, 0.5726779968175382, -1.209903260988308, 0.411532405324707, 0.6604612539960838, -1.870268343470322, -0.2784950839759198, -0.5216358117667845, 1.301833087905926, 0.3421710524503128, 0.1992780162260854, -0.0051308773994451, 0.8465567287926328, -0.2984214406684438, 0.0533083703157432, -1.746279750323422, 0.0563641990180064, 0.4974544688344156, 0.8892260682311544, -0.0195767541328413, -0.037176022893974, 0.2303302121964752, -0.4921097203426286, 0.406983164443205, -0.5402259743937097, -0.2653604295330228, -0.0958995289909145, 0.3168911888893807, -1.563062811155198, -0.2209232091345869, 1.295712193965663, -0.3373651908260238, -0.7856319492290631, 0.4047504388111773, -0.85316176110885, -1.275504418419953, 0.75283054193815, -1.039527293386778, -0.8354284975634044, 1.084508430015227, 0.4076420162813621, -1.355404632537495, -0.3383239119449786, -0.5288955784846272, -0.6374713114684484, -0.2481524295081928, 0.7251760381310322, 0.3272838710916124, -2.303902991595898, 2.43950899974816, -0.5466046545889065, 0.5482660455552684, 0.8326892931489183, -2.202552226677778, -0.7698911535986143, 0.932362714253562, -0.449860101355928, 0.7217957310720916, 0.8542301302852138, -0.4798567915324304, 0.0965650170806411, -0.2758605694493864, -0.1307951292477163, -1.119209583360874, 1.18229975615886, -0.0410041038658497, -2.03972442936753, -0.6487012435269147, -0.8292976751152312, -2.42116784434423, -0.3388413880037977, -1.44865250773983, -0.563181078177472, -0.7199605549576363, -0.7787016389901485, 0.5429764448886041, 0.4486115239618163, 0.3352630579715089, 0.8768149014548063, 0.6390663199524905, -1.384750473854867, 1.411000930429772, -0.9217044001962534, 0.5171887611719946], "noise": [0.1517790200381117, 0.1834442412322434]}