{"unit_log_population_eM": [1.351129352594577, -0.3125283673906717, -0.4176449536137753, 0.99121790699292, -0.1013587751764637, 0.0479250658765061, -1.781045216593824, -0.0730939669967313, 1.376632586090035, -3.285113252850953, 1.771476423344461, -0.8004230540789602, -2.246036172235124, -0.8916441223926883, -1.06966646018173], "unit_log_population_eS": [-0.2215238749451002, 0.5137054371504887, 0.0061297893300203, 0.3869146802163577, -0.1812284813078357, 0.195865487644905, 0.4505306952586065, -0.2808949305618455, -0.2296852629828016, -0.1309777583687277, -0.3175142723636568, 0.5685176915382056, -0.1367447817551255, 0.0379130032235734, 0.0550397708423106], "unit_log_person_params": [-1.173945007660068, 0.105207429280401, -0.7354090882562362, 0.2450738594314878, -0.2285119654838688, 0.5246431301093913, 0.7836050570649206, 0.0109324246457718, 1.165525153428358, 1.207107118718433, -1.354512684183603, -1.594806943193773, -1.198092141574352, -0.5020539480362145, 0.4769717966777001, -0.2573542200027236, 0.2437283220177687, -0.4498183926000787, -0.6222881214002741, -0.3323364390602392, -0.6092278412547836, 0.0132474658853832, -0.4487233708579847, 1.097113239253344, 0.2090965795459604, -1.660972583396297, 1.487301455400755, 0.4068118151531971, 1.305028009974852, 0.3415719635206451, -1.05452174817276, 1.008626128658797, 0.5404073538740026, -0.1033488404659359, -1.007066906377717, -0.0233854393477683, 2.025188893392212, -0.0074015358623595, 0.3098193879535693, 0.6523774747943133, 0.5668916595827916, 1.094892580580284, -0.9888038886529982, -0.9188967898822408, 0.0624709483176755, 0.0189360872468504, 0.8909432789857937, 0.0401986028109485, -0.5016421219650747, -0.7900470962239903, -0.9298619457561228, -0.9636102195913974, 0.2411986293253355, -1.156968827550071, 0.0578049556557291, 0.0371533303861463, -1.626828643295308, -0.5668287135032252, 0.2772366871357498, 0.1415134791239629, -0.4743976656198415, -0.2618410271325168, -0.1916491182895911, -0.4143201763819707, 0.8348343690196703, -0.5352838746304075, -0.0692748459936841, -0.7458165677177033, -0.5998848501466194, -1.366138935755254, 1.095980048882357, -0.4576892622546004, -1.015754535695307, -0.3635775528873865, 0.9588004932890696, 1.139580895866974, 0.6775120092371346, -0.2227501828409097, -0.0157732006580328, 0.8006890490514154, 0.0531608932468489, -0.2120650280119851, 0.9608250014472568, 0.6175317915921842, 0.1306750591518564, 1.273208131321105, 0.4036653508410613, -1.399072767786132, -0.5687752374548433, 1.327412906590371], "noise": [0.1429340195651225, 0.1878286239267389]}