{"unit_log_population_eM": [0.9512819737130648, -0.6267160643438787, -0.364131312023395, 0.3414818223803642, 2.005258705933285, -1.366311037555729, 0.4128826655153754, -1.955947303693978, 1.027128681181074, -4.199085228419729, 1.428933164605271, -1.341543137505619, 1.053431939779384, -0.5621666947543604, -0.0404957956953054], "unit_log_population_eS": [-0.1621002792661808, 0.025473256212541, 0.2359416760642488, -0.293838666645781, -0.0462593086483419, 0.1677213616746307, 1.072737314561871, 0.817107588460239, -0.792644050843717, 0.09623915604619, -0.3863670542561101, 0.0618755206275285, 0.2991634379952512, -0.5510369075293612, -0.1277578722142831], "unit_log_person_params": [-0.2204961741077657, 0.7058374757642006, 0.511289825388159, 0.1312832070114009, -0.1571886028865697, 0.6608822334514182, -0.6534481502124203, -0.394492884626966, 0.644344603583073, 0.8822531077759126, 1.384804907088979, -1.587504776545067, -0.544135743089037, 0.0562223788211768, 0.5149689161445132, 0.645461063438641, 0.9082526178718816, -0.598234828249477, 0.3549155263994727, -0.3754620187611526, -1.050042011335534, -0.322091936831703, -0.8636290329876546, 1.87580862226261, -0.1132962346223805, -0.2249361863532333, 0.3215317585751394, 0.3710891456221645, -0.1144193513489341, 0.9752721170385046, -0.3851923737805158, 0.8451481907835698, 0.3931775846301328, 0.468790251707692, -0.7326891726612987, 0.065137292019593, -0.0840447538527104, -0.2003551312495519, 0.0319787212941569, -1.079859701440179, 0.7192076136274665, -0.67633100203361, -0.1947422753486482, 0.5968009481466668, 0.007090364579311, 0.7953362334023477, -1.246318186478883, 0.2233631948462034, -0.0830216664222762, -0.5170284121621691, -0.7232690654721686, 0.0262115816968057, 0.2431121107361725, 0.213834980895677, -0.8625560202371486, -0.1866727937537934, 0.1866844770505506, -0.0391953382398138, 0.7122815794687349, 0.5974382284021214, -0.6819641609852599, 0.4155909518757635, -0.3633847315810718, 1.156937305509641, 1.920382853804655, -0.4521858202224759, 0.2539618296160008, -0.431720565729295, -1.181747311744551, -1.755045882290885, 1.897731812150253, -0.2226530145923172, -0.4734919568298661, 0.4929349703139554, 0.0786980635502871, -0.569921632928041, 0.4183346113184508, -0.7518584830948691, 0.2130906883609844, -0.7729928555238537, -0.7386769601621588, 1.343444525207472, 1.522420873049916, 0.2593600891642478, -0.2778501299507343, 0.2025602523996553, -0.7670335246852348, -0.1204785794769398, -0.1939600089166678, -0.921995861448952], "noise": [0.1475473990694755, 0.1687861765295436]}