{"unit_log_population_eM": [0.1633671614837692, 0.9009012471546712, -0.2225038315763854, 0.5130616542602461, 0.2388545490251409, -0.7262742722236358, -0.6635746338254522, 0.4637914059702359, 1.423282036237885, -3.685705095541168, 0.7130682506747413, -1.443859244400512, -0.1560511858682059, -0.0881992925812262, 0.4451138179296968], "unit_log_population_eS": [-0.2899746676669117, -0.0192062418298826, -0.0888097916273945, 0.3358161285223935, 0.3996819241373898, 0.3031664307293472, -0.3441813774107566, 0.104148284031563, 0.0186033559979251, 0.6967108081769957, 0.2839097897943841, 0.5050805040460695, 0.2763773417888672, -0.256726503677025, 0.2787046384122558], "unit_log_person_params": [1.049612624339062, 0.5118828286324296, 0.98589023624277, 0.3973303075187554, 1.14596806705963, -0.1606263459592171, 0.515996717344578, 1.626839690853508, 0.1956268108678595, 0.2720797312464623, -0.9684624307842798, 1.554050715137385, -0.1431196194797514, 0.3265394764391679, -0.1991439101860454, 0.4080483056975102, -0.0324738368648978, -0.5096408382344185, 0.5867377686014649, -1.521772122881865, -0.7165986414117708, -0.6433323192089999, -0.2769653553811805, 0.7628136096717484, 0.1519551707763439, -0.6129510384004112, 0.5673090198584957, 0.8159684766355354, -0.1631262492845921, -0.9052600931016952, -0.2798935182966997, -0.0571159997668757, -0.0474178457689275, -0.059872979171812, -0.8403956987873539, -0.5301689969711387, -1.57759024448064, 0.2766785833234287, -0.4328588937490696, 0.4330559375105861, -0.3876053310992064, 0.1847233585222901, -0.651250434783931, -0.0332134158145959, -0.6698744523913556, -0.3821802811037266, -0.6184167056147184, 1.066073358156708, -0.7949373615268791, -0.813903721674568, -1.004306646954398, -0.7764302223136252, 0.2548591703598768, -0.5305402768392996, -1.346089609448734, -1.200652280897929, -0.610883431898891, 0.982451107140216, -0.7076283025493407, 0.7013803189140416, 0.1400824243039727, 0.5073335144237122, 0.4650339851071483, 0.9199267300301912, 1.8546302903778, 0.0242873931429655, 0.0409275518519386, -0.9272414572124787, -0.7263507591650005, -1.184536386018638, 1.645493871511156, -0.0943482162521461, 1.602736799152994, -1.105684885750419, -0.1549319386128293, 0.2494023307691038, 1.948250814929779, -0.9870701120875818, -0.3157876670379394, -1.16928109673837, 0.3129401917117927, -0.5726784571979514, -0.3288676600430168, 1.148819315970728, 0.3803247476939802, -0.0950387915268684, -0.0861217905604162, -1.139587818089913, -1.518473086615243, 0.07605638827349], "noise": [0.1449367469355188, 0.1757582615309471]}