{"unit_log_population_eM": [-0.2082534427251093, 1.045745768622481, 0.2083960587764852, -0.0707870338575744, 0.6929087767181276, 0.1202766846625338, 1.445462487366216, -0.107799010559062, 0.9915693052735044, -3.365718457070826, 1.664170093462685, -0.8982372605133503, -1.644498487151784, -0.0215104824766404, -0.4267433561907127], "unit_log_population_eS": [-0.0586781729782473, -0.1593091202730781, 0.4042584851105107, -0.290452251121515, -0.2660171809299509, -0.0427699769607872, 0.2563948978884097, 0.4359008432143036, -0.1801058015327161, 0.2969231627946837, 0.1187749267021734, 0.4262437041489101, 0.1402970849476325, -0.4086075354309481, -0.0247265775874627], "unit_log_person_params": [-0.890849031015454, 0.6404485970614394, 0.8480145645793878, 0.6788604363541574, -0.3640972567422591, -1.309679099486416, 1.357754905434744, 0.639835906342848, -0.5825958466768402, -0.0591215273227315, 0.7939245893952025, 0.6177351492115014, -1.261123897910244, 0.1049773086599069, 0.8726839649442758, -0.2548970645587353, 0.5671647433112066, -0.9924298036887472, -0.1474147961668333, -0.8045241942585782, -0.0361778952702936, -0.7893386721698354, -0.5083339797383083, -0.8764162420245432, -0.687115771018622, -0.3995970383531038, 1.192703557539193, 0.1361845181212918, -1.040415085516458, -0.9244938619791738, 0.4378764835817489, -0.4892206263347211, -0.8687951085982025, -0.6592622925778703, -2.226976901700292, 0.5064797131238332, 0.8459500269155119, -1.340519288913173, -0.196434571626012, 0.0012283664124946, -0.4612204081926693, 0.3918726340981729, -0.3177681613698227, -0.8323330984387752, 0.4503182449699795, 2.163286335257454, -0.7859648951452034, 0.1084812706403703, 0.3513352839540913, 0.4151614748090999, -0.401294935465135, -0.2250441264054572, 0.96103990175693, 0.8235616777786124, -0.1750813227236066, -0.6086128070736132, -0.8692067156972174, 0.2768866150171331, -0.8322669433363447, -1.698191087710237, 0.515384186535708, -0.1425072185964245, -0.4473383551626229, 0.1088020568206896, 1.125105831619071, 0.4438789592094424, -0.2194621193879494, -0.84568255098645, -1.047355397529381, -1.741140805117245, 1.211005423342376, -0.6427618864957355, 0.6228554934808673, 0.2090985529574548, -1.659075792557392, -1.156443444935239, 0.8293189113654988, -1.636244365620315, -1.560675884526334, -1.450827063936287, -0.6631522905103807, -1.835700107482716, -0.2691190926228409, -1.479557766524735, 0.4806926534998207, 1.039797801274174, 0.1324019869266761, 0.5830026982706069, -0.1201989247278606, -1.754495529786999], "noise": [0.1316530560360901, 0.1729462162133103]}