{"unit_log_population_eM": [0.3140853302978184, 0.4520214307292564, -1.062392058029852, 0.0813978432925768, -0.1995940282440752, -1.288547461279442, -1.038295611952903, 2.579699254335243, 0.940044570324914, -1.84236669506659, 1.407620366986373, -1.027081400671287, -0.6612901909058002, -0.6584432673457694, -0.6684442087498815], "unit_log_population_eS": [-0.444887267020758, -0.1984111289180196, -0.5673680100677757, -0.2060684479129911, 0.0729652191899474, -0.0940319625451663, 0.097213769107939, -0.1850190234448132, 0.1096755575488958, 0.0277695054745286, 0.1551789611103286, 0.417014328734903, -0.1055904370655019, -0.4462774147836873, 0.3267082878068951], "unit_log_person_params": [0.6143058086148011, -0.6551520226637577, -0.9641031825748512, 0.4659117944979518, -0.0382122432127774, -0.7606691214569831, -0.137107202811575, 0.6166637789184187, -0.5472126541898489, -0.8235230423129444, 0.19798906123761, 0.5689324016661843, -0.4807335694227027, -0.6620636017286887, 1.570330791462744, 0.5610189011946525, 0.468370738836861, -0.2078862446522215, 0.8695840148418998, 0.7238357215299718, -0.7590331771270745, -0.7383966960895118, 0.3751710613806976, 0.9578461531901944, 0.6520337784657095, 0.8484806496414308, 0.4291089699729436, -0.6919510926406052, 0.6836707057811532, -2.471143682849074, -0.961901982704602, -0.8259638826173992, -0.4520309981055237, -0.3666310393971075, -0.6590146140243974, -1.02645790302589, 0.0038071194131788, 0.4704891863514567, 0.3925663069095339, -0.245935204586264, 0.1296098810135953, -0.1687179670506635, 1.358188310804201, -0.1047943947422207, 0.1544572844893346, -1.827118357794273, 0.5446151614346135, 0.481113957825609, -0.0037648080130924, 0.3435668630402235, 0.597137408641872, -0.2438680030191984, 1.047837069317855, 0.3209903832657247, -0.1440216072924738, 0.6815656093832487, 1.003850051286703, -1.180656630265728, -1.10533169663334, -2.235810901104561, 0.3245550070572059, -0.4620776858996199, -0.6831530704678982, 0.2471418961448193, 1.043968635685073, -0.5651352620846232, 0.2677130860711806, 0.2052108033658689, -0.4253126651516039, -1.235583681983107, 1.788907687780409, -0.065205440801045, 1.786655360188991, -0.8803965060710309, -1.072431070297162, 0.0785745762522486, -0.0643309246911267, -0.4473165240991102, -1.379425618822058, -0.4868859926543052, 0.575012331916977, -0.2186446200025493, 1.530641656878626, -0.2182149597668471, 1.151066320294835, -1.104517933595686, -0.1112603425135329, 0.7022615279110213, 0.3993719920655832, 0.8593686414854208], "noise": [0.1274302091178849, 0.1916116726126915]}