{"unit_log_population_eM": [1.304731424188977, 0.90376745240515, -0.9859915928816264, 0.2655653642715687, 1.57155036123484, -0.1403095636142646, -0.5422131595440944, 1.205024285186259, 0.929182156097076, -4.757188306412432, 1.347123822784125, -1.172630152399024, -1.036188357668176, -0.9168635020818362, -0.9904859794662066], "unit_log_population_eS": [0.2135663774809844, 0.0134834897142823, 0.6355740608444466, 0.8808353152253039, 0.0023293477452585, 0.8224289494670607, -0.2103188574235855, -0.1981739395625778, 0.0739210625769018, -0.1452480236269976, 0.1076621347927368, 0.1345433085904449, 0.0246978763863004, -0.1058139092992054, -0.155156854188207], "unit_log_person_params": [-0.2034409844963267, 0.5954004100341671, 0.4360371277341425, -1.502898243970786, 0.2226466520270037, -1.195562341158095, 0.314107463024469, 0.3276708239157184, -0.4609079560469159, 1.235167398266936, -1.413292930474492, -0.1413154921071925, -0.265438436925407, 0.5510840316066825, 0.3706163336196683, -0.4727578975894483, 0.5846771873937067, -0.0767554938862547, 0.1773883374736454, 0.0472512444789142, 0.2617243728384689, -0.2513227089417988, -0.0700249114945995, 1.124773053233932, -0.6781868777114255, 0.7946372658311329, -0.5505529670265268, 0.1972449929847633, -0.5724377643152845, -0.0400273168201353, 0.2521350541423735, -0.6919721666153789, -0.5052548769677301, 0.0771708649701399, -0.1986582945918525, 0.0385696226269274, -0.141353098645778, -1.430370455564, 1.345644201984787, 0.360611396420435, -1.015413484476858, -0.5894341636559643, 0.7172241328013604, 0.8794343870607534, 0.2536726388992494, 0.4699128195551814, -1.151362421292092, -0.664372378613258, 0.0763150329357919, 0.1396110808509869, 0.0101292131250365, 0.4296237371174824, 0.5148763763021621, 0.235740183069487, -0.0854237581681139, -0.751344143986109, -0.9968568016078097, 1.659239657440608, -1.310699237316289, -0.2738809587279618, 0.5838932590150516, -0.9228161116933518, -0.4812683087217935, 0.2333758504041313, 1.4235917498796, -0.9566972893900556, -0.4128974038692511, -1.152788710949254, -0.9590775865677984, -1.126515375948236, 1.889137029433595, 0.8865204625208681, 0.7332308329237097, -0.6449766666106211, 1.632192794347849, 0.1792793707804566, -0.6597276781773154, -0.3522571920957419, -0.0564297312634963, -0.8697831202899898, -0.6006572547088287, 0.6759508389488901, 1.129649289165355, 0.3586603909452332, 2.04308562702601, 1.411508708275229, 0.232201458539753, 0.379493204769317, 0.980968180007684, 0.2081224826357831], "noise": [0.1423287627581502, 0.1828422306910193]}