{"unit_log_population_eM": [0.0710825345894469, 0.8685148467839383, -0.5170404708144649, -0.1586912722246873, -1.409213154193523, -1.007492729551421, 1.25241562064637, -1.313731680531605, 1.216368607553497, -2.293175882159652, 0.8981718886192592, -1.642400402867061, -2.581107590247564, -0.3603938378960212, -0.4592803373802917], "unit_log_population_eS": [0.200295176302748, 0.4343673028041644, 0.0598661635846793, 0.0198050559932996, 0.5929939573828443, -0.0797705325570672, 0.2336091153255535, 0.4097416705215587, 0.0199397148790267, 0.1764873144121816, -0.0188227843916016, 0.0734200808945186, 0.2562961107250684, -0.2916556043389428, -0.2933681264077641], "unit_log_person_params": [-0.1631415672042712, 0.3018511465690852, 0.734203425951829, 0.7638673622227642, 0.6191769887706722, -0.8612248901848664, 0.6513866064604655, 0.2681156696999267, -0.1985904087655943, -1.024818747861958, -0.9339217464977309, -0.2934028945366994, 0.2591048241562828, -0.3003082067694915, 0.0274070960135601, -0.5215901762355815, 0.2954647145116638, -0.7796126871781687, 0.3235989245549354, -1.020848463520876, -0.6952836037569703, -0.6468108080207344, 0.7131564834358375, 1.008667418685412, 1.193692639244748, 0.1566758997835106, 1.641508848535808, 0.7394269729635734, 0.6315320891119837, -1.381551970254346, -0.7026525230946642, -0.7263192259024461, -0.8340040604554257, 0.9557633069618836, -0.4449066540998968, 0.4625165295656581, -0.1321472467102809, -0.3901909815863235, 0.7358131505544987, -1.054112618895034, 0.998641417527417, 2.476882530309635, -0.3163925629023034, -0.9514507853783936, -0.2637899472939354, 0.0846027747678948, -0.4365543464807829, 0.5559070465167966, -0.1540958113295516, -0.1944602618416204, -0.6761345576070692, -1.108335109256702, 0.2475345429589302, -0.3994402512984341, 0.973146136601584, 0.5860806388694481, -0.0091701136025996, -0.7486322061630261, 0.1712697183256502, -0.8528660449655721, 0.9280990584303094, 0.545071872174882, 0.3507680540152196, 1.093227145051434, 1.287582883227157, 0.2916860436885917, 0.636913799734792, -0.1172096785535715, -0.0235158317790146, -1.734245051668167, 2.481266558644369, 0.1509899755553185, 0.480471223388302, -0.217036543970206, 0.92776131574218, -0.3070299308957755, -0.2718224549733833, 0.0859455663287768, -0.2445184671633976, 0.3129538526917227, 0.1824983546576727, -1.426902497928122, 1.479172649509912, 0.3087058275466664, -0.3648058204563324, 1.251282889064974, 1.386812967158681, 0.5363899377189263, -0.6434335311427987, -0.3211684017968122], "noise": [0.1416082262416235, 0.1930376120915505]}