{"unit_log_population_eM": [-0.9905307998707444, 1.384306131025038, -1.616312195086201, -1.213732798002961, -0.3805262960287881, -1.360802776118436, 0.1375202682395347, -1.697311994838969, 1.277090221794359, -2.231883793295517, 1.453016444173443, -0.766967472042723, -1.652893100945381, -0.8302800362987581, -1.102278903162903], "unit_log_population_eS": [-0.0011346178135157, -0.2241486215819797, -0.3630936783557601, -0.2007274444207839, 0.0330726599497672, 0.2757938394866998, 0.3303672126520494, -0.0246725622617374, -0.5775643772703809, 0.1565956878105684, 0.5580552937488682, 0.560468262719363, 0.1769683636375638, -0.4010373687426789, -0.2173738249957693], "unit_log_person_params": [0.0032783068197146, 0.6694392618039722, -0.404226758247709, 0.6859130846319776, 0.033190648013801, -0.8800925238253577, -0.8235361448559774, -0.2459190650173127, 0.0546279908471707, 0.4120608149921826, 1.783315875472009, -0.8172210869485148, 0.2522997515469583, -0.9668476358330086, 1.179906036138167, -0.6345174089709498, -0.2779767611483094, -1.62215339505211, 0.6351076949764543, -0.4044886339077512, -1.127044427489541, 0.1331220552452947, 0.3182695485104576, 1.809336244706057, 0.0225841914149198, 0.8915912107240447, 0.0598925155208722, 0.1002136355676816, 1.123192869280503, 0.1301118244431727, 0.4641090614664936, 0.0195026423737415, 0.7161159058380085, -0.3865259485199, 0.3709392700312603, -0.2837731300922151, 0.4347478086452976, 1.729112303076377, -1.622647117313307, -1.261505326238663, -0.9830234212642625, -0.7106387579570695, 1.318058066057397, -0.2235651382415539, -0.1933261062559507, -0.3370984336442612, -0.0658931651293703, 0.8008138806644265, -0.871949703609238, -0.1500302438443285, -0.8348415588920789, -0.9141980757205136, -0.0303335663238603, -0.4746455919877484, -0.2915579961117092, -0.4273875145548056, -0.1225492925945873, 1.5935578873366, -1.30055651243536, -0.151803370940427, 0.3786054196316919, -0.384787392394874, 0.1811678479884077, -0.0496587439763521, 0.8530724904986462, 0.0600566629329476, 0.3816670714684151, -0.8547663971114461, -0.3956156407310237, -1.340069806409227, 0.9898903790700744, 0.0669966681870266, 0.6094953379333755, -1.1723398753034, 0.1765953962363778, -0.1492361369718157, -0.1734629828537643, 0.438543290616353, -0.2008230302937102, 0.2786923732311303, 0.4375828732989493, -0.624229601348384, 0.8994221914499424, 0.0771877873419785, 1.754156313381725, 0.5406411898555521, 0.4840335829861915, -1.325323918930489, -0.3583873693461473, 0.2563527499075015], "noise": [0.1239697742500589, 0.1852534753954336]}