{"unit_log_population_eM": [-0.3837547809203015, 1.463587905180968, -0.6744287301407492, 0.2041409857756784, 1.617811817134489, -1.044652119877043, 0.1377232024852338, 0.8239106673952237, 0.9642652857333848, -3.718720052246657, 1.030773342802868, -0.8663940437616616, -0.0538782132501452, -0.9175339162919544, -0.8672670104439254], "unit_log_population_eS": [-0.4652906444645759, 0.065850275221862, 0.1469287394646236, 0.1160081487053416, 0.4043018410846255, -0.1171697335238701, 0.4202670621439195, -0.156941172801971, -0.3196573868717794, 0.0406827339389662, -0.5013903684563952, 0.1192752408480778, 0.0622926561606818, -0.1708212391722226, 0.1068046963652109], "unit_log_person_params": [1.917994405105664, 1.644573473897324, 0.1217948484420856, 0.2633346698489229, 1.048305594852576, -0.1207584425468537, -0.941623803782536, 1.656909119668525, 0.4841492057230584, -0.1635275644811749, 0.1733409109171508, -1.610585629825702, -0.4241169617241387, 0.4996846988497207, -0.7693233475986062, -0.3037102996206305, -0.964409407248942, -0.261362401385164, 0.8500699892713038, 0.0155572176616936, -0.9740684443780272, -0.3298105473217511, 0.4736813490043237, 0.8972846433975169, -0.170398896524574, 1.542298386298167, 0.4147152640322455, 0.0482113652149534, 1.259909734684378, -0.3640232261872039, -0.4408068125556904, 0.2611974075514939, -0.24282045740884, -0.2311954429959038, -1.313751872925939, -0.3325170821874158, -0.3367139082793664, 1.83420819627211, -1.085858858450446, -1.261231110951889, -0.5328099391393881, 0.3446057460706697, -0.9828882446893872, 0.8872813618222827, -0.3939443067541146, -0.9881172452278356, -0.8175747607441345, 1.611411821171432, -0.0952073193922308, 0.2844168180929432, 0.6266239584165746, -0.7516625650416536, 1.354586980121582, 0.4942348191182258, -0.076767310756059, -0.1161617536536083, -0.6215076932647908, -0.1094298068625908, 0.5164359446254828, -1.198271513179641, 0.6290713130125692, 0.9380355796517132, 0.055225646668105, 0.4258920040399375, 1.48983455883161, 1.292715275812578, 0.1202284379553173, -1.417048505226921, -0.4972023435352633, -1.454211992130131, 2.012657710146317, 0.0912178260913254, -0.286147908928388, -0.6845944624543424, 0.5941872915593713, 0.6519740214261768, -0.8888765783319391, 0.0634833513893967, -0.5918419699815568, -0.7612368413921929, -1.037819375005862, 0.1602658618739206, 1.249697172238101, -0.0864434350907927, -0.412531900680911, -0.7756798022742074, -2.465069369050921, 0.3093752779856144, -0.49321494174844, 0.1387990971592072], "noise": [0.1723896839290015, 0.1868526081154991]}