{"unit_log_population_eM": [-0.2481710915316727, 1.105361754037553, 0.0103266856234845, 0.4802473657751029, -0.1081791044345776, -1.025451211179633, 1.699336258433018, -0.6918876981409307, 0.9828260882025148, -3.330887345817274, 1.25531019670548, -0.0490155389480525, -1.52799083070647, -0.7717068280143484, -1.016560390469103], "unit_log_population_eS": [0.2475319369812038, -0.7035451822020243, -0.2402657715323545, -0.1355405630066734, 0.2054413039504196, -0.6778391872585494, 0.027468436051207, 0.1714583548873324, -0.5464346014416881, -0.3885499833104437, 0.203688507459886, 0.4836445694748813, -0.037343088370109, -0.6521688416176834, 0.5752886779128169], "unit_log_person_params": [0.5649696496022035, 0.9772730250221608, 0.5261819873478776, 1.220725560536122, 0.6865512588572302, -0.586833062866523, 0.751564976073457, -0.5563198182959234, 0.5704386841731396, -0.9381614481265388, 0.1497070740967744, -0.4512802256845351, -0.4248464642358253, 0.4806886267820974, -0.1818595914549415, 0.2298761923141656, -0.338966689795882, -1.556969839082349, -0.4480295281694966, -0.3130580566014469, -0.9209862806753412, 0.0746345212041726, -0.044156842069806, 1.511918082642489, -1.314369050085229, -0.3764506138712505, -0.1919258199330796, -1.009140413063693, -0.0195210537090238, 0.6504995405224421, 0.421004019748036, -0.1456362075136912, -0.1413356173250467, 0.5674667279105464, 0.0035625447994432, -0.332890126525729, -0.0062383802747333, 0.1009991570797499, 1.113090128341758, -1.635060524491191, -0.1935279579427507, 1.57260636061961, 1.753390644847954, 0.0334300418461862, -1.68963691468952, 0.6641925256164554, -0.2240479928485506, 1.010866623366453, -0.4392130208186601, 0.328741412917982, 0.4351477165662515, -0.1665490416874839, 0.8114893162142404, 1.013024969870589, -1.193182531659734, -0.8454967970766634, -0.6281179440519755, -0.3140495157752815, -0.4422345387940478, -1.994274656162808, 1.008633789771502, 0.4949062667046906, -0.0502583036692322, 0.3656515890856196, 1.524615248538997, 0.0134766544731623, -1.118840452858556, -1.568018238284152, -1.319371631776305, -2.120711119492058, 0.5360327577877194, -0.6414197811997009, -1.430520969249119, 0.2388606443012701, -0.6334953311965532, 0.7141810029949078, -0.5685159435998354, -0.6676887172573903, -0.8215368170701467, -0.2505527291608167, -0.0760546364190661, -0.4653635348815437, 1.218900736743113, 0.2080729868036053, 0.5762782724295845, 0.4325470394563754, -1.276711965966931, 0.0161079664118508, -0.3563924579496008, -0.2056487321914457], "noise": [0.1438860667003531, 0.1945255096485186]}