{"unit_log_population_eM": [-0.8278014333645277, 1.059179857996571, -0.508356421086669, -0.669541810361276, 2.020738204840961, -0.7030153183031798, 1.065689973514766, 0.3373774341581458, 1.059796562897449, -2.690030192004172, 1.475200127096223, -0.9724825626876412, -1.488266298983027, -0.1332881146773648, 0.0019170636304564], "unit_log_population_eS": [0.0083506243919464, 0.1087119709172756, 0.5073255052687295, -0.0373173288240245, 0.3894009553620528, -0.0015219660061572, -0.564689857512335, 0.1434132359623322, 0.1506367268114124, -0.3367491180686862, -0.3016797664609467, 0.8430405253988327, 0.1626333209756778, -0.2136482592923806, 0.0292183857019487], "unit_log_person_params": [1.391143305576383, -0.2605012892423422, 2.112913828931717, 1.53816226036117, 1.031702939973406, 0.8788093012268468, -0.1902437724736292, 0.685861098920864, -0.803584911475308, -0.5269798709477623, -0.0748877772812142, -0.4066052486633607, -1.380211702783387, 0.1287519407016833, -0.3653579683812972, -0.5596484351272838, -0.275487614336404, -0.5794005032560556, 0.7141450315424974, -1.183445705715501, 0.8527709511061851, -1.356771858549273, 0.1405502626008968, 1.260832232919731, -0.1855612367013891, -1.012296800087986, -0.6621125861187198, -1.275830648134847, 1.061001755810479, -0.785244424667816, -0.2122055490767983, -0.0510832105699088, 0.8357105342605602, 0.4322433582194379, -0.9290914661692816, -1.398317938250016, 1.119719386533359, -0.4517422905153788, -0.2467476103785018, 0.4372934146086934, -1.05281226597327, 0.4200530910657939, -2.286531964996089, -1.531417991030198, -0.5464231803723855, -1.000649151351779, 0.7391611479906186, 1.815714136821066, 0.0745638313728812, -0.1297083237529338, -0.269825081616841, 0.3132232454476063, 0.534642591282887, -0.1588450049088685, 0.4150605424547799, 0.8455653068712854, 0.5859636961551828, -1.116559183650625, 0.7349518404865886, -0.4008352928751203, -0.1177230559061207, 1.289990782998244, -1.836980217646366, -0.0831142500346201, 1.126765850315995, -0.7674226707545067, -0.0610457426625334, -0.373994616772709, -0.7548826546382341, -1.491497653140164, 0.7807406151739483, -0.4395500140690428, 1.667811753442406, -1.292333354969129, -0.8072886974843182, 1.577670085424391, -0.6640967945780247, -0.3703663513945351, -0.7261240108494281, 0.0249343180699152, 0.7261170625662401, 0.1139001452632974, 1.487748930880614, 0.449035599060273, -0.0641924865545743, -0.6383618563436778, 1.33251755803041, 1.104272983394948, 0.4848961962751054, 1.155867316014326], "noise": [0.1488634455260042, 0.1834011347724972]}