{"unit_log_population_eM": [0.5407752349859055, 0.2097568510306151, -0.3624346073008874, 0.0656183908461023, 0.4397058041908838, -0.8774103891811198, -0.6240244182262772, 1.349403495543539, 0.9681759600061296, -3.129789689707701, 1.182374687483803, -1.726140845307855, -1.32312323853682, -0.8433037025177819, -0.9195307807194256], "unit_log_population_eS": [-0.5713262776157164, 0.1794218054806965, -0.0536268489877859, -0.50049640284138, 0.0889358129126718, 0.0331551608713349, 0.9305934001777472, -0.0388102869405647, -0.1355379354638385, 0.8639273901410609, 0.0219603251944528, 0.3985611553827502, 0.5268381033398019, 0.2182568169426544, 0.0372816728512829], "unit_log_person_params": [-0.3909110418891507, 1.298942922678448, 0.3834969610158306, -0.5804267727460768, -1.003768866750291, -0.4634777396989334, 0.0866869988082503, -1.48930616290163, -1.096577554432741, 0.1776427630128124, 1.428254582270349, -0.943500979094531, -0.8155274660234111, 0.0647803652128899, 0.0238029037919614, 0.5421221246124118, 0.4699133474713706, -1.432048046432497, -0.1506442194823149, 0.0209462935618096, 1.214740896999961, 0.1109076476071094, -1.668122678634001, 1.793950391705501, -1.958868495474893, -1.990298188819974, -0.3148013000319608, -0.5411106475802606, -0.7309721705631422, 0.1101396328348636, 0.1098473241329188, -0.1506668984807451, -0.3778546299077971, -0.497408593649964, 0.0586084679274208, 0.2402819589310922, 0.6780148082213693, 0.856333875350251, 0.6676163953042916, 1.033147619176884, 0.645816186504241, -1.222391252677034, -0.6976643591800824, 0.1091981955051253, 0.5039326937558952, 0.7525754568588812, 0.3828283085116509, -1.322669092474906, -0.4532724177841315, -0.4453452189747203, -0.2442248679704377, -0.0099964868676701, 0.6634131430370349, 0.2267608754584248, -1.286418973765908, -0.3696587842282117, -0.0483916536854397, 0.3395797033844655, -0.9147622694995964, -2.856190952739002, 1.033560775544072, 0.6182575842761984, -0.8326934072804466, 0.5431144842344343, 3.155162356500981, 0.1078757880882913, 0.3056783270868063, 0.1405464803007377, 0.5541738252555816, -0.1398912244693626, 2.245960452807957, 0.6185888733927767, -1.368040842228753, 1.496538960673191, 1.105760609792747, -0.1612726066170965, 0.3882074181746689, 1.312458036927732, -0.4554816546765983, -1.231533709979007, -0.5173193280576183, -0.0324727082077805, 0.5785722699811314, -0.4615267181131315, -0.6926450296703969, 0.1320661185424319, -1.077087767543186, -1.438282639355537, 0.636585242715593, 0.1443307607764467], "noise": [0.1423146551818441, 0.1754199796186104]}