{"unit_log_population_eM": [0.9586504660112424, 1.1605449040896, -0.0001210869710892, -0.736800117536068, -0.8623746146353629, -0.8581689341540267, -1.46324385673006, 0.4561722167571803, 0.576941669010653, -3.094330333878726, 1.389366441925077, -0.311323771486861, -0.3218865883644734, -0.7459247749730482, -0.7323252497470918], "unit_log_population_eS": [-0.1957771728092023, 0.0100617117404605, -0.108389916256542, 0.6695061383813827, 0.2699596830793661, 0.9016783954312544, 0.0565175058427449, 0.8305920951304193, -0.3129290900677169, -0.1545503492840075, -0.052281921320786, 0.6508081863230283, -0.5525159844075891, -0.263286922561646, 0.0411840988119237], "unit_log_person_params": [-0.4504160430104379, -1.004179211515614, -0.763806728969794, -1.027903511024037, -0.540438214287944, -1.887237501120728, 1.053636462940357, -1.334888850156088, 0.5172372549737806, -0.4000794556910143, 0.4450211054342966, 0.1968390372541793, -1.206473812234637, 0.0361492104882354, -0.5129882185627913, -0.8249739574819442, -0.1501235941975731, -1.291035432572788, 0.7243385369297503, 0.0069839282590327, 0.3868093762866472, -0.2634344283442944, 0.4050878268879345, 1.207058529111145, 0.5137520931535439, -0.356677105838652, 0.2526804748662771, 0.0687691375862729, 0.8895825989363129, 0.3400470850056208, -1.35088181729649, -0.6981772994924579, -0.3266074561910642, -0.6286313933857804, -0.3926640650606531, -1.999584929061889, 1.103391807723092, 1.345216828247316, -2.250733091047199, -0.4540230241406066, 0.2885332141258836, 1.213647076313329, 0.1318872426078329, 0.3874774323864874, -1.457084598289065, -0.1965172138890229, 0.343379555175047, 0.8513572142563506, 0.7774186986883399, 1.359891007214718, 0.5983071923738009, 0.4692058903318655, 1.574625323370134, 1.311718132345687, 0.4824246913548115, 0.4422939621387536, -2.197871358234194, -2.073882318992692, -1.174583748904483, -0.2897950656966339, -0.1502689956121548, 0.4801442821695629, -0.636683372206897, -0.2395794954625529, 1.853183425216668, -0.8423861111452832, -0.9104007652150246, -0.680105538119492, -0.9451363484540511, -1.946836600782417, 0.5033266138529868, -0.4009502473209079, -0.3744896187784157, -0.5568891898221756, 0.5007986185560576, -1.188502035000285, 0.8983985728702585, 0.3206777397142738, -0.6039440826104392, -0.60387203725961, 0.4717128519075647, -0.5212163023437997, 0.6354932743517481, 0.5529545524331063, 0.7762164503954007, -0.2540298988431272, 0.7754424988643438, 0.3000102713944419, -0.0812300647991252, 1.334276327300761], "noise": [0.1480176070173549, 0.19964119995079]}