{"unit_log_population_eM": [0.5135952814541055, 0.1175110254451962, -0.5354464285749886, -0.3165309398296976, 1.007355684860471, -0.935681080216122, -0.7933487344966106, 0.4113650499584798, 1.043785534057424, -3.267568210239653, 1.339978022748123, -0.4394332490323523, -1.890643126019144, -0.8709118093437166, -1.017596420414262], "unit_log_population_eS": [-0.4204320230867301, 0.1976875923361759, 0.3969677155408251, 0.1024749018525061, -0.0031319563340613, -0.0424923703378848, -0.2736940182037819, -0.3726244106247241, -0.40332871153733, 0.5602950366310284, -0.083606892351406, 0.4924794736556155, 0.3214378999901932, -0.4027856674195149, 0.1660547406296391], "unit_log_person_params": [-0.022894322914593, 1.804904088857821, 0.7251355818950382, 0.444168708888685, 0.315075330286216, 0.3568760359727836, -0.4374946757860358, -0.840520601022333, -0.540308338950501, -0.9533429284770664, 0.1992280649689905, -0.8230296482464695, -0.8253125853298383, 0.4393881096431436, -0.9029381216046498, -0.2918910519127804, -0.2991115458845287, -0.6452291445710049, 0.371633570728915, -0.1735924569020815, 0.7111231446262191, -0.2293888212351866, -0.4093650803787512, 2.185023905642165, -1.299286256676324, 1.262786055929927, -0.557526470087516, 0.9739769838190876, 0.303978380654202, -0.7757895419314755, 0.0773181108039097, -1.409431970449946, 0.7651138454955547, -0.1106442687911308, -0.29234689233355, -0.3195498620327081, -0.8983768426494079, -0.8583048683359605, 0.1697624557146096, 0.7609018231967735, 0.1699674485038366, -0.7765209849941904, 1.721412712838259, 0.2680893056661736, -0.7940358491199325, 0.2520191969387412, 0.2362893455179474, 0.2516287723529028, -0.7653559547917816, -0.0986143290565575, -0.3056302585002511, -0.7990481661804152, 0.834722296111457, 0.1422891893203481, -1.015912941327387, -0.940783940623627, 0.97578921786918, -0.4723780794041674, -0.0081748405609425, 0.406956461615847, 0.6248532422364514, -0.573271697748572, -0.1791572918563271, -0.1909474004706296, 2.48622324840787, -0.5043047568926662, -0.5420125216472551, -1.461954586774135, -0.7540544230330102, -1.88362703979249, 0.4247422299731669, -0.6726879688994901, 0.3841284943670124, -1.435738173498529, -0.5091215549237064, 0.8217557673486499, -0.2592899832387899, 0.1144190210865112, -0.0322727706362983, -0.669795224577766, 0.6830343501777091, -0.213515011553151, 2.336495840450333, 0.6400072179258196, 1.430535691996894, -0.6357391044142497, -0.3243742515284476, 1.020292755709375, 0.971536463736578, 0.873261501668908], "noise": [0.1438916475915247, 0.158091232535221]}