{"unit_log_population_eM": [0.9227448618689672, -0.0245637195295577, 0.1325387840844094, 0.3436543671083923, 0.47437360401506, -1.58544738357771, -0.3395448937791494, -0.5532308039909196, 1.057617759935105, -3.272283603261603, 1.470076651111421, -1.199965283871513, -1.295680034770474, -0.8346101914955532, -1.063180708682376], "unit_log_population_eS": [-0.2702090236020977, -0.0358148008723835, -0.4327655152284066, -0.0393547906531193, -0.1213168610102145, 0.2142713058757921, 0.1452201265154146, -0.0525012972932181, 0.0292154916017719, 0.5278216794231754, -0.478181273334236, -0.0666292283989474, 0.1180604247083289, -0.142242839179419, -0.215839411762376], "unit_log_person_params": [-0.1098654835306635, 0.7282829185684516, 0.2301944399287261, -0.6734534810834603, -0.884275689491448, -1.61732920207656, 1.504894888997193, 0.4684641503606597, -0.091713090200896, 1.245544776911078, -0.1257316237060763, 1.424293301734274, -1.092668183089753, 0.482261749297571, 0.8390557974649273, -1.291056799046931, 1.164028559105274, -0.8767475855084641, 0.7993908239518528, -0.7316611303650298, -0.0135858449331177, -0.5377521125894027, -0.8036582059816852, 0.6608440740871466, -0.988463214100087, 0.915964049200906, 0.551041085676228, 1.282319376445687, -0.6212263974793083, 0.1062184554688687, -0.3712997475943224, 0.3972620538447916, -0.5460836176434931, 0.3052021613524247, -1.580951905896616, 0.1732614946126789, 1.478104875418989, -1.901040528681732, 1.190840160795971, 0.0314839037980407, 1.326729203911031, 0.5211374722772082, -2.851572794291046, 1.179555804993429, 1.086077918418335, -0.5474117883811588, -0.1854935722154262, 0.7122264425545901, -0.3890479753618882, -0.0365582612194672, -0.1639012967049878, 0.051545272198379, 0.8751650993171993, 0.25867854970862, -0.6816446022864122, -0.8761420333348005, -0.104511854440681, -0.4027436557772386, 0.2948245324036309, -0.8243324450993779, -0.6200148676081556, 0.4311670556582072, -0.4337887700875404, -0.5902033296105308, 1.199961934751586, -0.0572647626041891, -0.1334629802130284, -1.023694569521178, -0.1634300098502409, -1.489925147788137, 2.580267051740609, 0.2036492097429451, 0.9426921065985672, -0.7346128090959545, 0.0095433257927233, -0.1105774729304452, 0.9317435522251836, 0.3471921707133585, -1.043645979149714, -0.4341679397496072, -0.2173207118692013, 0.1428349599688638, 1.422083485603953, -0.5354784595228972, 0.3395152597062331, 0.4472688076505098, -0.7740066987148938, -0.4006431184048422, 1.784854972491634, 0.2377099243402811], "noise": [0.152277063771571, 0.168962258682265]}