{"unit_log_population_eM": [0.7078594515857173, -0.301274283793713, -0.2767344661357463, 0.6037504540542133, -0.1132496579922154, -0.8091066080056735, -0.1487421086194667, -0.32855259763068, 1.219862212571445, -2.538046722283117, 1.749738082776263, -0.5267235598887389, -2.316415626653215, -0.735210890717518, -0.7641413868252983], "unit_log_population_eS": [-0.2098288550948165, -0.1705958567598769, -0.4985229359047683, -0.1130536686969622, 0.3007769433274091, -0.1652578427709838, 0.2403088192621111, 0.5285909257262396, -0.2325297261940107, 0.4029189391887507, 0.1772152903752155, 0.2481924346661313, 0.3007363868886776, 0.1050476710088138, 0.4822399995389881], "unit_log_person_params": [0.4039678035234262, 0.946359922840288, -0.0766506084692271, 1.626547805008689, 0.1093102346023156, 0.2167182789004977, -0.5550997194145852, 0.0329959761476573, -0.9094899563024532, -0.1394479048714022, 0.4870090603814545, -0.7711565266007311, 1.503961994840604, -0.4332447202612013, -0.3010087331547012, 0.1316703400322257, -0.4431736816642863, 0.2662267126963135, 0.5600224232240307, 0.0694466593295156, 0.3026067497854419, -0.8409444081041106, -0.4457507490976489, 1.150259106041948, 1.060903636603601, -0.6380900670012452, 1.270072356135836, 1.220909729290903, -0.3460354996785719, -0.7810501727706336, -1.022473759065738, 0.496938196965089, -0.4230165436565574, -1.932272901426735, -0.2167269879029797, -0.5930431679421232, 0.98384546856455, 0.7488486885115259, 0.6663653167216552, -0.8863135746331817, -1.421690535026733, 0.2674554901319196, 0.5253185023264417, -0.1396419213582233, -0.6471965485662078, -0.6419769821638859, 1.48110847251295, 0.2770931161276578, -0.1696119344916712, -0.2957540020632077, -0.993864241173248, -0.7959255696511154, 0.4929981707855218, -0.7191048450667814, -0.6822558160813939, -0.1190979369708902, 2.171214458525787, 0.8502690333145341, -0.4098224083499671, -0.6744516555327202, -0.3461698415508375, -0.5378199806676902, -0.7436879672724543, -1.160398353841993, 1.415777897100809, -0.4146439079884501, -0.457483568653673, -1.247414699396462, -0.9178750291359482, -2.845183366957057, 1.453412435467772, -0.4367044391916536, -0.0754079653232763, 0.4219818606553394, -0.0829074071895314, -0.1412160494213776, 0.8202306719749705, -0.1437691588151198, 0.6333638766769004, -0.0252590235173517, 0.4716213436597115, -0.4843478551733307, 0.6169207687565343, -0.7086190574684004, 0.5510600134417493, -0.1880122831516712, -1.057305830801196, -0.7183498597831872, -0.5796750550888101, -0.6734073461418613], "noise": [0.1494973239890661, 0.1757555607629995]}