{"unit_log_population_eM": [-0.064733716426996, -0.0705561438197008, 0.8124602033103874, 0.3452510662186187, -0.9171229402740824, 0.1574814344478364, 0.3568731131745369, 0.2269542176206579, -0.5514150800751858, -0.8306312099838535, -1.034135566993885, -0.2001746337610324, -0.142314819958918, 0.149641212994047, -0.3928117435240479], "unit_log_population_eS": [-0.0919954120673584, 0.1626264361291238, -0.0958861003533243, -0.0317035451726427, 0.2640520344338829, 0.076644846642337, 0.353890872390703, 0.2395821022834378, 0.4825292057727867, 0.8469507787295028, 0.1195865601759037, -0.1269674188538008, -0.1371017487093916, 0.0583945943235726, 0.0811108797667564], "unit_log_person_params": [-1.854040810038811, -1.083125175376211, -0.5044956797793139, -0.2715954568505882, -0.5689084913577982, 0.1861072522346354, 0.3883904802113365, -0.0691699132739995, -0.3109391758668443, 0.130166919027073, 0.2484317898885301, 1.54025895215023, 1.648259218689406, -0.9017418732557492, 0.8936693498596308, -0.2635639256386123, -0.3777387294260531, -0.1155068162162077, 0.0528474044362275, 0.9108730468503572, -0.4319774765016823, -0.199596585562156, -0.3737865149638447, -0.5742283303633142, 1.760188044646716, -1.02759919886562, -0.8472817462255307, -0.1241713708615916, 0.50368139976235, -0.5696131650270834, -0.1942768288915596, 0.7934752492717181, -1.701781782584241, 0.084418091287431, 0.0790088474216058, 0.1800368802977803, 1.909207181731606, 1.757865240728025, -1.669868125547556, -0.3302582289657949, -0.6206982921271993, -0.628196898730159, -0.0509588687612777, 0.7139532089641463, 0.2381630939992665, -0.5251087825167413, 1.709549123710938, 0.1958672405826535, 0.4870581486670275, 0.8600091211767463, 0.4742114784965122, -1.795230249585683, 0.0917423653277825, 0.8073532508352806, 0.1560592439617175, 0.0127523795200371, -1.867521159796158, 0.2776541599074609, -0.8958393510094691, -1.390681825759353, -1.277531093867435, -1.397585748658629, -0.1385172465171385, -1.265212480483915, -0.5016042045560153, 0.5555682981689916, -0.2779763226262325, 0.0794505033402687, -1.545227106557737, 0.868143846451437, 0.2136843618625685, 0.6024323385478884, 0.3593586289606006, -0.1905741515759259, -0.7918546342390407, -0.620371696309324, -1.51304608353017, -0.0460399125803856, -1.371326889354677, -0.110463449912381, -1.620221863476453, 0.6909907430497041, -0.1669905432745169, 0.060057086059178, 0.5345900853203055, 0.7011110114954373, 0.8160205451747844, -1.238428151920259, 1.611652258605764, -1.549411871236022], "noise": [0.0249270141449937, 0.0822785571273138]}