{"unit_log_population_eM": [0.040848138557453, -0.1264472799297143, -0.6581958248565832, 0.2487517682071987, -1.00014781809174, -0.5092472325592203, -0.1972805874809224, 0.5640280258176928, -0.5807350912611441, 0.0743757978354874, -0.3185446728173867, -1.616168902909714, -2.060566578101907, 0.0215209146779071, -1.063693761236586], "unit_log_population_eS": [-0.1771800167819255, -0.0584976085847803, -0.1882189820809839, 0.1095207531874461, -0.0046561345334604, 0.0789772929591902, 0.1729109604616408, 0.5897561599271689, -0.1660698632333396, 0.0055384690451706, 0.0885822020088493, -0.138069515411967, -0.058486643043714, -0.1465592039813311, 0.0354761246164269], "unit_log_person_params": [-1.00454778449001, -0.1027046672959739, -0.8773652435418702, -0.1853518384201743, 1.650286931060445, 0.3723668708537953, 0.0668408552935432, -0.6103937375425252, -0.0444399425540084, 0.3085492274760775, 1.000769893108248, -0.0085560827416775, -0.1036088436233346, -0.5343464388146311, 0.8628361446786502, -0.0314947915546574, 1.490859125315293, -1.547709348901144, 0.0553930622822347, 1.007506796797582, 0.0576232823184559, -0.1515957010889331, -1.380592220791314, 0.4366320960684527, 2.402468778238883, 0.597656137880532, -0.911918770048715, 0.3180081679967797, 1.437382066787567, -0.5689480324122995, -0.286908025373156, 1.484937686900106, -0.377488208702371, -0.4895028602133746, 0.902844792137504, 0.9869862776531272, -1.902202680069082, -0.6500201892226493, 1.537553640104168, -1.748181177395884, 0.7331365925952652, 0.9782179946483036, 0.1772101799258164, 0.5502354931050516, -0.56763750642879, -0.3910381781435971, -1.022230072463677, 0.8346673703907663, 0.0574365991073475, 1.042531927524153, -1.92194951315224, 0.9368232529016028, -1.471955491493517, -1.941628075827796, -0.5789278691687597, -2.596069381614048, -2.49945615776238, 0.741396353100439, 0.1568253092242099, 0.0676326774699968, -2.124371013410524, 0.2356171823179156, -0.3112774091986853, 0.4811607755669713, 0.4701484535260405, 0.2825532841419759, -1.567612497170459, -0.7514241634172655, 0.4413780510367948, -1.112237477862495, 0.9481552361539152, 0.0308284082174848, -0.9529243430226052, 0.3191757582216666, -0.8678878689352273, -0.6995401539504926, 1.502876330102686, -0.8438421844478345, -1.321731333686659, 0.6852500395413325, 3.139963290723542, -0.8231273789904132, -0.7275072784660768, 1.572808514085173, -0.7103339738419113, -0.683989709574352, -0.0934447258871493, 0.0305972099372144, 0.5426518139248505, -1.211768615323126], "noise": [0.1319876329328568, 0.0596207675036407]}