{"unit_log_population_eM": [0.7787201780689095, -1.050653279243863, 0.783589641016065, 0.54415354294827, -0.6429419413512356, -0.8981848961327865, -0.3554489114645288, 0.6655268101082008, -0.5949089089874134, -0.9822683019701356, 0.8026679383835754, -0.9559835828080512, 0.4941293153897757, 0.8712409415075328, -0.6112739261215354], "unit_log_population_eS": [0.0517628800544142, 0.1830373360136837, 0.4610892750747624, 0.2056747425781114, -0.1926168543106448, -0.0423166373953057, 0.4076488567043427, 0.2710983928410842, 0.0963301186712972, -0.0635365103217901, 0.1223153043284075, 0.0544083900402055, 0.0724823498137266, -0.0635583979516269, 0.0883741027282472], "unit_log_person_params": [-0.1646221513404158, -1.628709712895681, -0.2518435930644237, 0.5415837799518949, 1.307999861850785, -2.1110654645978, -1.95934380899, 1.679919786037494, -1.258174343908122, -0.541621449343285, 1.238650229519282, -0.2421020722929345, -0.4542607792619697, -0.5285459793916191, 0.3371284512200125, 0.731967462800331, 0.1437221815261177, -0.0678825187131535, 0.7324226750740545, -2.060734282352762, 1.341399856092893, -0.2161698589728739, -1.021716279222443, -0.5678400664898695, 0.188308490700493, -0.1745766707272095, 0.8593921041578041, 0.4263641808768474, -1.476030632030005, -1.540663249687855, 0.410949474544026, 1.153748359314888, 0.8187950448935389, 0.5006007195216006, 0.5115351547662005, -0.2096798423915994, 1.59922242738789, 1.217602899062466, 1.126387404596985, 0.0124697192045443, 0.4847714117781758, 0.8958213425329784, 1.147837520186662, 0.4266833378056498, 1.355644115738717, -0.9190736906726528, -1.992795643464923, 0.0136879001881734, 0.952066010593368, 1.501803735293406, 1.369502446284226, 0.7416610456977557, -1.014900841955595, 0.4143717298324663, -0.7133881213304298, 0.5410279572952341, 1.977258775918007, -1.997490268004404, 1.285111342683181, 0.5587803403985581, -0.0905724337446303, -0.6673726230616569, -1.29049675118843, -1.475961106341424, 0.0858489944071619, -0.1334775142837983, -1.813111676902817, 0.0515640581723552, 1.239491284634714, -1.331660628455776, -1.259138693390979, -0.2174051976362465, -0.2794193199070179, 1.047222173234579, -0.1740940438372784, -0.3852877363435159, 0.1440086403054895, 1.697338509776159, -0.4570228451542713, -0.0600356486182398, -0.5179925310690303, 1.694744799991069, -0.244920810773349, 0.6332854795810371, -0.5509757665006095, -0.2246612857625956, 0.2019616251860206, 0.983062024895192, 0.463080474584696, 0.475696995657142], "noise": [0.0985153933413317, 0.101431435417043]}