{"unit_log_population_eM": [-1.051937943921503, -1.863145851293565, 0.2597484648339096, -0.3891364860336344, 1.827210476048792, 0.4725161231267476, 1.400063955151469, -1.414915398514944, 0.1359834739069309, 1.06384901318919, 0.3707054894073996, 0.4283350992566779, 0.047224711333313, -0.0523340452957661, -1.008161036121382], "unit_log_population_eS": [-0.1733673549595537, -0.34261636052816, 0.1293986843972844, 0.3213435737031415, -0.0882085345181602, 0.7842572753093117, 0.1283077678577798, 0.2148965509605465, 0.0948657051491743, -0.0241857318547343, 0.436862157726786, 0.1224249213836319, 0.0582077581457945, -0.1475502300414392, -0.2160597775175329], "unit_log_person_params": [-0.5388194698173546, -2.190766452997502, -1.202279240079658, 2.156382710656671, -0.6736990603529704, -0.0468385329852225, 1.131432517645015, 0.3958629099761986, -0.6222175711514131, 0.3917904211842396, -0.1322444809091818, -0.4344048136795703, 0.9720679157267128, -0.323045310424399, 0.8521226996338175, -0.3861302695901115, -0.816046291648945, 1.255702182160485, -0.9077765473519306, -0.3685817973966269, 0.2376224185249028, 0.2374580784221369, 1.360029494269855, -0.8103422457103064, -1.922442561353285, 1.891302531481172, -1.351189639079839, -0.0177986364841923, 0.9034144242644692, -0.2627286645918502, 0.7599516651733276, -0.3472393485054489, 1.042601464394996, -0.920251627533548, -1.162115807476445, 0.5355601822803588, 1.814197568804354e-05, -1.753712623441694, -0.1071375128510774, 0.5122565108691906, 0.4484883449672992, -0.3680310803498022, -0.5253979098227455, -0.6599921436850053, -1.083684661547841, 0.2019696718149006, 0.434974015232989, -0.6610944171875992, -1.158389027060213, 0.4304785061346276, 0.4714670314082464, -1.03098710801922, -0.610354028945606, 0.4756820813616768, -1.68887886424754, -0.5105828018081494, 1.5087120635605, 1.361008270703321, 2.061396714339025, -0.7109542821456158, 0.1015622252679027, -2.54112717328873, 0.1549194970238129, 0.3628348077831364, 0.0642902644097711, -0.7820107879358266, -0.303930910894257, 1.097091615309059, 0.7752719326828967, 0.0657985747393188, 1.070178633828244, 0.7358817300960048, -0.7902458137086262, -0.5748500714898217, 1.421291570690165, -0.64050018308236, -1.009729870818756, -1.857453825239169, -0.0324318531445995, -0.0041916621303488, -1.018776799324003, 0.1176040752098045, 1.03559044448577, 0.9761298806996358, -0.4444560802011929, -0.7859109749409403, 1.151657113264416, 0.600056607078174, 0.5437473520380511, -0.0801477808746935], "noise": [0.0478061427997141, 0.1859327754571935]}