{"unit_log_population_eM": [-0.802173628081308, 0.2503305104752404, -0.7900274095373759, 1.019707650441718, -1.91023953277534, -0.1156494618261941, 0.3612414455759813, 0.4907817317181005, 0.7583184805070984, -0.1750227601760843, 0.626030645961632, -1.674465944448772, 0.2834990709071969, -1.482437900929018, -0.6002046083559791], "unit_log_population_eS": [-0.1916347969509891, -0.3945638387071487, -0.0345030818174835, -0.2183114576522247, -0.305178772928843, 0.0992071867163155, -0.1607946935379325, -0.0307406324783696, 0.0842608969748073, -0.4077871038461695, 0.1101126986543409, 0.0210510807011094, 0.3875703296486244, -0.0428192025495734, 0.048732121640734], "unit_log_person_params": [0.5883317866981418, -0.7297806955478134, -1.416748649477152, -0.9042045350510066, 1.761407075588169, 0.8947427475136335, 0.6154965181900485, 0.1746624864479878, -1.29557307058672, 0.840489283552568, 1.308952311191504, 0.1583840565777018, 0.0276081588534367, 1.166641277506258, 1.398695186861701, 0.4234347736778586, -1.248554924337009, -0.1337423344943424, 0.3348587932250287, 0.0178324433547307, 0.2183328266198749, -0.2200486146770655, 0.7891978962358859, 0.6262006233201425, -1.004316616107677, 1.020016737361398, -0.6158333734075394, 0.5068996467987614, -0.3921914091012599, 0.2394474814813687, 0.1102199367455038, -0.1743868394278745, 0.5206695119369279, 0.6366692805945845, 0.6842522416693133, -1.227530616618244, 1.141351181125902, -2.144568554022998, 0.6129521019847799, 1.443601184539182, 0.2086297936621892, 0.9413290911110754, 0.590934885596538, -1.145816563916788, 1.5253704505588, -1.124566911141435, -0.6602533865593172, 0.5619487194861671, -0.867145659017194, -0.4818455777411139, -1.065382644637286, -0.0016634189958796, 0.3722105498774999, 0.9976466429630608, 0.3995558182476443, 0.5174635450285974, 0.1091072920048903, 0.6102630714936177, -1.328196075330349, -0.8000332065582257, 0.6857432356181619, -0.4063204981446079, -2.047345702242084, 0.76456605053226, -0.85303963304006, -1.845625645107726, 0.5326292535062276, -0.0072360779228086, 0.2936703923080688, -0.8381397124978134, 0.5793461349994744, -0.7926780344307853, 0.8657455105594315, 0.5060382113947839, 0.0108571434992271, -0.2966089685681857, -1.050457008936185, -0.8958236344764728, 0.0111041836728168, -1.688904015415635, 0.0953937461414013, -1.222553562295734, -0.3027770902559077, 1.521488252297217, -0.9711749724754268, -0.1774342167666219, -0.9681328410336196, 0.4720835136430008, -0.9118286094135292, -0.0890799104698161], "noise": [0.1589256124079554, 0.0248090985026053]}