{"unit_log_population_eM": [1.355997031800882, 0.4098979074284906, -0.7233970074029766, 0.08958970557212, 1.274348709826903, -0.250573219559389, -0.2170657098292172, -0.5965090940072867, 0.5809566786861464, 1.168770647761369, -0.5700877202342094, 0.728912550422194, -1.765490714742676, -1.632943182107447, 0.0399173194571828], "unit_log_population_eS": [0.4737296972394341, 0.2178438857303406, -0.2113650946425377, -0.0553921026259736, -0.1089268045751774, 0.1789821771910969, 0.1268032469465053, 0.2202711866764255, 0.0163448156412373, 0.3891719370873724, -0.024122305026205, 0.0059208660401376, 0.0309370996464394, -0.1512351649856819, 0.0951607086782054], "unit_log_person_params": [0.721704001798366, 0.0012920219161502, 0.729092589485531, -0.6910445300100738, -0.401393530958894, 2.935036162762076, 0.7453009011381116, -1.020552000730987, 0.2893087509953164, -0.479350838561606, 0.3421222059185923, -0.2799315410467139, -1.730744500047389, 0.6251042632585605, 0.9012211290340232, 1.237347823868733, -0.3769544267107435, 0.0351686483631502, -0.1470757910232585, 0.0079954308690895, 0.0292168480155932, -1.215787445168272, -0.8702361160693979, -0.7984645928907848, 1.139985313280441, -0.9376693967965304, -0.788010252538882, -0.2727912704310294, 0.0079867133425915, 0.1688779212124181, -0.0030920794093951, -0.4405189195491404, 1.594787595585371, -0.0019677853965739, 0.1210180497476046, -1.068561444943982, 0.9513957773014414, -0.6221645612855791, 1.776085236851645, 0.0744804658637992, -1.085714347072238, -0.6352815512758749, 0.2258298141738193, 1.015896124790923, 0.7296728219634019, 1.767476552177985, 1.206283143619, -1.145049903128655, -1.922256638639057, -0.5010814536783238, 1.723262502469417, 0.4806991553362641, 0.4712487517614848, 0.3386794722936414, -1.978420423399862, -1.142134564477645, 1.149615072796846, -2.149092444063636, 0.6879962040419094, 2.165115542945012, 0.0309994351761114, -0.555659609460345, -0.3928148288413448, -0.2746599827157669, 0.5086443875451053, -0.1451072384410855, 0.2632267775783364, -0.964400799296288, -0.2922719454608926, 0.9208445997060876, -0.3776224031456925, 0.5526267210041493, -0.8679159856734016, 0.2786933540100509, -0.6909609943575894, 0.8206072130840588, 1.385877979675663, -0.8443070105331206, 0.9564047296013348, -0.6293777085438563, 0.1621088714979919, -0.7933840471298185, 0.6641481362396904, -0.4902418632711496, 0.0151570120982094, 1.293387222361596, 1.147851343317644, 0.3613518468307152, -0.6473312449285312, -0.9437907635263733], "noise": [0.1483683509723479, 0.0538250752733883]}