{"unit_log_population_eM": [1.353290170088277, 0.702239415910043, -1.241868661999212, 0.1799709907620804, -0.2866684748034176, 0.1315306387017119, -0.1521977883041352, 0.1554172110870257, 0.8122438989949607, 0.0222108278499085, -0.5962202244822545, 1.774218111481161, -0.1889538040066997, -0.4441724258825978, 1.093308583485324], "unit_log_population_eS": [0.2104983823513611, 0.3794501366711598, 0.051589390017212, 0.3882614666969199, -0.1533298643959493, -0.3704876875794248, -0.0742006675039255, 0.0478834012873028, -0.1273908601899892, 0.6928881811845176, -0.0180574268148749, -0.2838848022956587, 0.0293301267214587, 0.1489347056112601, -0.1244200941905641], "unit_log_person_params": [0.4638740942372406, 0.7074314900409306, -1.451135342463483, -0.4010248464112366, 1.519724028120967, 0.3549678153210263, 0.009525278099948, 1.17626149241823, -0.1481551748564987, 0.7724825779395159, 0.5508813425058477, -1.363056728608254, -1.202981395609976, 0.2413594425719807, 0.3643009950596883, -0.6288186788036004, -0.1022315408811791, 0.288574059973721, 0.4611979187350705, -1.134787097437478, -1.048650127516081, -0.4208701006047829, -0.3659331480593046, 0.636803534806945, -0.1455554803337575, -1.082596787083999, -0.0426007819283222, -0.7337810775620618, 0.5477317445689915, -0.5758091262371653, 0.2568578799470094, 0.2969373394038518, -0.3959930563903771, 0.0896858601031573, 0.3279931472534244, -0.9496631465166276, 1.38032172223852, 0.824342856656687, -0.0450201310725299, 0.9868188091662962, -0.4743704356920999, -0.7934542459425262, 1.287495397292451, 0.7860467423221217, -0.8659145579911984, -1.670844968620491, 1.99892572219546, 1.103993245384715, -1.02657164527333, 0.4493870396573765, 0.1832033559609734, 0.063444314044733, -0.2588237585105968, 0.5771909106763987, -1.535791480177901, -0.8856683117006513, -1.02694581835982, 0.1823583100225026, 0.5378857355450981, -0.5733301128104031, -0.7817525782659592, -0.0617191930535609, 1.535644131494162, -1.199092660172743, 0.9944679276064284, 0.921020734433482, -0.6023080227344362, -0.3269782063018951, -1.329743795745856, 0.2972173885497017, 0.98734692369238, 0.172100218270877, 1.093630116655156, -1.664618705139228, -0.5315584385426838, -1.446622408668576, 0.1283249928103002, -0.8043093725324655, -0.8120651721451342, 2.269254974464353, 1.772042250056264, -1.09442118393712, 0.8565942054346429, -1.34159114482553, -0.6394368630018946, -0.0377534931828155, 0.1885987829748519, 0.7663658916836703, 1.133460798369401, -0.4942467039116886], "noise": [0.1451272611288691, 0.2187727135240227]}