{"unit_log_population_eM": [1.049337146031701, 1.270661875327626, 0.7681035352125601, -0.4760258349537985, -1.165259831968556, 0.0506355258880078, -1.074997429743399, 0.1921678807286513, 0.7978437674903726, -0.6020677605783741, -0.9786713095748892, -0.1714522459647848, 0.3309605187377083, -0.3025371944956491, -0.3131152115948641], "unit_log_population_eS": [-0.2032556510676143, 0.0104209644435814, 0.4393184030276197, -0.1710093182472379, 0.0234684455382845, -0.2102819910671179, -0.1080797202949205, 0.4640754973336755, -0.1680447078249019, 0.263462669400756, 0.1212272790224629, 0.0682145798340625, -0.0777373366990223, 0.4593924602442751, -0.1303326205263512], "unit_log_person_params": [1.571043191187293, 0.8614286338852162, -1.682358026768842, 0.1908036046586538, -0.0216006157786507, 0.0879620318916608, 0.8032730885523747, 0.1499747212202566, 1.392425050638954, 0.4043016436663791, -0.9286300151198488, -0.8989192010421779, 0.9683291456042886, -1.967661930869337, -1.682231356970209, 2.098445901638613, -0.7241994397989965, -0.1707674510698295, -0.4863618225388033, 1.063767581100876, 0.2159070426293418, -0.6170103018530398, 1.071243244246472, 1.466320938611668, -0.0742189640318511, 0.055075399566295, -0.1636214275163125, -0.261518560660712, 0.0113466075789476, -0.3099535501057293, -0.0321375338112112, 0.0170287841058595, 0.816106492558414, -0.1300114287261325, 0.2729517899854214, 0.2311714152108865, 0.961643959738388, 0.3533841323941929, 0.7236847458390022, 0.1755477587750151, -0.0994391888120345, 0.6876391076790235, 0.1191358266463727, 0.7093779772070986, 0.714321868511597, -0.3400461722890891, 1.834154399814419, -0.0217926324515084, -0.2113621576911625, 0.0181540076004944, -0.4447593348366351, -1.035865707068097, 0.4931724678373069, 0.3597282710931282, 0.0325692348866723, -0.2349739446176041, 0.277002404548672, -0.8153733240203768, 0.158348345723392, 0.6054753829489514, -0.1667972275293599, 0.5103282522711602, -1.465091450751204, 0.3927500044159925, 0.9899950822101518, 1.112983084838198, -0.2549880561289918, 1.140637850510919, 0.4534178868727476, -0.4238297217867093, -0.1570295596133092, -0.3166795986035533, 1.632387672334183, -1.893948744896969, 0.7598825878755372, -0.8066464413439334, 0.0137965365970267, -0.2452841079513908, -1.08530997254977, -1.266341174169734, -0.5477071189694975, 1.14978063134922, 0.9532894957704277, -0.829218069129837, 0.0264112199549064, 0.5321813166440028, 0.2710170476568833, -0.7127522265743337, -0.3699722682537879, -0.0658050039737002], "noise": [0.1300040608604426, 0.1757720999343981]}