{"unit_log_population_eM": [-0.7996932161517352, -0.4226926308191186, 0.968283514326634, -0.4521021930816119, -0.0623790381762418, 1.601391089510674, 1.024386877858405, -0.4407330609631031, 0.1827086023815907, -2.02976812937834, -0.3349047863950798, -0.7151679848521507, -0.4486465989805695, -0.5439044642783746, -0.3038025389154003], "unit_log_population_eS": [0.3936572004362112, -0.2296004969685999, 0.4025094302353213, -0.0183279011237679, 0.0457744440361944, 0.1525119043334667, 0.2511355536598083, 0.0179823031146612, -0.2194053233513037, 0.1343060524751028, -0.0324489211865693, 0.291910596020252, 0.3314354978189099, -0.0692569467655523, 0.1680254353530777], "unit_log_person_params": [-0.1321732984706441, -0.2205496444564477, 1.425166715273847, -0.0296629097812579, -1.646318576190715, -1.892079975035001, 0.6584579722600519, 2.500173925149656, -0.3279864689364013, 0.2463007650354412, 0.5500846135491508, 0.7783092438713008, -0.3558535120907206, -1.273376875596734, 1.191774260369877, 0.2386045091519226, -1.23229908448674, 0.1470739078075089, -1.13585846465964, -1.831367402346116, 0.0067815280889037, 0.2845203703445374, 0.1594205516646681, -1.919942242700044, -0.1675322159782649, 0.9807761749216894, 1.825325056996306, -1.241464932034514, -0.0270381412631449, 0.5077232264932793, -0.3146460226708206, 0.2755164381643002, -0.7651997405980266, -0.4842439717436418, -1.353204605952628, 0.5887726769672937, 0.7974897579306472, 1.255864892081182, -0.4391104933880226, -0.9378429601504624, 0.166242916518022, 1.040235537382187, 0.6468274875110867, 0.3917535701675948, 0.2668610370239075, -0.9215413278039938, -0.7478841202282485, 1.736432893372023, -0.8792730952892689, 1.189957456268707, 1.095000409946282, 1.372996662496609, 1.559588380708243, 2.190523765315452, 0.3305037986834441, -2.209372572348397, 0.5372912032202858, -0.035927507870727, -0.0013313197454792, 0.4646833698253894, -1.035668536923463, 1.629811138093526, 0.9921559363504516, -1.706889619759232, 0.2195160951344705, -1.725464223501425, -0.051274631287844, -0.442676094583663, -0.6144489066535609, -1.601970331839959, 0.1048667882341703, 0.6641925140513598, 0.5032131491548589, -0.4047937608271467, 0.3565912180537279, 0.3886702959999004, -0.5228340851984499, -0.3320627939450784, 0.3235755020309617, 2.339022410834602, 0.3618843840766653, -0.8095504757843976, -1.424814753755649, 0.8833074991223288, 0.1159227304722548, -1.299124717006613, 0.2450602348011656, 1.440568675043289, 0.2828189216752541, -0.4132562060261911], "noise": [0.1351429252009593, 0.2300274215900934]}