{"unit_log_population_eM": [0.9046684125026104, 1.03298925048058, -0.4413392500434373, -0.7237522402976251, 0.0074907480974527, 0.5900583069544536, -0.9771312483063452, 0.1060671697008855, 0.9417037048909804, -1.035436923232997, 0.0653262853455406, 1.088830232062065, -0.5557865919293726, -1.644545796975227, 0.3046728198177969], "unit_log_population_eS": [0.7065292201631712, -0.0797986218488165, 0.0622902675410735, -0.0908246923158481, -0.2733406434986283, 0.0745802147020438, -0.4709515520694085, -0.3092317697973397, -0.4459543705395813, 0.1102366209671071, -0.0913287675657944, 0.1703417258089591, -0.5082395700983033, -0.0299268005076933, 0.3282099839027655], "unit_log_person_params": [-0.1662787229407874, -0.2642882253032141, 0.1074138678699463, 1.269650996846995, -0.9774838352350574, -1.37166269240662, -1.119124980902929, 0.4176278619228187, 0.6434134479431141, -0.4461917516035014, -0.2027381132746186, 0.2969177710240973, 1.255019230041569, -0.4969192990846386, 0.3668905375972819, -0.3516701247583537, 0.4274711845190802, 0.0793683206199431, -0.248751790004935, -0.2379034179669559, -0.9461070862875138, 0.000714801275361, 0.4114911939076766, -0.1902361812929971, 0.7763261360259617, -0.2113311167630437, 0.2013932043124902, -1.638439443338906, 1.213612487519198, 0.207479976611664, 0.2414292013344664, -0.0468513471469836, -0.3379125356477005, 0.1609445703535415, -0.0432796659077934, -0.6325217359713715, 0.9392550799466494, 0.9109944396077568, -0.5118570580506943, 1.5844795491407, -1.598235796600792, -0.185554891237918, -0.5676831488188885, -1.469118004896131, 0.8643594145513838, 1.301963755926235, 0.6328845214976356, 0.5412160849389742, -0.908673065496835, 0.1514555053200825, 1.093130049875519, -0.5322362994517895, -0.2720858489487359, 0.0830354286925726, 0.7694633797162085, 0.9147405211025365, 0.0566689617774413, 0.5817154698603563, 1.918929238322601, -0.0263745246624979, -0.9092519867570596, -1.232844811478347, -0.1911521463142774, 0.4153200545822021, 1.127333805734836, 0.0710367500857435, -0.8246781863669349, -1.71352393889616, 0.9401756587650452, 0.1849309732174709, 0.925375223601946, -0.1816325854153896, -0.03150271953837, 0.1049189801156143, 0.5103486591342059, 0.7658300576662191, -1.28260894708795, -0.0022754866201952, -0.0926046712617192, -0.1718471590520549, 1.78292623707566, 0.3615757460630609, 0.8972604295694149, 1.947289710044888, -0.2725018311934678, -0.2124295320827095, -1.756114695293524, -1.26289348286216, -0.0555667631468545, -1.333197257395861], "noise": [0.1379992360276897, 0.2303620438489267]}