{"unit_log_population_eM": [-0.8356992340853856, 1.212534299754315, 0.6548372340336973, 0.131069981855659, -0.0870375068533834, -1.098900808209652, 0.5390903525656472, -0.970816430650314, 0.5411927844837527, -1.293123608238396, 0.6372698417173357, 2.447632471231531, 0.4113342699997538, -0.8224376887058595, -0.6158789562691436], "unit_log_population_eS": [-0.0269551621598375, -0.3174231368091933, 0.1721325127615543, -0.1865499101688338, -0.1266948166814634, 0.1969677943297158, -0.1321122162017298, 0.1819563497558556, -0.1622946464518244, 0.8130709265235085, -0.0014920126138121, -0.2880930477544513, 0.120078374938662, -0.2592579821049373, -0.1040966349035412], "unit_log_person_params": [1.543000701211269, 1.338610364100034, -0.2247225508193505, 0.4214128379035054, -1.392924681685624, -0.9836933754949002, 0.404376103745531, 0.5995190570836486, 1.149464490207618, -0.6760976606268286, 2.237241395684073, -0.8908153823790712, 0.8251986304074015, 0.8135845926981444, -0.8733292278856853, 0.6308482894977199, -1.252315273078222, 0.059438628353322, -2.017686961747749, -0.5524450740932257, -0.8702301592288474, 0.3476453377682781, -0.5876671959129917, 1.850240382609038, 0.3774218264382829, 1.838385752703326, 1.706732055610929, 1.736820888127415, -1.733851367156948, -1.439201819173534, 1.789319324560543, -0.3892622534728163, 0.7538408213844093, 0.6827676138023966, 0.0962903114437525, 1.076613193052013, -1.020129647611, 0.3435552852592684, -1.011441633715486, 0.8006971957886588, 1.55112247145638, -0.3533724346443335, -0.8391867440785278, -0.5146377871336107, -1.308098179701394, 0.6505499613516749, -0.5785832603219845, -1.061380421340991, -0.860484573150972, 0.4501582265376624, -0.1309653265999562, 0.8714471705422975, 0.2397536288280288, 1.585463370514326, -1.51426213589715, -0.3211123798661246, 0.208907390550862, -0.4652654437396593, 1.955098184398373, -0.6302890544649375, 2.177212054684325, 0.3575370833850381, -0.8425405463980981, 1.151879709447205, 0.2785435990596392, 0.1536424141593231, 0.289397152921879, 1.235001400304833, -1.867076431000474, -0.7838009582809351, 2.308260474477505, -3.143163901976965, 0.9163568411496856, -0.5982563808534027, 0.9793643172842478, -0.0457183145586277, 0.0976532518895697, -0.999556857988907, -1.3830649284551, 0.4313500700669595, 0.4629742588057639, -0.9556040504396242, 0.5226967916214666, -0.5954699366727749, -0.0850159096539432, -0.1979018876005718, 1.013233131270646, -1.419213580185655, -0.361731991199621, -1.552273608352157], "noise": [0.1868838458898669, 0.193453100577729]}