{"unit_log_population_eM": [-0.1416194468000653, 0.4217702056776416, -0.4106859707890057, -0.4295211717269445, 0.7372659966995382, -0.760942435241177, 2.086053643141236, -0.2329415836592615, 0.7602880393282032, -0.2206186477846454, -0.2868189940952452, 0.9051602588774637, -0.2632004839318392, 0.7262026397485177, 1.685698907847391], "unit_log_population_eS": [0.1667366171496852, -0.0422829592365036, 1.009822882924248, -0.1839377256825824, 0.414291296620057, 0.2251863360728837, 0.0235879586593486, -0.086567773142438, -0.3983757062496681, 0.0380990306072595, -0.2033510866727731, -0.0916360480402336, -0.0152851162478215, 0.2965435360940585, -0.4130032306969806], "unit_log_person_params": [-0.7329390846518989, 0.9148371897418556, 0.862081293583176, -0.2403351894064399, -0.4112301815084631, -0.2973345182182693, 0.9111365245607512, 0.0961167274830224, 1.341147704499706, -0.6573808478975058, -2.570639772035254, 0.3854924987879362, -0.3923796407824565, -0.1891169137615389, 0.0784337618565277, 0.39750460457825, 1.461238800901434, -1.139981391246992, 1.249192246101766, -0.7562978070345119, 0.3318981641608635, 0.2589465824268848, 1.545904446796139, 1.188145775400759, -0.3192826679202707, -0.1675207195896276, -1.819759847019439, -0.4038350184679754, -0.6229908471525799, 0.1207974558106487, -1.215472668894224, -0.2100157741657017, -0.4797047403790538, -0.731123141482005, -0.4794025523723529, -0.2586133022397552, 0.7937821032842819, 0.2797331183398391, -0.5241693354564948, -2.67175498162796, 1.453081541984697, -0.2415814966849709, -0.7123283480284399, -0.40681112395073, 0.9830413834585976, 1.243039457485696, 0.0124626372727736, 0.1617540041684146, 0.9301043154937408, 1.073200941930348, -0.338678583886675, -0.2248955381104885, 0.2988474289779364, 0.5212847572878508, 0.0430042948673942, 0.6567758940242758, 0.0084601882052488, 0.3098515037401665, -0.7866776544040451, 0.1500902707207775, -1.772797808060953, -1.290693686821835, -0.5481979493462726, -0.1695892754819279, 1.41001017898717, 1.334169039633716, -0.4670366574145141, 1.532817216562976, -0.0202007007280142, -0.5487403264649301, 0.9413887349838193, -0.3898318249631039, -0.238042984576936, -0.881701289541438, 0.2396197888921529, -0.8374884271772658, 0.1589947312412538, -0.1081902807100967, -1.040198742902443, 0.7446587740218784, -0.4744660273289293, 1.173368564633228, 1.320863883812772, 0.3564034416754633, -0.7474720874513696, -0.1225439861044535, -0.125115131949303, -1.483950307575232, 0.9432034206382912, -0.6019871600252078], "noise": [0.1409599057331629, 0.231789257595723]}