{"unit_log_population_eM": [1.225467089390523, -0.7180331728918551, 0.0803942548976139, 0.4078903810327607, 0.536033158639629, -1.249754849483972, -0.3622252726274139, -0.5465924154245697, 1.306861262014356, -3.724035894721392, 0.9732443917803012, 0.5979600756407418, -1.056108729821562, -0.3196582740014476, 0.2133966544543444], "unit_log_population_eS": [0.270555797611422, -0.1790781724804318, 0.0723736854571384, 0.0096839601749808, -0.2234298991310105, -0.0166736567992469, 0.5234171147951164, -0.1582664649387621, -0.0786178371534083, 0.2038042944242827, -0.0031168733723394, -0.099283641927202, 0.1245229389829802, 0.1296676733111252, 0.1613487070395115], "unit_log_person_params": [1.023382510258519, -0.255832176492107, -1.173204068350624, -0.0188038977366724, 0.2334021715461528, 0.68478312993523, -0.6846864090939536, 1.695369581158929, 1.40030467396469, 0.8974880071313676, -0.455838163847592, 0.2347014400231107, -1.660635956308446, -0.4982815974645601, -1.188466657747145, 1.354550617782501, -1.151605450160942, -0.3625183436775113, 1.007501161363328, -1.00830939693989, -0.0397133401713797, -2.509650643600369, 1.732521189612322, 0.8164130158913389, -1.041243044339644, -0.1430285447443415, -0.2392565934259285, -0.0253382108963142, 2.604041736238686, 1.423508799499242, 0.9710342334270684, -0.4199342146744062, 1.13093573026608, -0.7698003362420519, 0.4114764208259866, 1.148007811060783, -0.6261831314992181, 0.7815879178175391, 0.8033054101751345, 0.5021943762692745, -0.4353919501291942, -0.2433703184355268, -1.236870435702928, 0.0844364747591301, -0.7636211879205981, -0.6984115370309225, 0.2510511939680774, -0.6984573417352602, -0.0126352027923472, 0.0036091298666722, 0.7768372147692906, -0.7137959673146054, 0.8356986087230152, 0.3649149052844639, -0.8786806097389168, 0.6632364667719903, -1.30528771253585, 2.126664633623, -0.3798044379236432, -0.4156491495949246, 0.9737156190878984, 0.073541199936651, 0.4075665464379594, 0.319861895676437, 1.081182693088395, 1.791888119756809, 0.8420160915242082, -0.8747981403151571, 1.3916601436937, 0.0633980182493155, -0.7616173582570006, -1.639134726419839, -0.8365130352455292, 0.4823111343602929, -0.1768821250032988, 0.0330550971859666, -0.0319129168656898, -0.1648959034113663, -1.290431719154129, -0.7515591188498646, -0.9112949583247762, 0.4369172354044412, 0.5720148544310661, 0.26926234590286, 0.9565875577904028, 0.2176693776321768, 0.0938527631093096, 1.264924378647331, -0.7416537689931197, 1.960145503554022], "noise": [0.1230429129364455, 0.2826790744237482]}