{"unit_log_population_eM": [1.696992256553229, -0.5126653403017013, 0.0915943552380733, -0.5375888195149596, -0.3259100324055491, -1.657029819263387, 1.304848957456917, -0.6822700188709395, 1.533839840627539, -1.962264866528312, 2.381924915613082, -0.5748989534421508, -0.2741049989798162, -1.702671993574662, -1.885638312716677], "unit_log_population_eS": [-0.3851054345631784, 0.0286596092968083, -0.2050126309930971, -0.4309591973735551, 0.7177557121761813, -0.077843135255896, -0.159834388013426, -0.2819264179187059, 0.1382873783761321, 0.1583861449555888, 0.5072373021451486, 0.4032381113269026, -0.1569231876949454, 0.3126586568863349, 0.2514444393553692], "unit_log_person_params": [-0.8395612367486837, 0.0759114929672843, -0.7060192768280316, 0.7972003092368175, -0.3725006936268526, -1.319340185972102, 1.004177585016072, 0.511102874933443, 0.8501177145280014, -0.4738667652708196, 1.613424655733255, -1.521962919695502, -1.081235653637256, -0.2507207111505321, -0.6217593232628261, 0.4648142826055444, -0.9452768035328142, -0.7910698996014944, -0.5466050072609459, 0.1896310758446628, -0.1039480392953683, 0.752312237095645, 0.380413318464661, 0.6916994950014581, -0.9880050216870724, -0.4843785896401928, 1.859806243457917, 0.8222528440577999, -1.863740759282865, 0.6924415404765347, 0.3175024335883962, 0.2653356586761983, 1.442875629946612, 0.4805329906981207, 0.6977876462374362, -0.7596489479605004, 0.1912466553098918, -1.006422807683556, 0.4071020569174672, 1.39117774237328, 0.5618746631040207, -0.5434366324068223, 1.460989646952005, -0.7568662890789306, -1.476847052683842, 1.517149213039905, 0.6375512093584534, -0.611784291192684, -0.0828302016215342, -0.9667555643944664, -0.3119433358268034, -0.773423230473285, 0.5765472311124576, 0.1291447095406236, -0.8901491834607254, 0.8477403366712233, -0.9271300291049211, -0.5387356571565495, -2.009448688373668, 0.2341195103376062, 0.4694133435508857, -1.094167650352814, -0.1813790832841902, -0.3432312119496151, 0.855742119205745, 0.1861286460096712, 0.4949286608156369, 2.069703599262017, 0.3793192648997298, -0.1278473573670074, -0.1337001833907377, 0.9697692306690092, -0.7984614038920587, -1.309300167590881, -0.1383846301087988, 0.7596717830969201, 1.466350651965186, 0.2899217083433645, -0.8055547721237463, -0.8804001595933035, 0.2376731901152267, 0.4380077709883606, 0.372945266394498, 0.4859109323534448, 2.026748732109948, 0.1435896015131037, 1.484829565909187, -1.401527140909038, 0.3191482976026286, 0.8372911300086454], "noise": [0.1241488743603984, 0.2211923165736399]}