{"unit_log_population_eM": [-0.37734713068311, 0.9233969732075028, 0.5552105516230602, -0.610514814854892, -0.7221413051867225, -2.158026745184239, 0.6555042785690096, -0.9369178014823708, 1.177629829728801, -1.948348457776776, 0.2924520127812705, 0.198310022896019, -1.644007964190532, 0.3652275754082189, 0.3267234129224987], "unit_log_population_eS": [-0.0063160715452955, 0.4007798739519864, 0.366258372779951, -0.3782596188567662, 0.3425903293200104, 0.2844226883010683, 0.0150656150200978, 0.6562458743432815, -0.1946627757173862, -0.2837622348452347, -0.1950158780828081, 0.1899148371451013, 0.108533101739747, 0.310624659099634, -0.3411954673315444], "unit_log_person_params": [-1.021775601267679, 0.5339002095665917, 0.1688013704024977, 0.3315047715311455, 0.8120374761031509, -0.7597244348848678, -1.009388413201444, -0.3676287865091191, -0.6100144586941754, -0.519714265711278, -1.546415674535633, -0.1719061109310848, -0.8632802980790333, -0.0798716537316825, -0.985257127059574, 0.6393454069254878, 1.707557381692616, -1.126302457381821, 0.80753428120989, -0.3010317786440302, 0.1911075052457034, -1.205067336928812, -0.9021558302874264, 0.8915787505911127, 0.8891587877526257, 1.434708825016751, 0.4309635589145991, -0.1572005990731001, -0.5562908621443368, 0.5608832175860401, -1.29094034113794, 0.3869683042228653, -0.9162792296577138, 0.3713930794096533, -0.0070600376654516, 0.3522901381723931, 1.567502340395943, -0.674944176234433, 0.5337462020071206, -0.9845552615333236, 0.0372961692512839, 0.3137690699547139, 1.387752881329149, -0.4171296250733081, -0.9217695114649908, -0.7049069004574869, -0.2559785692603954, -3.213258585128862, -0.1156792098933103, -0.2950085302271488, 0.119156224923298, -0.484546255890061, 1.443019949162693, -0.6437455202310656, -0.1514259754967917, 0.0580359503484378, 1.203807108917638, -1.944087636283417, 0.8518262501917484, -1.191232704579293, -0.7559738619752767, 1.22252688039785, -0.9887905041177856, 1.730645760477295, 0.0502492251818211, -0.8621057045210392, 0.5404981170833284, -0.0150436203830202, -0.998696458690817, -0.441350569397414, 1.425729788090794, -0.1662955269984403, -1.037318295385121, 0.0784890759233087, -0.8294793655429084, 0.6044028417227914, -0.3202121119283981, 0.5606667246391505, -0.5050663972891128, -1.163452337431286, -0.1584999918515364, -1.113392354502963, 1.669554835916356, -0.3245093770818246, -0.8877622429108027, 0.6355032913493369, 0.307922445723751, -0.4271718769501459, -0.4404624142623293, -1.03009318856904], "noise": [0.0960635760409885, 0.2019294033615324]}