{"unit_log_population_eM": [-1.09404867644584, 0.3414983568802979, -1.850969829886312, 0.1308732858593113, -0.3235660182805796, -1.1459953721024, -0.7441535589512777, 0.5463236030261946, 1.483007825750605, -1.505332419508325, 0.9842768328757994, 0.6200822272330265, -1.907758395142112, 0.1668791599657332, 0.684018897495926], "unit_log_population_eS": [0.2830429144437133, -0.2922821184598861, 0.2333445067619496, -0.4018462338732517, 0.3541920294056727, 0.206360525406039, 0.1019435268423294, 0.1546402500587042, 0.0352117378841978, -0.126302540654447, 0.2549735045569386, 0.0351928891516052, 0.1661119618521243, -0.1560890815582794, 0.0731426280176022], "unit_log_person_params": [1.076913456324282, 0.2640642864503747, -0.1683296841023062, 0.1733282219168092, -1.438683648907746, -0.195660602834623, -0.0148616915462907, 1.839558250445432, 2.257013658199845, 1.044184487329979, 0.8684842371553622, 0.6310555194888468, 0.3227419073586791, 1.358871651352527, 0.0606096109031698, 0.0096800251366501, 0.7420302676602181, -0.2183550453637195, -0.1670697380608585, -0.8399889560374416, -2.347525428755792, -1.46762138141994, 0.3690220148561645, -1.112303924314747, 1.058214508766149, -0.2186748209602898, -1.380156867409709, 1.086550312259124, -0.0890885383296391, -0.6307341062564407, -1.694399545645137, 0.1904779127606754, -1.532386046133308, -0.7775911349290647, -1.015225691277509, 0.4210639882971991, 0.9314066967655404, -1.54345598495215, 1.359334139232397, -1.508389912050522, -0.1002583506126706, -0.4311728839911047, 0.5923664855667203, -0.2554340212333585, 0.6897813251523075, 1.41681100857771, 0.5514257109884289, -0.3914839824392619, 0.2132440863423956, -0.3946635864785175, -0.3989461833956338, -0.6504151841745793, 0.9111292129620996, -0.0357936843072042, -0.9550548314997758, -1.838805721985963, -1.030788807772451, -0.2559688752002815, -1.349660644769195, -0.69087464986443, 0.6893197544945291, -1.15428443422917, -1.28655222829247, -0.2306875715470383, -0.2149742245326016, 1.479820417245616, 0.3154454944474698, 0.0714955263303145, 0.1298836912547616, 0.5335359355807971, -0.135277689533168, -1.63468733209721, 0.6791835429455406, 0.2606685142989512, -0.1216961730058165, -1.54558641672438, 0.5543072685506628, -0.603998078460456, 0.0701170767707873, 1.190796842585776, -0.8846835014379177, -0.5417199131155241, -0.2745649579732002, 0.4479203420460064, 2.119164175944905, 0.4650265561939579, -0.6806100308222592, 0.471145382178031, 0.4911533258846621, -0.5321234187781202], "noise": [0.095335067457372, 0.2205235945512757]}