{"unit_log_population_eM": [0.900579890021058, 1.063149984195539, -1.592155827000233, 0.6653221923498581, 0.9011392838150292, 0.2285623881158662, -0.0601137006621584, 0.1050394656848518, 1.334106289720168, -2.472780836586793, 1.377988713383195, 0.9345419304114306, -0.3762177789164688, -0.2949562919526196, 0.6681896739425126], "unit_log_population_eS": [-0.1734472416157198, -0.0745657281977752, 0.1010958899225977, 0.0896997477797466, 0.0468519111364496, 0.3190089914655749, -0.1040379008804365, 0.0410758015569456, -0.4558541209243624, 0.1670927493620224, -0.3969971685481958, 0.058117961175807, -0.0985607420149889, -0.3593996522928385, -0.1878343175498188], "unit_log_person_params": [0.9796523930369768, -0.2839604957006234, -0.8523712390930046, 0.984774680699923, -1.962979496225422, -1.267803476833095, -0.050277271001341, -1.048706273076981, -0.0598111084791675, 1.611949032511792, -0.2704817466484393, 0.069523472908465, -1.273043193834367, 0.4681244218629181, 1.135169682100194, -1.535501566098965, 0.1793014725206708, 0.1031621495999086, 1.573487655793365, -0.7021086957605724, -1.204556544642071, 1.374548627067743, 0.1671888176586952, 1.065225904723011, -0.42512890045445, -1.500809733341058, 0.9617800853944778, 1.331840699422095, 0.2337652462514415, 0.3087467980075445, -0.1920434600080708, 0.0197417548045384, -1.049304759197426, 0.367131340074798, 1.225917431217791, -2.563094961703174, -0.5394537058418858, 0.2263594304295483, -0.6569157835225472, 0.1483771819004527, -2.191157440763408, 0.1677647461122783, 1.139674659449773, -0.9521647282457596, -0.5604910298190363, -1.425627774387675, 0.13023967650036, 1.198330390097301, -1.647242835864663, -0.4967983045225761, -1.06756360118276, -0.7276885159448847, 0.853829955430508, 0.7564148413531244, -0.5394006353163886, -0.6322366938160368, -0.7404133028906171, 1.581210307829281, 0.2387721524709524, 1.044376930087643, 0.2545113186213129, -1.030714630307332, 0.3003461938181055, -0.6370882698618389, 0.6093519321967937, -0.5095092980174769, 0.0338593299543216, 0.1164567061963078, 0.5224265490279184, 0.4456303211953476, -0.1105447105122013, -1.193065706393442, 0.2806951365340196, -0.4174961034014272, 1.076783997216622, -1.509458385408991, -0.6271049499729223, 0.1113963879407717, -1.134971418444411, -0.3044376332152105, -1.790606245054571, -0.2812020802057858, 2.259917567035964, -1.174154878141314, 0.0131359958952639, -1.3424567427756, -0.4364824971116004, -2.228628999572121, -1.123344483300124, 0.7100653634193322], "noise": [0.0971965952111594, 0.2118962934541609]}