{"unit_log_population_eM": [0.2848458916645437, 0.004271322279257, -0.5431951101698673, 0.7530646197428842, 0.6757247319386378, -0.8433154798373891, 0.0203757324223576, -0.270892963119536, 1.304217458746548, -1.311636653335083, -0.1714044459770364, 0.6960257631695909, 0.7744915221579469, -0.0330175635268918, 0.5393079825630757], "unit_log_population_eS": [-0.2064677660872886, 0.110745081695242, -0.062000349946334, -0.1120164330743513, -0.319124713139439, 0.3059541268791088, -0.1654876173632102, -0.158848002738636, 0.0566630692052026, -0.0598410389721995, -0.1877398175839406, -0.1303712471522604, 0.1596184300680932, 0.2562307042046506, 0.1926690876126131], "unit_log_person_params": [-0.2103435880692564, 1.426026554038878, -1.133790862187678, -0.6249206827286229, -1.772540408264109, -1.337549019739526, -0.7093915787344054, -0.4618602631999725, 2.651541619131254, -0.7683043363746475, 0.8737073978190721, -0.0605268392515976, 0.1281916983528897, -0.9804586391112036, -1.059377081382856, 1.324715749180661, -0.0266929344524103, -1.606431935872643, 0.4885444123524332, -0.2215780383514382, -1.278260145540031, 0.966807923290224, -0.3397113343629532, 1.908592323990088, -1.416983098794912, -0.3899116653655869, -1.812470155348736, 1.781689048361957, 0.4454038824701065, -0.4859012210519246, -1.077629297755454, -0.1135081804712867, -0.8354355613912029, -0.0897304933062065, -0.2616376361637927, -0.4840839953084251, 1.074555154953123, -0.7737357674945211, -0.0663518066654022, 1.529805995752051, 0.0443708641004115, 0.6664437028016837, 1.719899611442402, 2.135567343118596, -0.4118918236038394, 1.579678829231014, 1.345156994432879, 0.4352474026199163, -1.090480107729012, 0.0370700714847863, -0.3594222894177282, -0.2314508706664694, 1.142054155205727, -0.0456025446899586, -0.98019052482283, -0.8698693144875742, -0.3977333737170675, 0.3059968242855057, -0.9426147851616902, 0.0441214891086531, 0.205309602864561, -0.9948478257315462, 0.1724032755197706, -1.749261152638836, 1.97115870499106, -1.063060991387674, 0.433638696550201, -0.3097377447865025, -0.6154827159880787, -0.4711972061916148, 0.2567423181976252, 0.999020544530498, -0.1701825195143316, -1.996019373587046, 0.1722069675942356, 0.7133955866288321, 1.210458300021739, -0.6640521889768429, 0.1542524658240806, 0.2353881389195527, 0.1563563923384906, -1.810667603354837, 0.4234912120132582, -1.186064931583325, -0.4393212022336748, -0.8450074013639329, 0.2810397931124412, 0.4790369442041915, -0.6650142607917126, 1.051949653842041], "noise": [0.1183410507483576, 0.2482698252811546]}