{"unit_log_population_eM": [0.7361927911036257, -0.3600844222490173, -0.3047334629676403, 0.5419927259889739, -0.4180509411166257, -0.8894305538287475, 0.4138306333193364, -1.087517570235616, 1.012861266235572, -2.799768056598864, 1.061809989397543, -1.591470205553274, -1.326153055014234, -0.6427739370772582, -0.5788725195037578], "unit_log_population_eS": [0.161429910220415, 0.1709269554562968, 0.1154916092681044, -0.1491850485472105, -0.0098311954891537, 0.1407957025299083, 0.1954672805029037, -0.1608977518423183, 0.0460289157005158, 0.1325972754513126, -0.3881403138993139, -0.1397966790453022, -0.0155289054785537, 0.2025365477040852, 0.1550077530609168], "unit_log_person_params": [-0.3307810056814569, 0.9138257409146956, -0.5927213200242409, 1.497211695111165, 0.1798529810020436, -0.4767647921149092, 1.22165568421523, -0.0428570227519299, 0.5721536144596828, 0.1938831109799664, 1.33625627328484, 0.1789730900810333, -1.33973125077279, 0.6675736771868235, 0.0917243178591247, 0.5853582901328631, -0.9352498525194588, -2.232718593700338, -0.2698809367158852, -1.112163950821815, -0.4662134328362222, -1.22429207871563, 0.6498939916546019, -0.0251922560735913, -0.4398319479586025, -0.0290535533328671, -1.434397039090982, -0.3121111899879397, 0.6340361774350356, 0.4101788615998348, -0.1970118534719875, -0.1021264502543792, -0.9083955131267828, 1.245978720781694, 0.0713298822800151, -0.031574752197731, 0.2554147780183578, 0.6514292112893182, -0.2259292703652871, 1.026124071055842, -0.5931806032187649, 0.278073458157079, -0.8348609646663843, 0.0880836103186255, 0.6107089660696724, -0.8001904840371752, 0.0167931912344848, -0.9851371000546556, 0.033858407605176, -0.2936464370094037, -0.2265189014289503, 0.0638395203005716, 0.8717713688470667, -0.2742757676823971, -0.9173935697814396, -0.0164320063718597, -0.4280999097715336, -2.045333970653015, -0.7046033784607966, 0.3286634127777943, 0.539499354959095, -0.9914584404909134, 0.0625354966194511, 1.967497051462146, 1.467326801200469, -0.2205131920432535, 0.1019034169873688, -1.133051443801637, 0.3175884160261351, -1.077770713547485, 3.037105269313723, 0.535208283099214, -1.002296626458849, -2.659490607993368, 0.8336531371319758, 0.5743863626547855, 1.644014418302222, -1.536773732334606, 0.616368021096033, 0.5916463544055243, -0.0050656532679951, 0.1069886487949435, 1.354792876740187, -0.0196661045656721, 1.286791726968625, 2.033302682395691, -0.6441575035684691, 1.036074575207759, 1.139504382452097, 0.2818061857795495], "noise": [0.1598930651304836, 0.1879485842340471]}