{"unit_log_population_eM": [0.2287723106660809, 1.456928598253504, -0.9933414307021968, 0.1997597905084909, 0.5786675565558193, -1.261530977870363, 0.0025422445319006, 0.6955950541731254, 1.575238507234838, -2.127224778197923, 1.717170058183768, -1.205187856703668, -1.614591414670739, -0.5958629421000722, -0.9671702646345364], "unit_log_population_eS": [-0.0579903688551248, -0.1377481380759005, -0.014552801643091, 0.1696535541080952, 0.2142958515466584, 0.6125850102581369, 0.2853381850488023, -0.2433099832422462, -0.1570449918716947, 0.1116493264533708, 0.207948508660632, -0.1851257584374459, -0.075289426295428, 0.0192685528169805, -0.2558712452162246], "unit_log_person_params": [-0.8212130108116926, 0.0311482702605024, -0.1639965310547567, 1.112492610168764, 0.451250534049058, -0.8565177709569828, 0.2365959422022237, -0.0803804196034252, -0.4027337779643979, -0.2504918695801122, -0.7946813840145318, 1.124825730541201, -0.7429664532708211, 0.9992577716277932, 0.3693110277579882, -0.899743009381173, 0.5789769009319542, -2.5156935432408, -0.7859527232655462, -0.6429116663625887, -0.0931696080197748, -0.3175571618735979, -0.2642712566673776, 1.499797953324729, -0.5446542944253333, -0.032534485667999, -1.39213807117109, 0.6730088053824675, -0.4764430151103313, -0.8791807536420991, -0.5184387473777716, 0.3132000548869751, 0.0970308188098677, -0.1745904355157653, -0.5105853626229174, -0.039279235124371, -0.3615266401956408, 1.993116989838992, -0.7013694319089371, 0.1225036935041197, -0.5705002351027367, 1.415772314070708, -0.9754642954379, 0.4191541444594186, 1.31019905497835, 0.582482284049289, 0.2373296073216564, 1.017218766483507, -1.00442397324266, -0.9421769240800056, -1.077418281970729, -0.8992625555168494, -0.6028135956399101, -0.0296255253698149, -1.703563957617666, -0.2153271529973393, -0.2400091505552971, 1.836659447696604, 0.4275604974828342, 1.058479367470475, -0.1774004649046877, 0.2041549849532226, -0.3178337502795093, -0.2699360792506093, 1.253849697906192, -0.9508689245507538, 0.3340502427852209, -0.5642851507248507, -0.118473695127756, 0.0853406537462894, 2.786473843219932, -0.2783253385946354, -1.09365490112635, 0.1367785370074587, 1.303455034382745, -1.256840439659658, -0.4027842142519644, 0.1956676636383014, -0.9677917335132776, -0.7584241279093816, -1.117879074605142, -0.9029481489595402, -0.1388370600892536, -0.3699922590985297, -0.0554524949442799, -0.2813825648050483, -2.219969881609801, 0.131417592432983, -0.4588588157587055, -0.5028591506300809], "noise": [0.1603105831592428, 0.173636256495761]}