{"unit_log_population_eM": [-0.1315245347514154, 0.731719954086885, -1.165262395755152, 0.1066680194840431, 0.6162558860511317, -2.583172695977738, -1.824007867747447, -0.4409300313536331, 0.7132910209962497, -3.004583545685522, 1.001056477914419, -0.7556733480188207, -0.8441695677807056, -1.099546230765843, -1.136274135871498], "unit_log_population_eS": [0.0486028421331646, -0.3292214946326021, 0.0552128809549606, 0.172743301440327, -0.1873237684734631, -0.1650911298990264, -0.068462459551079, -7.820612037813621e-05, 0.2302543045477926, -0.0311378952563185, -0.0352491090300601, 0.4052064748654169, 0.316335119026355, 0.3971403586624679, 0.1844161802311974], "unit_log_person_params": [0.0021826212954785, -0.657330952037413, -0.1760461065763345, -0.8134865579260281, 0.3409892558379279, -0.6152474032622209, 0.0300424854505701, 0.7028213974026145, -0.3998334522234562, -0.1156220027526737, -1.088071012453543, 0.0609475737143048, 0.4826676954047121, -0.0781706609942145, -1.332977755540858, 0.5839855911493196, 0.1176680752033309, -1.860384558129868, -0.3541133366173825, -1.844516522371304, -0.0781689003321353, -1.093811166836616, -0.0772949971783259, 1.325432325290854, -2.718330139978738, 1.32410786163763, -0.4932902384712463, 0.5644144068422681, 1.240777520482521, -0.3436573684078839, -1.218454520932206, -0.4022586443148598, 1.099382378054042, -0.9053252786624074, 0.1494234955718385, 0.1245861441648665, -1.28368281890024, -0.0314890250459791, -0.9421506325497055, -0.7956976382124683, 1.520009052818518, 0.2341759516968907, -0.9299017711327624, 0.8069921645568588, 2.66968791690719, 0.0395935514475465, -0.5360425971092163, 1.304969623573418, 0.5495548071502203, 0.1367372754741091, 0.558474928412283, 0.6341351334456526, 0.8015027159185062, 0.4469684523296657, 0.0951529727326906, -0.7640596036634136, -0.0956063220966604, 2.374857483223531, 0.1652824200071741, -0.5034906289856305, 0.5895551307098597, -0.2895858892396823, 0.0371013325448551, -0.131425488240461, 1.638375022710204, -1.35590518569814, -0.1626065339600126, -1.036663331882666, 0.1527458051127065, -1.718181042391518, 1.319082969243282, -0.024201490756191, 1.200915381055987, 0.3889351889388935, 0.2293449940083796, -0.7432488765184796, 1.084573320758726, -0.5027543803147227, 0.3114188150370376, -0.81006965298578, 0.2521864489970819, 0.7650638299698054, 0.954398486947284, 0.3527753674827404, 1.587331879944922, 0.3504680206190086, -0.3960232403837978, -0.1191824147915812, 0.9826677551367712, 0.0243848949393975], "noise": [0.1434927699269351, 0.1939061694962337]}