{"unit_log_population_eM": [0.8557981385028854, 0.1684042614202921, -0.2391928694491271, 0.7012977471999258, -1.208685073145677, -2.088745220815276, 2.596701943100725, 0.8530097532276972, 1.064184543659549, -2.96133150214862, 1.151425222766579, -1.742779013223964, -1.781785338913417, -0.4913754346606708, -0.3621436063729877], "unit_log_population_eS": [0.1580183420098809, 0.0345767346304225, 0.3129281266385938, 0.0728590917360971, -0.1912528678246019, -0.0040546231465637, 0.5552585498700173, 0.313698079842533, -0.0190740666923993, -0.1677836977754677, -0.0231615391910769, 0.0867312122113114, -0.1686951150765297, -0.0313637270467896, -0.3211569787820928], "unit_log_person_params": [-0.1324427698341138, 0.9695721228134084, 0.8852251334510194, 1.32941001913884, -0.2540624087309528, -0.5906656866935678, 1.143341067363094, 0.2085696396515609, 0.0772640107662254, -0.1676238400760887, 1.078959540893781, 1.031291138189087, 0.2145098375115745, 0.5537714344114797, 0.4347771557974602, -0.0579784270485313, 0.3729943429774328, -0.7203900561742377, -0.1623631723014069, -0.0790277916171616, 0.159550441871522, -0.9449256915637968, -1.237081878499659, 0.4635813990866182, 0.3125142812892823, 0.0490183641464002, -1.678152105458966, 0.966528828087676, -0.6897807271809369, -0.6586585775629579, -0.992795607823351, -0.5792551101531633, 0.3416709419362289, 0.4281543788666881, -0.5356198124735464, 0.6081514959324926, 0.855734007864405, -1.09680247321599, -1.383358277043408, 0.6022995850787988, 0.3972900456833083, -0.1232005014518865, -0.8799798441333588, -0.3511214096358752, 0.7886860509711117, -1.065780560242791, 0.3087855355779047, 0.0259974971079484, -0.4076727732404927, -0.3693647357079897, -0.6764801687057375, -0.5987786276476061, 0.3819814209967602, 0.2717898746351884, 0.6048628278105086, -0.2501145813994272, 0.4783303307084681, 0.1299499189955656, -0.3925252738408853, -0.851677633337076, 0.185241890175533, -0.0301576475284745, -1.377178582913177, 0.5072014442481079, 1.772565129836297, 0.0327574294933564, 1.251695359687652, -0.5558723028058359, 0.0035414701274992, -1.164177274583968, 1.947069710373177, -0.1932896902090284, -1.296163080634998, 1.224141289579906, -0.434274242118931, -1.650102019906417, 0.1845531705641071, 0.2936010337737668, 0.951637761741144, -0.6575774527724648, 0.0743553597109178, -0.1589040636734403, 0.8485476807837052, 0.5161493033317494, 1.591573460971049, -0.2375940917427653, 0.5481056139894895, -0.2059071621337696, -0.5960826290010333, -0.2256600232560314], "noise": [0.1479710491236361, 0.1855501885079358]}