{"unit_log_population_eM": [0.6425457274810549, -0.4367219862116155, -0.439009468691882, 0.3544747863320823, 1.655203770516771, -3.301357982930162, 0.7042968926151535, 0.3374493430665832, 0.8439605974192315, -1.16010781836855, 1.119758257254697, -1.060987722927308, -0.4559602518416156, -1.14403086656277, -1.31208297872895], "unit_log_population_eS": [0.1316186969003037, -0.3851817738908604, 0.1171318767377768, 0.0508007457917271, 0.0223725071700738, -0.0328913654209708, -0.1417588250234034, 0.1108278918371155, 0.2836840493778827, -0.1240674499044764, -0.1937281542792175, -0.0662025306436613, 0.273472436074135, 0.2263356490762573, 0.3795511645388228], "unit_log_person_params": [-0.1763005058665147, 0.0641051403484138, -0.7046587488674234, -0.3907102107372847, 0.9083699571990848, -0.7040227330669059, 1.016118693582496, -0.0687440483002083, 0.0960921419086335, 1.629720453689041, -0.2418677536275256, -0.5145191675801938, -0.923844184102298, 0.2983673472205423, 0.3357217075718828, 0.4832297515505075, 0.4126976108693047, -0.6651297377647777, -0.0361200082102516, -0.632932029502413, -0.8995434855913593, -1.37294904584037, 1.331430334911031, 0.3766832721966343, -0.0116560585439785, -0.2991937549185049, 0.837888544347949, 1.33012135176236, -1.893448120916392, 1.453077531453305, -0.224379431394044, -1.00679378504613, 0.1633370482605568, -0.5867962283936076, -1.264226805776494, -1.245553893992457, -0.9625675161065396, 0.9487273625282976, 1.497910035908489, 0.1116992648774563, -0.9182555595347204, 1.511534783166134, 0.1536586637351816, 0.3187479848910465, -1.060960719012452, 1.001693137861641, 1.036400707054983, -0.3790189596815325, 0.1771880508647727, 0.0524089396889693, 0.0502917770754456, 0.1854801096538467, 0.325383347534926, 0.5018823853984863, -2.316192409287541, -0.6414116884813624, -1.719089792585782, 0.5589941782886245, -0.8196178661231288, -0.1538733496913149, -0.0827968913397707, -0.2572580120042004, -0.0842104880066209, -0.0807623936525959, 1.153511895733271, -0.1683760275526295, -0.0440401356874737, -0.1583161607511927, -0.1916749018080181, -1.604379827125356, 2.873954190638401, -0.6968309775867557, -2.161181123091268, -0.9069389954468616, -0.1303153760446555, 1.051911007194271, -0.4950137102717622, -1.332420663425025, -0.0550426364293303, -0.2164167542101075, 0.6268831036022731, -0.2377285542269867, 0.6394651987815766, 1.157909059566991, -0.8292394266182155, -0.3364870823841166, 0.4695637742994992, -0.1913539712540746, -0.2645719429146453, 1.283235451859768], "noise": [0.1420984171041433, 0.1588097333151598]}