{"unit_log_population_eM": [-0.136825524254837, 1.181212802877268, -1.386657691337452, 0.5238646270137423, 0.5637152919576606, -1.363475573196953, -0.8776189430690444, -1.045597857779372, 1.079277306811255, -2.109672764321803, 1.947479585037863, -0.9426392921254848, -0.2970564932587864, -0.7841492463706202, -1.326316281202345], "unit_log_population_eS": [-0.1097909228492254, -0.1165285410982854, 0.1218952197567773, -0.0847177827519616, 0.2196088408490454, -0.1304777764753982, -0.0321356479447215, -0.0135555837495108, -0.2802498727077611, -0.0921969994154139, 0.3205349325709593, 0.0772844961629792, 0.1597528618495066, 0.0974685371650006, 0.1872713324690127], "unit_log_person_params": [0.5532471533792023, 1.641995141657302, -0.31205119346423, 1.001825472009632, 1.23336393078133, -0.3424241671931142, 0.6306894857745952, -1.289257557839501, -0.0437574627859586, 0.950678949793912, -1.595771814153014, -1.350910513901447, 0.3545249176672562, 0.0926268965847546, -0.2882168369709, 1.076239472697853, 1.105571873673497, -0.5016936004919331, 0.4159906763852624, -0.2122812309489074, 0.6759625537545797, -1.192228211407127, 1.03974118074274, 1.594189720826508, -0.1549852467699943, 0.0019851980891179, 0.5675726507556556, -0.1563486279458038, 0.1927999260571684, -0.9860363261381888, -1.363177307741459, 0.286608475012689, -0.0651333007456694, -0.1376471342737497, -0.2643796588237221, -0.4487186553275148, 1.632219193757669, -0.4683923897243215, -1.445425988675202, -0.0684419290412974, -1.246975256767925, 0.4758619270472605, -1.006681989148426, -0.7928809467556182, -0.3754707707630431, -1.637080947848635, 2.036655655394514, -0.301807114266812, 0.4263910108406331, -0.1549221378689654, -0.6960051242186501, 0.432665694567791, 0.2696643831005819, 0.0147421963324218, 0.8872332525197717, -0.4655479949633483, 0.385241230139387, -0.2992892397396117, -1.175225457105314, -0.5520741365460753, -0.2463390470426351, -0.6830885009130235, -0.570302813105824, -0.1942116842249274, 0.860057902655627, -1.256949750269874, 0.4913540903335542, -0.4274279883370681, 0.5188752510990947, -2.156359493167296, 2.491193102474269, -0.4693027687273144, -0.7892562828657373, -0.7082136626061685, 0.8606350097410668, 0.1542767764683365, -0.4159827649350662, -1.169828225182798, -0.3840847997491, -0.4859682348481491, -0.5698214819316637, 0.0387093164042223, 0.0207729649926902, 0.3370777526102862, 0.7088944470963655, 2.328742204167085, 0.0032429346094723, 0.5122393354809678, 0.1132023695334773, 0.7051353328416119], "noise": [0.1768211912388794, 0.1733854308118442]}