{"unit_log_population_eM": [0.2034645589983177, 1.0164793854112, -1.550602474843539, -0.1018271829406652, 0.7356148150045644, -1.36620997521353, 0.4263822659538287, -0.2934826100299139, 0.8050736862024743, -1.936519287288916, 0.9739356633276824, -0.294131584589723, -1.960302803693636, -1.018022298459208, -1.569574253171895], "unit_log_population_eS": [-0.2486303737065937, 0.3833895290031222, -0.1372013536716538, 0.6861543617467282, 0.6554656435225887, -0.0428553752893627, 1.212943276734104, 0.0260139861459068, -0.4052031192371338, -0.302589002930747, -0.3657204252783247, 0.1444057072249905, 0.2345124117554058, -0.1245795811164689, -0.2009176165452499], "unit_log_person_params": [-0.004184672684778, -0.2967350041626336, -0.9394511305382436, -1.353574699806629, 0.4513442756808182, 0.5203805610399556, -0.3395979623802208, 1.043921323977378, 0.155878992012034, -0.0983375455160788, -0.8518104846349863, -0.1723827592051857, 0.3979195013516867, -0.6964169102341432, -0.0254236949401629, -0.0536058365389718, 0.4213643641809257, 0.242897972555784, 0.4202650121005927, 0.3209367275274488, -0.4923863244946327, -0.8509816847089213, 0.7425696674604603, 1.490863393539803, 1.153293934914984, -0.6405185850837758, 2.245003525857941, 0.3589886978580157, 0.5877027461010982, 1.240764226314911, -0.3745098975115849, 1.125620553148643, 0.2121703451455009, -0.1218266538477509, -1.735281152249109, -0.1329178039879611, 0.6443840972454236, 1.302611777930306, -0.9835619112068512, 0.1790046404209975, 0.8634477575232814, -0.3015585925420705, 0.7444287807075092, 1.043873195563969, 1.069150833829882, 0.3674987707121516, -0.7082923878076399, 0.1589638666852941, 0.8232544426594092, 0.066749580252322, 0.1260937892785714, 0.4909142362979247, 1.141299570262365, 0.339334436667485, -0.5142896812458323, -0.3968939732861996, -0.0973250536758748, 1.108601262622633, 0.6415558764747705, -0.4989588568991959, 0.8872267944352363, 1.405492141794055, 0.5882467413943333, 1.591515017987724, 1.443047877509194, -1.415614293107238, -0.2163168430706192, -0.9840939869296816, -1.196254808504858, -2.827482927747339, 1.645523870743513, -0.7352997751007317, -0.332207575072053, -0.2420366734266175, 0.8576009737260863, -1.482553373286629, 1.733467061735634, 0.8363048974639189, -0.1544876770487558, -1.428598187071151, -1.172848936262146, 0.5789051801616601, 0.583535289388794, -1.169457529076227, -0.2935998943585817, -1.193324674027567, -1.935235314138353, 0.213077244758522, -0.5219428783948633, -0.2524654779233301], "noise": [0.1554673673191172, 0.1904245130482805]}