{"unit_log_population_eM": [0.448660045402178, -0.5873600454446685, -0.5166640899492656, -0.4869067970856881, -0.1916260958300146, -2.225896086603435, 0.0942542283695954, 1.14094053621978, 0.5407742142491128, -3.77526871832028, 1.189995529257353, -1.790838583626105, -1.664050560806985, -0.4646884494072643, -0.1863755992145675], "unit_log_population_eS": [-0.2719147215474081, 0.199181376332654, -0.109759648615736, -0.2302441042953179, -0.154720724922884, 0.0932153910997199, 0.0558508929522134, 0.3164391728381919, 0.190787824833569, -0.2199502816956268, -0.273616294534788, 0.3875547199920914, -0.2089995712507949, 0.0170283966216637, -0.2820496146407372], "unit_log_person_params": [1.708327097172298, -0.5341018554927327, 0.7345013873965878, 0.7774294867365302, -0.3703682437145832, -1.357339714350146, -0.3531310620632789, -0.8804096779264009, -0.9114983617577816, 0.6023664215575721, -0.1856446586762464, 0.9849548995305192, 0.3113989000969337, 0.7413735381505236, -0.4855499723820011, 0.9611754247923264, 0.7622713272285951, -1.41682770117153, -0.0257420999896876, -0.1236311876714422, -0.0358109886093448, -0.5919072689668395, 0.1878228688241508, 0.6422294386093188, 1.121661562391364, 2.315848702451078, 0.981787216399588, -1.051517212149762, 0.3807011821742511, 0.9575530159913124, 1.235443629128865, -0.0482514573804482, 0.29153549964519, 0.662248995447884, -0.8590153699993435, 0.8506825013706697, -0.985959814752152, 0.3494820651357357, 0.0520476133556896, 0.0666482963994697, 0.9084973197097732, -0.2484734882143809, 0.953627425807527, -0.1000889321247271, 0.7519759890450537, 0.0711026727593695, -0.4591009226591546, -0.3887678977767743, 0.3414598322417878, 1.061481889692332, 0.2666632437485601, 0.5293771298129512, 1.064882039851997, 0.5306638212159503, -1.808018886794236, 1.403844926429204, 0.0769676416554527, -0.0201176352855092, 0.5004586600169834, 1.086081252205839, 1.326283754450637, -1.839313688123549, -0.6945308734250109, -0.5550653475506024, 2.445425304339842, 0.7964450678863915, -0.1815580041376738, 0.2846962211448472, -0.2725428414433123, -1.34938556521418, 2.298388277856569, 0.5833799849492546, 0.3842626072815207, -0.9505095105000756, -0.2874625030554095, -0.2124701790100045, 0.8175827677408362, 0.3853120751514387, -0.7882631472637529, 0.3839637065615486, 0.1319382522553665, 0.2691705487126481, 1.279099217365215, 0.7385883616610334, 0.5325907318909056, -2.16170074233613, -0.167582491840858, 0.0113218939547935, -0.5223024440100089, 1.04297256584616], "noise": [0.1988823603595047, 0.1654224339921394]}