{"unit_log_population_eM": [1.1409544425843, 0.7892793582355156, -1.125332201718883, 0.8720383851859438, 0.5383168342941786, -2.421589073965714, 0.1466477101522374, 2.064305369626528, 0.9792680327613508, -1.942108913714667, 0.9483952037522962, -1.43505912695322, -0.3165785048742224, -0.5000590392877494, -0.2490375619392447], "unit_log_population_eS": [-0.2522593635082584, -0.4024385155386347, 0.0278746333872933, 0.0249199490088064, 0.1389323317093005, 0.3242718249402759, 0.0461593692678336, -0.1361311984681517, -0.1366633153009037, 0.4242203599379004, -0.302165228145424, 0.012394325640189, 0.1752575711044369, -0.1380121875136308, 0.0489027798370454], "unit_log_person_params": [0.4291936021053375, 0.0346367995486084, -1.33068084032561, -0.7033521692560984, 0.4439142509288915, 0.1101522612458955, -0.525310952048513, 0.4702357173897592, 2.169706391117431, -0.8954668161557551, -0.4453326951204818, -1.57010813966453, 1.359818222877102, 0.1372523399230847, -0.1061277825747594, -0.0780518927188426, 0.7114999804533327, -0.3568360876218997, 0.2655709860544929, -1.227539101108095, -0.6602720479346963, -0.4909311085635299, 0.42129951615077, 1.511020342663169, -1.102111275412037, -0.3740775394927192, -0.7750169895909418, 1.205510119475858, -1.252931759365816, 1.117569862923799, -0.1804433022272562, 0.702615988048318, -0.2495958699265511, 0.524665144687481, -0.9804432252886792, 0.1553491181682793, 0.5579013124978012, 1.225635010132252, -0.3090335772319772, 1.121156095555262, -0.49339868165564, -1.145383826107775, 0.3853646586440064, -0.1936716255915142, 0.029318066310424, 0.0341292604112901, 2.951429628124871, 0.0874895649430413, -0.5812559846080296, 0.3063230003372426, -0.3380694914830781, 0.3117139832792423, 0.5660305486829651, -0.1302180976439839, -0.861834207480217, -0.1374439604169576, -1.245228499645849, -0.5248477564510953, 0.9485176121465728, -2.562953714499161, 1.011191308570897, -0.5072428343215268, 0.4109549724701185, 0.8213393079977325, 1.012411077241313, -0.2634689230580646, 0.0073969612203332, -0.9884454512871608, -0.0436427577372312, -0.8738924794191517, 2.994910172914703, 0.5368263988116533, -1.648591761917946, -0.9695046315927704, 1.190754401074227, 0.7056480140385969, -0.5747179456562068, -0.0589606476767447, 0.0629279783963413, 0.617110649698036, -1.14401597170113, -0.628893377547389, 1.046909506206001, -0.8066533493393323, 0.4078367023433845, 1.745539867932858, -1.690232040055676, -1.866601496564784, 0.2165107744975948, -0.9258323950743372], "noise": [0.1562805238644926, 0.1653818331738004]}