{"unit_log_population_eM": [0.2269662504594861, 0.7330447574615564, -1.329385954157689, -0.4278545548310864, -0.9451912940404656, -1.494675448258767, 0.0809215022032608, -1.050512289836429, 0.7683146576504564, -2.06904390868882, 1.494845373296601, -1.106172640457399, -2.071611907342097, -1.08271294513555, -1.128998804495711], "unit_log_population_eS": [-0.2960020285580064, 0.3618970939299592, -0.1967079172913551, -0.0925737604142223, 0.2555184651496769, 0.0808534211856863, 0.0479677042110425, 0.2640459273994397, -0.1827773727672831, 0.012134897906076, 0.260739847845016, 0.1684872253168304, 0.0743568490865299, -0.0917488309456772, 0.0149238791235109], "unit_log_person_params": [0.332512124629989, 0.5887358658817912, -0.0876075792426485, -0.3146176427842982, 0.7755592319890947, -1.951351503085994, -0.3656659213831078, -0.8977424824634744, -0.3092265765452594, 0.1897320636229862, -0.8839324569552283, -1.110621255381059, -0.5840152701980892, -1.262601208013141, 0.5968945891361738, 1.104176261726354, 0.9579027370552612, -0.9351483944367238, 0.2460531934968097, 0.7992473012656923, -0.2269357726617578, -0.5631052072243549, -0.2171246283859686, 0.6938602445485331, -0.1703190992456072, -0.0184939847613773, -0.042917236624842, -0.717502140792452, 0.2246624805358558, -1.573458937039207, 0.4283410507397168, -0.2752951706679149, 0.1455842799820298, -0.6444597093787646, -2.055302249712502, -0.6283534647613094, -0.5116156307208479, 1.019582036371123, 0.9472847096941402, 0.3013936647762259, -1.110327614273797, 1.346842591512772, 0.2341405970607977, -0.2785682334140103, -0.8494074098611347, 0.9608227014096802, -0.6861289279774632, -2.658796451395698, 0.4795111666746025, 0.2660589350418631, 0.442483089333533, 0.5120238618316293, 0.9568707214396192, 0.5637063643827214, 0.0963636616769297, 1.143947076102138, -1.480971979918751, -1.582236958856571, -0.3039763617139666, 0.5110991177188345, 0.6972392766776654, -0.8977209736153964, -0.4418361851461874, -0.1665967897540137, 0.8329679658166163, -1.064072119991412, 0.0348208481328406, -0.1554671400720604, -0.7855292132157534, -1.4373495387656, 1.490200925130564, 0.2825786294343951, -1.921612246319846, 0.4202922061542526, -0.934234093868942, 0.7901376741983287, -1.256023319871532, 0.2778893058210234, 1.15446832379235, -0.6045247548725802, 1.311279166372002, 0.2592723108272068, 1.966225212466601, 1.270755868571295, -0.4209148517079106, -2.652533115447236, -1.999757402468703, -1.506101059873109, -1.822058357925244, 0.7867246975387946], "noise": [0.1419328300838604, 0.1726980074815094]}