{"unit_log_population_eM": [1.290836541358954, -0.1255659979888786, -0.7075543196810498, -0.1890146703241604, 0.9693037913592994, -1.599940017746627, 0.134993245417249, -1.292546218400228, 1.491852645142438, -1.342901002758825, 1.331955732591948, -1.149237834249845, -1.761520140331169, -0.5477654875006059, -0.7988586118254379], "unit_log_population_eS": [0.2818547947078038, 0.4355363458506312, -0.3165349468534734, 0.2703166245411787, 0.2336050058529953, 0.0598737274215401, 0.0144503884803969, 0.4557750135384018, -0.2459365888881127, -0.2394751334964323, 0.2117288226718105, -0.1265319872344646, 0.2219784353635841, -0.3781420588082814, 0.0322119268952003], "unit_log_person_params": [-1.029187617001539, -0.6483883902949724, 1.059593204928627, -0.4358746410297029, 1.45440935414568, -0.957584753507457, 0.9322604131887084, 0.4455054635393987, -1.173166623941458, 0.9231654642343556, -2.173328383705475, -1.082934358011352, -1.643476019554118, -0.0157891098215209, 0.2112469478661656, -0.6096254221809524, -0.715730394301332, -0.2148027055221267, 0.7930381489089422, -1.307548732206906, 1.107315673865965, 0.1745981069654531, 1.979341791083924, 0.6256063582084324, -0.2939163062762835, 1.06421977876051, 0.6310588830292664, -0.5640842473700715, -0.6602960711893363, -0.1533347293242573, 0.0879973012074925, 0.162528062301249, 0.8627410767067973, 0.8528582644510354, -0.5879172960498874, 0.5969209022469352, 0.1036268372041354, 1.529503465017735, -0.0028082917984475, -0.422588372094663, 0.4734541306073566, 0.052752085614493, 0.9516381553339882, -0.282940315560777, 1.293362648201586, 0.0515035088539956, -0.2006305901973312, -0.3969007489257059, -0.7595855166478513, -1.133301310989403, -1.828524896751067, -1.142438750167534, -0.355918502984351, -0.8167373027048892, -0.7018787484278547, -1.109442479187802, 0.0262438232725511, 0.4285401996241459, 0.2981659880565652, -0.3095670884521209, 0.440731193951317, 0.1487031201462101, -0.5108848935622345, 0.563484951141643, -0.1417819056417858, 0.0814550362428398, 0.6784372151625783, -1.311533189879192, -0.895240835242029, -1.726184562862401, 2.575904336547194, -0.0475175184604117, 0.3438980688421371, 0.0802623574600469, 0.3883530840639992, 1.337818080568723, 0.4463853830530873, -1.510512245469075, -1.097475781275087, -0.5415003033753991, -0.5114699267217421, -0.0166511809584668, 0.7830657249187367, 0.078562169067096, -0.808899238467077, 2.775311548980178, 1.064863290245666, 0.5049619466539729, 0.2229853202502505, -0.9984278110603908], "noise": [0.1554778812880835, 0.190393064469919]}