{"unit_log_population_eM": [0.361180944929019, 1.995110894762414, -0.9149883167192154, 1.251063727649333, -0.5938679629951931, -0.7584129366026701, 0.8766358023288569, -0.6367133678119391, 0.2526055728224488, -3.341702588828587, 1.156270525611632, -0.9092764733234232, 1.589876384841229, -1.055588542409417, -0.650780901633698], "unit_log_population_eS": [0.0815281695044365, -0.2958285302349052, 0.0983078585123721, 0.4491420038896323, -0.2872127491974414, 0.3611700872879018, -0.0478599054041087, -0.0797774884642832, -0.1561317118706843, -0.2946245709912987, -0.1697202120879775, 0.445496549650118, -0.1536641631833581, -0.2949274317729083, 0.3114863979211487], "unit_log_person_params": [2.393769233058527, 0.8012048764948932, 0.7958625275211512, 1.567233908428962, 0.7583800440754751, 0.1993862855616119, -0.2455992017156245, -0.8578797524235326, -1.040330533550129, -1.256857878568924, -0.4100521341130653, -0.8077010405865115, -1.122565436331186, 0.2881209552675295, 1.540551842100227, 0.7163801599754716, 1.114266741025155, 0.3203412230048945, 1.494111904485618, 0.1345711995454385, 0.0453151668319077, -0.045987738394044, 0.427144334431686, 0.4544956143169918, -0.5569712075189247, -0.6570911435329384, 0.195542263754527, 0.7064291964218072, -0.1230967541309843, -0.4473553277846246, -0.1897922416225317, 0.870505739434812, -1.44031071816191, -0.987449028642792, -1.82521880612655, -0.7237529894581081, 0.9946350275769124, 0.1031931903372022, 0.5392193184968089, 0.0555155580458699, 1.29032329220461, 1.178416023538589, -0.2588330774800991, 0.0432223937011974, 0.0525679943448419, 0.6430715389200152, 1.596340160018795, 0.1200552891285767, 0.7676357315537641, 1.385706015255511, 1.194600164232357, 1.320484155346585, 2.13281729105598, 0.9853084273744565, -1.597812056740874, -1.476061365239398, 1.413356873988648, -1.96356977679212, -0.9327801225175968, -1.654686990943589, 0.3020414138603598, 0.5514020366608523, -0.9566304006205874, 0.3512448796709238, 1.155942475657284, 0.524438248354427, -0.1701573204499276, -0.4284805433192502, -0.525901444960278, -1.650319329101549, 1.369915565914173, -0.1995017467579967, -0.3737290623604528, -0.7904842000803214, 1.215144363787188, 0.2739275126490017, 1.067985632951661, -1.517627555275305, -0.9201955490824364, 0.6663200617342033, 0.7504083746487026, 0.2958216214352077, 2.497443029404016, 0.2365258488530515, -0.4644705833266506, -0.4451880899132676, -0.6563207919868063, -0.5075102060945355, 0.8035174285418314, 0.6107104936476115], "noise": [0.1415839294366409, 0.1858996267297688]}