{"unit_log_population_eM": [1.321830355263652, 0.6948539365802854, 0.0476221749926286, 0.9024433161704613, 1.591086518854382, -0.4781751683870492, 0.4168467814347865, -0.2589508120914641, 0.7003392910996905, -3.69963485771359, 1.257932387671533, -1.413924874837938, -0.4149843864742769, -0.2855878683796849, 0.1558180275884715], "unit_log_population_eS": [0.1496476644323991, -0.1031302545058802, -0.0307159301252448, 0.2393062054125706, -0.2331702302900642, 0.4782759604368749, 0.1496353314179487, 0.0074838184534023, -0.1051701353199145, -0.1973642479953359, -0.0273067652225127, -0.0587070578395536, 0.2508019517273776, -0.2632443211939661, -0.1743900028715883], "unit_log_person_params": [0.1903681159891983, 1.608683060916583, 0.5686472301877281, 1.559212024710551, -0.0542773778388081, -0.3674836599472817, 0.6803551972224035, -0.2186608877235468, 0.6932380100867997, -1.093804321760006, 0.0855423294388766, 1.071515689650744, -0.831833668412739, 0.8194383189699534, -0.1531996752735585, 0.3968657738934021, 0.3872863892603144, -2.132656361567232, 0.1347680255907471, 0.1878994444439228, -0.1918828895430353, -0.4810562618486456, -1.175763245622928, 1.675862098728878, 1.611267492553529, -0.6217012111071936, -0.0229656181003425, -0.6637519689112019, -1.16712848914806, 0.7091831966756884, -0.2615079420421774, -0.2078287453752128, -0.3267336813956686, 0.4321204891147743, -0.7217502604843667, 0.2072458793413525, -0.8395390832989882, -1.823095723347875, 0.7948444827793472, -0.3159204931790733, 1.296025915293614, 1.136202749148554, 0.9504140063550226, -1.555110496148885, -1.182256943223459, -0.4439951665924716, 0.8034358465565117, 1.04738010282154, -0.0168813369212182, 0.3576974526180678, 0.0203787804154182, -0.2648664893783368, 1.542231590382841, 0.3838457087970335, -1.652183666455396, -1.118207490985215, -0.1774953139655921, -1.713493644668896, 0.2096115614173555, -0.1681453515164219, 0.1026220187321554, -0.5237735473882297, -0.6020958703174014, 0.7826495852703481, 1.551581507102741, -0.4334345738990255, -0.2951458222887514, -1.427163858331695, -0.907041631093717, -2.710895989959557, 1.560774656011816, 0.3360644695540937, 0.2565326785457472, -0.392598247796636, 0.7103503889722618, -0.9554777829505698, -1.243781832545581, 2.162605008433746, -0.9282558953857863, -0.6569114280550494, -0.7070647484969946, -0.0551905529513306, 2.934127824807943, -0.6692902497510091, 0.0986079918027896, 1.611162775296332, -1.363631964572667, 0.4625158260951817, 1.110088415544612, 0.155406789053672], "noise": [0.1476283841449797, 0.1946622670670016]}