{"unit_log_population_eM": [-0.7381264907568752, 0.5051895389494614, -1.01704284401429, -0.3274238713259442, 0.4644210903808527, -0.9025017013895132, -0.8901011863453128, 0.2887798861178024, 0.9125065096129984, -3.671802230120305, 1.720550534234487, -0.7979874720258074, 0.8678997921416389, -0.760046287547227, -0.3950637073610251], "unit_log_population_eS": [0.1374345154714476, 0.2456904828497777, -0.4972916491019768, -0.2814593080937934, -0.3372531875965867, 0.2088743944894806, 0.1216098821358611, 0.066386910645794, 0.1141708104759791, 0.1215977982752292, -0.2744860840797927, 0.1011607740764122, -0.0753236024959503, -0.3202398076199539, -0.2669335482252209], "unit_log_person_params": [0.5522421798905839, 0.1376748555528351, 0.7751820513887134, 1.497530172888182, 1.021388331434493, -1.231739964850301, 0.4423519632149859, 0.4774395860426031, 0.9388663380435824, -0.2953450104371065, 0.0973577295259294, 0.9180754139385756, -1.203710512039278, -0.8112293808601133, -0.6147465375974352, 0.0010417697744112, -0.2343319654816197, -1.827189810081706, 0.6060666285700687, -0.0495408549800539, -0.1094804914867802, 0.4780342223501516, 0.2941871749584698, 0.5641399632425204, 0.5317603616197397, 0.657324745683026, -0.2634788495674669, 0.4361522744046949, 1.538577354517804, 0.7674680071421237, 0.3727428707252645, 0.7353843209158002, 0.9834484248540196, 0.0945320618529265, -0.0363811612477533, -0.3845330524640775, -0.3207288458058243, -0.2933103353311171, -0.9427513513922484, 0.6749676144252934, 0.2316690225194021, 1.350983362191671, -1.12256695622082, 0.1750961991717199, 0.8888815344531706, -0.4860675820686572, 0.0492937061370921, 0.7028488620462539, -0.0268351432725769, 0.0890184723074062, 0.111080571373386, -0.0419325411403608, 0.907885533335357, 0.5061281032250469, -0.1651198064647326, 0.4739117383098008, -2.777322307524415, -0.706031287111805, -1.512858524323852, -0.7573413269863296, 0.4980883194709274, -0.8173341201791013, -0.1732982610908034, -0.5883012365764203, 1.144364820812487, -1.317171821900188, 0.2503336531705028, -0.6462227094102252, -1.165316123440313, -1.743193172042672, 1.509449246632147, -0.5498879179771222, 0.7846084613272652, -1.538266638359939, 1.037966967333204, -0.7852655376131463, -0.2916740360329194, 0.287372714789621, 0.3554686388241817, 0.2963020674754402, 0.4102002913007158, 0.5456439419538179, 0.9617700415627486, 0.5191902230213681, 1.953149045800679, 0.1609588028625353, 2.086593675207049, -0.3763966280438676, -1.004360657008595, 0.9882315220938628], "noise": [0.1434763816215655, 0.1794672965496066]}