{"unit_log_population_eM": [-0.1017403256770249, 1.630614909360713, -0.7316477755985743, -0.9277692848118352, -0.0721601342968316, -1.937884617490882, 1.850033069686113, 0.2466878190346608, 1.147874061428429, -2.691589639844628, 1.313561640970905, -0.7576508098941266, -2.25193948555018, -0.6571364466053571, -0.75159195302151], "unit_log_population_eS": [-0.1153129669886784, 0.0394154328500467, 0.0259423848290958, 0.0823881454701921, 0.0760104225647853, 0.3880680472890758, 0.5310825099087059, -0.1268110737440723, 0.1838583281892618, -0.0314027348769703, -0.056343105117105, 0.4781372616882785, 0.1941917908702234, -0.1485261049236168, 0.0940287217995282], "unit_log_person_params": [-0.6386331216028737, 1.257757318235554, -1.249902951088238, 0.9609992494028764, 0.274168165678859, -0.7924059482515858, -0.7732624338137344, -0.7762483884184304, -0.3151281580373206, -0.4710506462324169, -0.2116306438683003, -1.191905104782805, -0.1856152497567518, 0.1540172431069606, -0.2037568471442357, 0.2520553957838403, 0.0791909109797541, -1.067802800908391, 0.4986121684725037, 0.1968756681235114, -1.032671938954042, -0.4828124588727492, 0.6797103106375699, 1.20289007704229, -1.507146917657971, 0.645406766525527, -1.884255095764829, 0.6589294116543186, -0.2259295142554966, 0.5741849742055477, 0.5553674181257877, -0.0038464005305695, -0.5523039105620046, -0.2296188353193011, -0.1625086577385401, -1.146090007910418, -0.1523527846367274, 0.863454489359835, 0.400055689668332, -0.8864056437172363, -0.9229125944901484, -0.8220872216900729, 1.504371105849086, -0.0382334040597293, 0.3377772697548919, 1.623951683113734, -0.1014792660982832, -0.1352491573035525, 0.3849614762090652, -0.2064236261120177, -0.3273229671261149, -0.0812994447373357, 0.4845813554855313, -0.5085466437716042, -0.8971945624841107, -1.1437903075424, 2.052504413663431, -0.1670558127173545, 0.3102745339332897, -1.989676494949856, 0.5885238114730983, -0.5623982566828326, 0.2342819952190629, -0.0241571591732587, 1.254142828462023, 0.1053512888718142, -0.4978397371272875, -1.053668613032178, -0.7923139335705487, -1.807564739771338, 0.8677924538562716, -0.0920750449314051, -1.351331710312906, -0.93197133845566, -1.024026057485158, 0.094114642626002, -0.4311746991395617, -0.7657201686800351, 0.5875662827721965, -0.1835936402823304, 0.0312305887974236, -0.5835314072463934, 1.24557880393217, -0.3802518041209299, 0.0012974320179266, 0.6342546728022538, -0.940038280123452, -1.086318080960188, -0.4984125037705871, -0.3666047761254075], "noise": [0.1427737181138713, 0.1906745211725847]}