{"unit_log_population_eM": [-0.2205036543138499, 1.519985293259413, -1.841119418055144, -0.2160511455810497, -0.5479165608538367, -0.9091773724109636, -1.01609962218508, 0.0714671568404033, 0.906477318549254, -3.072287500598691, 1.34621643796143, -1.094868622578802, -0.5642592293520781, -1.093658684469146, -1.09337594252526], "unit_log_population_eS": [-0.3513135340387405, 0.1111032335855885, 0.2359541263141505, -0.117846693050524, -0.0814950643705569, 0.1976638596761313, 0.8445693318459274, 0.2203299312603165, -0.1796569461487595, 0.4946729610963396, -0.1559551271342475, 0.2086106391358993, 0.3252997103305616, -0.3148782113387859, -0.0024640364817798], "unit_log_person_params": [-1.273242608315106, -0.2112386204727016, -1.145763507848754, -0.6539003962820453, -1.066087675353812, -1.734467219194274, 0.8241156350853783, 0.1476650874856723, 1.118832446363581, 0.4143860493252878, 0.2526875238876233, -0.5530528729159876, 0.5135646148578887, 1.060387802744316, -0.8775271011762551, 0.5089109195755147, -1.045461554812316, 0.1171923689047417, -1.269206022766008, -1.046770365373296, -0.0665521386229164, -1.008291462008591, -0.0858656774233877, 0.2288439067060032, -0.2356728897971884, 0.2144856445733811, 0.3073387196467844, 0.5187016812694003, -0.5394736898158533, 0.8978674095555915, -0.0962821854457226, -0.8353305783200167, 0.3687808698139527, 0.6969872132620372, -0.3445514196520756, -1.285715971510313, -0.0968431402402479, 0.0580409800129008, -2.278615584839929, -0.7758895976389799, 1.2487771502882, -0.7571465529982035, 0.3077552882094983, -0.3413591749801965, 2.203437550663615, -0.0627302268246611, 1.212310017685808, 0.592724499064202, 0.2022367701667321, 0.4531057542883054, 0.2181919863100457, 0.1087439855469332, 1.354822347889016, 0.6956756617193304, -0.3582353009489994, -0.7732553280570518, -0.6488878804098964, -0.1416461438485045, 0.4794697642510919, -0.2418860184160513, 0.3469163152062427, 0.2181684536655054, -0.5075702282125218, 1.08332691657313, 1.741889313856671, -0.8834464489275261, -0.2551121421604022, -0.178669951225881, 0.2135588775839421, -1.183645838986547, 3.087325774258086, 0.6976746897379261, -0.6829555405167214, 0.2716687439461595, 1.179462566703081, 0.2756773084140046, 1.70456483606692, 0.0279979113211561, 0.169261423210427, -0.6559251734363688, -0.2944981285044881, 0.4630542207953799, 1.410469243188462, -0.546300015669948, 0.5649118474721333, -1.267977477117656, -0.5764720230119713, 0.1524257130291924, 0.499082069996282, -0.95459539541902], "noise": [0.1341418579836936, 0.1787568976426603]}