{"unit_log_population_eM": [0.8273625785937839, 0.954270436929854, -1.042340874850363, 0.8608474929212545, -1.405796398981607, -0.4135088166572611, -0.2057048005159642, -0.1007100361230002, 0.9658227354879838, -3.665488023687833, 1.796467967046262, -1.825452132140554, -0.65443067661995, -0.3755686609421334, -0.3750180319425629], "unit_log_population_eS": [-0.2128997550028595, 0.1639501088061717, 0.2519761987430673, -0.0829578058507008, -0.0137908335113251, -0.2313296308588982, -0.0809940330105013, 0.0804501408280233, -0.2658189984895655, 0.2863446370974042, -0.2507611820319265, 0.2482881238627618, -0.1641779633489453, 0.106976756566249, -0.0523045151348071], "unit_log_person_params": [0.3552995746029656, 0.3268896527052291, -1.421017495653109, 0.8209438324249502, 0.7448790458576068, -0.6644844847385618, 0.315391339507192, 1.035856895347737, 0.9785950623706768, -0.3458308251231098, 0.6948658811577292, -0.425976300299758, 0.2597052027884426, 0.5522744181134305, 0.3062877885402329, 0.7560078545222501, 0.5391913572241205, 0.2347215842402563, 0.7237843895867548, -1.485880881763931, -1.388539106600649, -1.262866418679597, -0.7902091883682709, 1.20991068308724, 1.321044151642427, -0.8912789770118849, 0.692736093464897, 0.0914669878007128, -1.419753692799026, -0.9724807286130676, -1.228407424626741, 0.9152823911876112, -0.2129648437316459, -0.4883358538766541, 0.046800289474587, 0.0472389450760737, 0.7950922329642268, -0.6557684365917487, 1.10282654557773, -0.6708927246604334, -1.167510261871308, 1.305784797602858, 1.072784840398572, -0.480644344467887, 1.18077266546839, -1.888137517478013, -1.292347814215704, -0.3981032486210989, 0.0713891977501809, 0.5222928283711287, 0.5308809809866829, 0.004155403412192, 0.6433882665201966, 0.4142215054327785, -2.002092926576766, -2.364294307402887, 1.061846936013217, -0.4191460459173331, -0.7589410519890167, -0.4819264070444688, -1.510965770923239, -0.6573065162372227, -1.602324890222828, -1.131908707527074, 0.608526233308492, -0.3364485012816688, 0.4298875126858451, -0.3939609866692939, -0.1137001557171726, -1.414350318192279, 1.913203220405066, 0.6717902884886059, 0.1156027888482526, 0.8054949207741628, -0.6082571407277738, 0.4376313525629405, -0.6652932234348797, 1.20240545913724, -0.854427861168641, -1.049075434597107, -0.4013285366486163, -0.6087925938872077, 0.2569126765746595, 0.1124637839259046, 0.2874147024630517, 0.4428125046003691, -1.301106999494014, 0.9079107878565312, 0.4263688398484202, 1.332394991263868], "noise": [0.1349825847416646, 0.1701092184690871]}