{"unit_log_population_eM": [0.2684014571050679, 1.641365911071798, -1.083083345408077, 0.0309662180658141, 0.4063240111058435, -1.085433260398826, -0.1547826577752833, 0.1638821277189264, 1.247674887640785, -1.910568063911864, 1.299125925619064, -0.4809832183828002, -1.604482796205857, -0.6428804272663147, -1.00294357531242], "unit_log_population_eS": [0.1401608440613391, -0.0706491554459019, 0.0219706342294387, 0.1160183930435005, -0.0131654818920328, 0.0621842401318972, -0.3101223907017727, 0.1257310287651329, -0.06078359363428, 0.0273155996369865, 0.064317945373601, 0.1408848794881823, 0.7262935242282624, 0.1999939693667749, -0.0165697866682218], "unit_log_person_params": [-0.1005241878582572, 0.2564919519210578, 0.6828785227036377, 0.5977408657260925, 0.5626339816207198, -1.602547985586072, 0.4723912260771113, -0.8802994061731882, -0.4420546502072005, 0.8682462184906963, -0.7854347723716916, 0.0100848638095578, -0.7143791678867301, -0.7722713046638291, 0.0617474344251314, -0.4153330625313313, 0.5845957673754781, -1.459316095572228, -0.019976439285894, -0.2674463194465735, 0.5778879170585335, 0.1077755207138432, 1.138608938468414, 0.5952829904289434, 0.606126306690254, -0.961217359676572, 0.9030402846971612, 0.4317974209639819, 0.4269068834107392, -0.5318896482267069, -0.3418127209568226, 0.5668749055320661, -1.132283546150582, 0.3489526485429675, -0.5048084605092295, -0.0757036349040738, 1.086739522488682, -1.034215483086713, -0.1660685940039721, -0.7607001053254875, 0.3893830148084397, 0.726316017825391, 2.030425160868406, 1.231435663718826, -0.993133049608254, 0.2666386879303167, 1.208151563871154, -0.3544224255750457, -0.7008335859332077, -0.4486280909316833, -0.621066162434205, -0.1570199943285949, 0.7775254076369493, -0.1949868504337294, -0.6475378764365988, -0.6069043394836364, -0.5220389280128191, 0.0696169285630117, -1.01220908825319, 0.8141096975597701, 0.4186171237851988, -0.4209772335145399, -1.14699713551386, 0.2961587219985726, 0.9750432939711158, -0.0104101475344717, -0.6842842601762181, -1.243201061423906, -1.428370134010425, -2.47564479491752, 1.17627668756401, -0.9201258037942348, -0.5819006440447274, 0.015263515230665, 0.8834740871511398, 0.380271596919041, 0.5338533601271546, -1.445509762963688, -0.634735062450656, -0.8977042003662437, -0.5475401718784414, -0.4662444697391404, 0.1563222085041928, 0.4712364425871395, 0.9861452582415932, 1.075071734523802, 0.6693381360866852, -0.3905155840917405, -1.038387844739905, -0.6413463948769557], "noise": [0.14090711385597, 0.1600395627940919]}