{"unit_log_population_eM": [0.0296236303085451, 0.2339017137945874, -0.7233714898869075, -0.1658602757554404, -1.807731843390976, -1.432970281684359, -0.1005591632427151, -1.222369771187372, 0.8630183404868771, -3.020012151868181, 1.625877432914746, -0.8981419748510315, -1.965246001202358, -0.7350934474605773, -1.336609883738859], "unit_log_population_eS": [0.2846694546818874, -0.0643394403149929, -0.4341828245126566, 0.0774224966512421, -0.0095781301520342, -0.0812218274627945, 0.3976637869560038, 0.0422466697261836, 0.2657042288812177, -0.2821737482212631, -0.1312499296903465, 0.1800409921175734, 0.3140798913328173, 0.08555245132619, -0.0702584112723035], "unit_log_person_params": [0.5689779917749093, -0.4881372910485116, -0.2067063712048344, -0.0642711361706606, 0.0442197656486859, -1.212742280198943, 0.4917989787220787, 1.249103123656022, 0.4436941354385817, 0.4332742870034069, -0.6340542056870861, -1.400090803376348, 0.4078183396701797, 0.6189242240720975, 0.3886582126024825, -0.6098356992211109, -0.1205035552287665, 1.144993021324212, 1.057927489478188, -0.5234076415408877, -0.3349636482672385, -1.064795615312482, -0.14737965908257, 0.7965613507746887, -0.1654551800235364, -2.284549110713046, -1.13981135042167, 0.6146574533854826, 2.259926037078821, -0.2128543598475593, 0.2803468255233985, 0.1863819773019754, 1.217006036620337, 1.423245917904325, -0.6748242031284729, -0.5402782429462851, 0.8226316584640162, 0.3987940246792078, -0.5648554533490052, 1.437562458776886, 0.5319232101539473, 0.3743329722029257, -1.454688150382315, 0.6093950686695997, 0.8199956340718066, 0.3092378384001814, -1.794094298186745, -1.761679987491471, 0.3443782377724274, 0.2072451226190221, 0.1189870526977941, 0.0952168092760532, 0.6797283768601947, 0.4604552031962208, 1.86536613699864, 0.9930703770808762, -0.2642956108371117, 0.8851482832897528, -0.2648417591521794, 2.044334413120937, 0.6407701720342308, 0.2324253293475643, 0.0689258022573133, 0.930935474623496, 1.381377629307503, -1.721005655398507, 0.0379328412244789, -0.3057398632059441, -0.2535288441698839, -1.666747964158698, 2.496193001923838, 0.2425414735832062, -1.503679280889647, -0.1675089122845957, 1.44401721463594, -0.7445520370857073, -0.5268418240815923, -0.3436520303107038, 0.5154358086881897, -0.7401047654477542, -0.6560461415635993, -0.2612114034739019, 0.1665895538590076, 0.2607991934670302, 1.491842622998959, 0.227308618157669, 1.001966738421497, 0.6196497184916554, -1.05440190747906, 1.137970652662285], "noise": [0.1175417688633849, 0.1936652782093821]}