{"unit_log_population_eM": [-0.0977247070053527, -0.0985444149806303, 1.040099912594241, -0.2118295560688875, -0.272925845224009, -2.277689457123536, 0.9536675222182074, -2.191236989664802, 0.8775142851240875, -3.02831307340345, 1.381204340583243, -1.239111451230511, -0.5783434333443638, -0.4330542757898436, -0.377440936724125], "unit_log_population_eS": [-0.3234134147412411, 0.3749525067666109, 0.1957876809479439, -0.0462980329281929, -0.1144289996789325, 0.1855704364159815, 0.0689199170460537, 0.060293022898545, -0.3219056738585764, 0.1427753101184396, 0.1779159916594909, 0.0682249274390483, -0.2133917484208946, -0.1594934874397091, 0.3049916795218029], "unit_log_person_params": [1.762317540498798, 0.9231043923434654, 0.5292264376658408, 1.217014010589803, -0.6213365075935983, -0.1868431135186708, -0.8149689383464824, 1.089648688275241, 0.3018763022391127, -0.1369700849546983, 0.217462715511725, 0.9942264989935458, -1.678257229551394, -1.510867164852583, 0.3656224242904104, -0.3252923096721624, 0.3325935411822465, -1.65778631013833, 0.7219780788395984, -0.4051020580834189, -1.137137572147052, 0.3598761125540405, -0.4994614013134215, 1.456128183150543, 0.160393878590748, -0.5131541750497324, 0.7049688455425507, 0.1682018384259036, -0.0041932524831124, -1.159172417909451, -0.3286251368926396, -1.30939618146279, 1.92223920528262, 0.7408178131565883, 0.6107191059415017, -0.2269480158242605, -1.848106634822317, 0.5388320601584999, 0.5437574485994481, -1.189485108694378, -0.2905037398158694, -1.606575141657794, 0.1435031873970064, -0.077253527430273, -0.3235004164203056, 0.3418518386308024, -0.2659765177339321, 0.5919376948295201, 0.2514032982273326, 0.4245046949549572, 0.4902804120280333, 0.1951775048654033, 1.366149008669785, -0.010272183115509, -0.4305223205038279, 0.4902773225307458, -1.590551344914118, 0.0924461371329931, -0.8430214589180328, -0.7529785314225157, -0.3473717498736582, -0.7522842256174977, -0.3812639314288663, 0.2247109086339608, 1.638373074329838, 0.5990780914423123, 0.1378060987770527, -0.9943748261240892, -1.419025436519208, -1.49944087325595, 2.313188739071795, 0.7486696310053125, 0.9351134392820042, -0.37778335264172, 0.3871801884931134, -0.2643866300196532, -0.5238054848078783, 0.0168820084985787, -0.973443023672986, -0.6326567162744866, 0.3993741945003466, -1.54005759723188, 1.407138032187294, -1.160502401553134, 0.2483998816526753, -0.2461939272358445, 0.8473047878549183, -2.714971929135924, 0.0379455215244471, -0.4697886048430633], "noise": [0.1472818285422219, 0.181676510005171]}