{"unit_log_population_eM": [0.1010975884699644, 0.0413123415161265, -0.6320495976204972, 0.9595065088789548, 1.137277752462144, -0.9508904647054476, 1.196392399683724, 0.7630729008700282, 1.087943299827004, -2.352757150478859, 1.222336855078896, -1.007825598002575, -0.3097124541670812, -0.4695110437550263, 0.2281339255179557], "unit_log_population_eS": [0.2385625967239529, -0.063451730151117, 0.2757133536340921, -0.4152802812557387, 0.2154368098877538, -0.1552801336488375, -0.0241242252558696, 0.4551548520780258, 0.09639523627184, -0.1270517830649703, -0.3679236461196611, 0.2086900060782482, -0.1248383967584701, -0.0808301321649435, -0.0640534964972033], "unit_log_person_params": [0.6347271480514657, 0.9220658932581084, 1.507113420328646, 0.9016321500573564, 1.4640206144047, 1.001298860572105, 0.7984552667844632, 0.0909082543978815, -1.325070509118523, 0.6833777353122361, -0.2120143909190844, 0.1014913111369794, -0.1209158384802742, -0.4136003376161207, 1.118882652366907, 0.1789561416489623, 0.0692631214423429, -0.8728400573515962, -0.2550701933053542, -0.7225818193546246, -0.0361291331467146, -1.695501165067756, -0.395916709357173, 2.167427230392385, 1.197694766691096, -0.5187274063705531, 0.4327162347358821, -0.1401012726050488, -0.5767294965605241, 0.2457626583480655, -0.0081389881149066, -0.3142070813533165, 0.1330932370737821, -0.807723066999377, -0.6427626405178635, 0.4026886709278025, -0.1352387953936931, 0.9205370172533016, 0.2089344354085923, 0.9056241604169478, -1.451823515704392, -0.3829022445810711, 0.251740627023797, 1.799954405423831, 0.2312201915399851, 2.360852187978185, -0.1861878656492588, -0.2274801726522723, -0.1913921521944514, -0.2744200279049503, -0.6418048647997431, 0.0507101781102449, 0.160797216286558, -0.098056247180586, -1.165174303583163, -0.4771639627329289, -0.8640405710279345, -1.062683807055757, -0.5053163935819722, -1.024258869333691, 1.88837883889284, -1.077257225414143, -0.0958196515436739, -0.170210605355592, 1.516678817365784, -1.353548045124539, -0.5205834897996925, -0.56100198784131, -0.949176570796242, -2.110421444450194, 1.373318682949712, -0.3915094912167535, 0.3661560437645919, 0.0766091310065988, 1.318448331982759, -0.9599678380314052, -0.1750873320345711, 0.1444388028887082, 1.28993000222856, 0.2994737444130561, 0.6903986930724805, 0.4845303698077256, 2.227448158746641, 1.063951381393867, 1.01791437905231, -0.5120591009689921, -0.1881556217081393, -1.254667509971979, 0.2993173923930147, -0.3094426671666759], "noise": [0.1486784855953657, 0.1697209132254158]}