{"unit_log_population_eM": [2.096598420761756, 0.1880403977820179, -1.161866632696309, 1.040777850123216, -1.209176517611731, -1.848492681324664, -0.9192027512269834, 0.2097251132703874, 0.5967419867563161, -1.726214397337942, 1.22931536996954, -1.330766211037308, 0.0127454122030948, -0.7958448853771667, -0.7266198779246995], "unit_log_population_eS": [-0.0239122368339601, -0.0574035727832864, -0.3227962388621568, -0.1818430033809715, -0.1633717752207577, -0.1023359702066399, 0.1401146673194246, 0.2606684659132526, -0.439259799885269, 0.2596315777179095, -0.3229042935419019, -0.0662563906327009, 0.2476154378548752, -0.0286688608603217, 0.0785952123668771], "unit_log_person_params": [-0.3680713995302284, -0.7033676903001994, 0.0630369530274825, -0.6042696658351902, 0.5335097950737218, -1.69481850250882, -0.23414586217213, -1.4879677575264, -0.154339267495823, 0.4779866884433501, -0.1762018516758742, -0.0258014146037968, 0.8348978704324187, 1.803092740992689, -0.0710914090025112, 1.437628429734721, -0.2436178837144102, -0.2453179417422356, 0.3764610654440126, -1.729820093188329, 0.4212215018828048, 0.2983350045284543, 1.043830389223592, 1.413232216944684, -0.3789518624384934, 0.69847135397187, 0.1307674962989281, 0.4959606880810055, -0.9255924589622436, 0.1426145285493879, 0.3870653789300973, -1.300274056360759, -0.8735600470190245, 0.4348879375957099, -1.211563143555265, -1.176545603891995, 0.1637770328108081, 0.8507152155186164, 0.7114960900711748, -0.6157853186602523, 1.035130629991017, 0.9992850434796424, 0.4622877997908075, -0.9209924368919986, -0.666179304984004, 0.4998018196529744, 0.5869914200391464, -0.9484061463494556, 0.4239480671692575, 0.7871793032990121, 0.1836027885903016, 1.113849218564307, 1.659885711202172, 1.215404074668099, -2.208240141995321, -0.2071961373369352, -0.5877686621920852, 0.0420450749140035, -0.2815321021590662, 0.3407120086216839, 0.3564985521270512, -0.0878864747414831, -1.234607121778258, 0.5698091853872513, 0.0095644559273206, -0.3837871771721442, 0.4373642572998128, -0.3416107606069737, -0.6765877951698308, -1.187624314857803, 2.228509766641296, 0.7470907078058241, -1.045346254598392, 0.1142059737774512, 0.2210421272611728, -1.063360007910913, 0.950496675775614, 0.4791338784667096, -0.6951729095492523, -1.248779750526452, -0.3243446265399724, 0.6501918034178855, 0.6317073060096737, -0.3483949227818514, -0.6221226349385462, -0.286596059697831, -0.2070800838429593, -0.6069221645031799, 0.7963896176267056, -0.4559572040630355], "noise": [0.1598785967947277, 0.1611506629977038]}