{"unit_log_population_eM": [1.338865696695169, -0.0494999401960902, -0.4057038784598177, 0.5215533075451249, -1.110216020487594, -1.045727361829917, 0.7486468957861295, -1.987166911913306, 0.7082394074452437, -3.366668799536329, 0.9900738568469438, -1.088886965845133, -0.5573050683783849, -0.5710845705939654, -0.9759427699278302], "unit_log_population_eS": [-0.0668108622766471, 0.1812119890842924, 0.0714531589025023, 0.02894249325234, 0.1392067972289704, -0.0538248800390048, -0.0699582787724977, -0.2689676796494559, 0.0180322757709196, 0.0209843169078506, 0.0044079855313324, -0.0038681621026716, 0.4125393623764791, 0.2431043888239363, 0.2968912197787084], "unit_log_person_params": [-1.058883464684544, 0.4103759192768016, -1.111297383700563, 0.4811858974858541, 0.4630462114979217, -1.569313662517324, 0.0145676905559355, 1.30489211890164, 0.1643273634457782, 0.6902606411963197, -0.0437496788180003, -0.2118971529201985, -0.4775816225306613, -0.1269293905677465, 0.9833661944370272, 1.483281383034875, 0.062808748376393, -1.021678587852866, -0.5205307587035424, 0.3324653633589154, 0.000310607329096, -0.2486611826328894, -0.4457117654343635, 0.562459533765964, 0.270202842812623, 1.63619326134817, 0.8361033340498195, 0.0306645029524101, 0.4558582741647118, -0.5610578512162714, -0.3752363232161894, 1.748412427668242, -0.4535359620015895, -0.428307870801988, -0.653095749737415, -0.887048794205957, 0.450612902643915, 1.14673377231024, 0.8117667812978858, -1.296856713174818, 1.037649937747961, 0.9427763925533784, -1.257876219586253, -0.3547995194487201, -0.164026418428849, 0.9624768826912316, -0.2382415661039292, 1.942429445123996, 0.7025754161599627, 0.2404297886022907, 0.0099452623268069, 0.4929222589603937, 0.8908282958103176, 0.4676447053328197, -1.136309543538325, -0.5154502684640425, 0.752464779990293, -1.897511654340821, -1.088071077990973, -0.0832893244663937, 1.087479227845637, 1.190755954011957, 0.0397018487593916, 0.2129767222446441, 1.240137000582382, -0.0934604560698009, 0.5886989698080296, -0.6414523000938015, -0.5851086708281564, -2.722343752134538, 1.662624969011592, -0.3641824019695377, -0.0052769190012297, 0.0502632456663555, -0.4027616650935054, -1.663519024475875, -1.815681139678408, -0.5559468415246189, -0.8815095868306503, -1.237742527746385, -0.4736224004095291, -0.312282216703281, 0.4489194132901492, -0.1597367781593759, 0.2049716293159733, 0.1174921209723349, 0.1756333746717474, 0.4121031109246989, 0.8920007171854133, 1.457376997411616], "noise": [0.133772813913423, 0.1876495012588086]}