{"unit_log_population_eM": [1.019991015963218, -1.249185657624928, -0.6384041059562997, -0.1908733441756109, 1.132654128885003, -2.521691554437551, -0.2683312372794767, -0.0104868443689174, 1.250553131321129, -1.877536647978022, 1.084498698358196, -1.418139283466983, -3.007736155702082, -0.962749774160923, -1.188009485392395], "unit_log_population_eS": [-0.2565312546050714, 0.0868493589885314, -0.4565172247525648, 0.0127350623732013, -0.0170573341114063, -0.3557388816530579, -0.3343123177089433, 0.6122826372089712, -0.0010812684783063, 0.2465826547761102, -0.1071392113999822, -0.0338848264308724, -0.0455822936069482, 0.0234298016050795, -0.0889258083415615], "unit_log_person_params": [0.5658841238842898, 0.5723473707287337, 0.4178663941409991, -0.5378200981019665, -0.0293842591998842, 0.3779616736266682, -0.1447851792360703, -0.4509220594114405, 0.1390199427185453, 0.0841116446622579, 0.8765444224127306, 0.6631173178703702, -0.5322346398746898, 0.170861242338728, 0.1190717938150281, -0.332577406211812, -0.5266058201677071, -1.651369947593678, -0.1961672439519552, -0.0877815366196925, -0.2999789477254191, 0.268396748683325, -0.0925051955399856, 2.471365124967581, -0.356357842853162, -0.4455047632872441, -2.16321710006027, 0.6592585663315292, -0.4600465642549521, -1.885235325262857, -0.1215309557478825, -0.2301269687041507, -0.8782338064637724, 0.5457224055454453, -1.526764288400216, -0.0931439519522888, -1.324639454531416, 0.0335000374581861, 1.685507404381727, -1.482427226347037, -0.6732490676465677, 0.3883730858176218, -0.5870470557611605, 0.9172479103901732, 2.214415607776352, 2.179565414669036, 0.3035890745332273, 0.9835361454631444, -0.7408452271197598, -0.5490094280909976, -0.5490901346334573, -0.5037735843479373, 0.2386080199559582, -0.0145149764991505, -1.422097646716354, -1.741133134536429, -0.7967509922672467, -0.6557738775090318, -1.19247825997398, -1.83409465597586, -0.3944908123364714, -0.4534351134283741, -0.0618531337427417, -0.2572286742825965, 1.015575895612186, -1.147249765974681, -0.4922739126420894, -0.9222710265824215, -0.7703455194885442, -0.7306247550893847, 2.299881740903319, 0.0870284975633077, -0.5423603187635767, -0.9100198907497578, 0.0797546852447531, 1.094154709628746, -0.1863628527649165, -0.0469588172783991, -0.8334002204147273, -0.8597639015466202, 0.0416084803606828, -0.0085844749250014, 1.048719424955336, 0.6425430906353755, -0.2347896654292956, -0.2250612831794491, 0.4387405228291656, -0.6326858878944384, -0.2493867217226307, 1.296064272583699], "noise": [0.1442678780144177, 0.158352530880996]}