{"unit_log_population_eM": [1.353760219353212, -1.136807911196477, 0.2418017694437228, 0.2473867781653464, -0.4712697007769429, -1.900179916135227, -0.148412982677487, 0.8564946157926762, 0.9779285730015054, -2.696869379039141, 1.077375418857763, -1.055011937278503, -0.8082328117440744, -0.1036213125387292, 0.293476526116177], "unit_log_population_eS": [0.1026355352632936, 0.2651855622159729, 0.0198120641181262, 0.039824555503812, 0.1747654603879313, 0.2231088317142602, 0.2920647852687641, 0.0122252291958263, -0.2655430641306382, -0.0473088101812981, -0.3216151580254592, 0.3880748538628357, -0.0323256385402425, -0.0272204845687382, 0.1260623958721026], "unit_log_person_params": [0.9390680637099176, 0.3766404567505107, 0.0873322048128502, 0.6262481390113827, -0.0853484877617472, -0.7241209926801332, -1.138188572410322, -0.3159948417925472, -0.5616040901769321, 0.5589935421066405, 0.1652905279479816, 0.7635060833156894, -0.9352472142373024, 0.0954469194825026, 0.6617000276793867, -0.131045774390092, 0.6534851756458787, -1.805336943750757, 0.382216444371819, -1.213518025234255, 0.0766332409344908, 0.0745638551832346, -0.9482926979952492, 1.231516792965045, -0.2810605484579388, 0.4120365634134087, 0.1719354357235225, -0.1279414513797084, 1.322893017056452, 0.4781693714275639, -0.8110354453314962, -1.295465470701363, -1.569681112306706, 0.26010210941614, 0.1479030081908495, -0.7980741084492246, -0.2303148714170379, -2.048284885820011, 0.1591603845059781, 0.3869764038118701, 0.0022662719086959, 0.0235126601409197, -0.0383858485975054, 0.2713679287225231, 0.4863097364272964, -0.1550760905172008, -0.2697475884495174, -0.0085519133539454, -0.4585360364045791, -0.2852513516787695, -0.2234625117863323, -0.0410375670713151, 0.4977769014085442, 0.3981954235974768, 1.192007306015322, -0.8805505597321422, 0.3374734388974301, -0.4998199159084373, -1.869691963238553, 0.0658984555716935, 0.3136705619108088, -0.4803103866866107, -0.7893028330235496, -0.4966161087228071, 2.849824652736642, -0.8846939916980918, -0.4400053302669193, -1.096003433367424, -0.8191981564081591, -2.078720881355639, 0.9937531184064988, -0.2586677724158142, 0.8105664014813536, -0.3162046363623986, -0.8497019142380883, -1.188123017080002, -0.9213554222808598, 0.1990865008920727, -1.167389498438276, -0.8656122235506579, -0.5879224309031457, -0.5542923424923113, 1.404409433499374, 0.7889390404933248, 0.3945811517204272, 0.6552598192227911, -2.100611030986142, -1.75240261759253, 0.2390484341994722, 1.184911631266333], "noise": [0.1292981934075613, 0.1640136182592358]}