{"unit_log_population_eM": [0.9867668148782034, 0.7598024400947689, -1.373297285902427, 1.543421679756307, -1.401082624208752, -0.6333293902552866, 0.691798911084813, -0.4777481572195751, 0.7423174428062331, -1.88783906660614, 1.767608508307537, -1.291316423541321, -1.623337433509429, -0.4864287706309257, -0.7949187718024247], "unit_log_population_eS": [-0.0501328918625492, -0.3809977009066415, -0.0080047843595096, 0.5631774040360579, -0.2378955810413706, 0.0337124603971852, -0.0361445845682863, -0.2138608933279648, 0.315298061154758, -0.1007155064094553, -0.2362772267321087, 0.3905479851528699, 0.2490235110028799, -0.3160778109852064, 0.4526855105814298], "unit_log_person_params": [-0.2980541926142464, -1.163552960230399, -0.0498334431519811, 0.7842746841397364, 0.2544619403933119, 0.5351893666987456, 0.8418824838298047, 1.750894783744393, -1.413195373580852, 0.5210411591893404, -0.4390289379839579, -0.5250730462364875, -1.378089582296663, -0.5406402897341724, 1.81039312200657, -0.5855280777028016, 1.865353057646084, -0.3286320924811602, 0.5192332331629779, -1.182327183005, -0.2391665163776175, -1.16921364126335, -0.4098151961461354, 1.170900363678444, -1.2550918276214, 2.024796569498598, 0.2235402150955574, 0.2752656919603675, 0.0047824100729902, 0.372743544245458, -0.2725345947773312, 0.8721420294258813, 0.010816522783901, 1.345434031527934, -1.338415766664743, -0.2502682255863636, 0.2786509244122846, -0.2813635965290244, 1.206253263006565, 0.6919691688621948, -0.3008294577157657, 1.378189056615573, 1.077114483104387, 0.6735679223001694, -0.1785973075858572, 1.266539224288215, 1.133104319531752, -0.7290871773968636, 0.0346107102400182, 0.0160162371667414, 0.2940227327620359, -0.0204174019441686, 0.7791597492854646, 0.6399062384154904, 1.348255724967575, -0.1552259767847088, -0.954375179700201, -0.3995355073157992, -1.420336660105518, 0.4894758877062495, -0.4978594686507388, 0.3801747724374668, -0.4819073545765178, 0.9213378390803052, 0.6987989315867078, -2.273420823492012, 0.6144398744545587, 0.01563920873364, 0.4076682212331958, -1.562952858218688, 1.695229207660565, 0.3815922172653813, -0.2948563187548148, 0.2454154876656742, 0.893106994152997, -0.8691528658041695, -0.438075469328681, 0.6624139261821018, -0.5957564614913803, -0.7550755664937948, -1.009923573599885, 0.0151816358861523, -0.3783908390006, -0.1661591429914006, -0.0497150439904756, 1.453725818052884, -0.7313794144392175, 1.540279678407993, -0.897405584977644, 0.6732388656809715], "noise": [0.1374013639531126, 0.1734976957309697]}