{"unit_log_population_eM": [0.488438564173915, 0.3481477843603242, -0.9359785695439216, -0.3158620806638048, 1.008567230301059, -1.19745244320057, 1.077936886926244, 0.8048500014430641, 0.4153475233910793, -3.153555907277921, 1.247071915418556, -1.654370736549498, 0.0591817905699163, -1.113525749870473, -0.7647784647205469], "unit_log_population_eS": [0.1813672520465652, -0.0703252413432004, 0.09833133400365, -0.4562103376906612, -0.4488761728743375, 1.288568403277102, 0.0476885765096763, -0.3326803081098044, -0.2208889479189461, -0.0108120274201151, 0.2700480454263251, 0.2760328571528357, 0.1011387710820144, -0.1933919313630001, 0.0563102537560689], "unit_log_person_params": [0.4798878819005546, 0.7232272794309926, 0.1724455994591626, 0.2985771724405437, -0.8706024999188161, -0.9852419501810742, -0.3575286814951237, 0.4073440320305673, -0.7695948163545145, 1.003128484361274, 1.081901711872609, -0.6037010796097824, 0.2576363272638555, -0.6489905049113761, 0.979728060942251, 0.049454349214053, -0.9172460071264548, -0.7476610497759107, 0.5058664187070409, 0.5192249016998247, 0.102332664404611, -1.009212222096822, -0.2127196219322136, 1.794651330034519, 0.1365588425531076, 0.0731905414303824, -1.356848364911357, -0.4634748252579849, 1.214978061344509, -0.5186407588959329, -1.042088500779689, 0.597924806228294, -0.5347825105824818, -0.1090152013135122, -0.2308118301857888, 0.8738764156083731, -0.4845254215265636, -1.961437373230982, 0.5595309764678076, 0.2529785562016907, 0.3595276350577626, -0.3120575584831181, 1.431479909778761, -0.9707553766359348, -2.519941057613547, -0.0675825013359319, 1.161343199710088, -0.1827565585611634, 1.20266052300736, 1.210363781910441, 0.9299790478442428, 0.9268029817948308, 2.310723565426185, 1.238919991054204, 0.4190858352303383, -0.0037650020568179, -0.2435730815816881, 0.0134305259924931, 0.7952070164697455, -1.006153060170829, -0.1453922728403973, -0.0843809348473245, -0.3019333912799074, 0.3869757640025308, 1.124806967018524, 0.6816932741138217, 0.8934227317129917, 0.1797091580350507, 0.4754090632924787, -0.9315775227703538, 2.856037509955704, 1.164493859968857, -1.465524515222964, -0.0733655092345249, 0.9194955129277896, 0.9576470894116432, 0.2257691527985671, 1.306497304607502, -0.0766605670189094, 0.5978226471385018, -0.5075706143438267, 0.2185144887189241, 2.338448437853956, 0.2547387894902979, -0.5494111867550614, 0.399037013593771, -2.756077092131526, 0.257899895851331, 0.5680489805757876, -0.3056942795648266], "noise": [0.1313324747087692, 0.1951098698898319]}