{"unit_log_population_eM": [1.535853846174186, -0.1152392864481335, 0.3292230685959316, -0.3179272241523582, 0.1025501019090682, -1.274520523800351, -0.1824199566455345, -0.5529584958480169, 0.91689826801049, -2.991941104295398, 1.272693313447784, -1.074733379744961, -1.613456011914388, -0.6157700409881587, -0.6175454306871447], "unit_log_population_eS": [-0.1321698332472716, -0.2046081383603071, -0.2650621999168039, 0.4379949694418183, -0.0244431698642969, 0.0071663930802989, -0.1439208567022552, 0.6169243196789602, -0.2180409475116162, -0.3118412048483308, 0.008946338305206, 0.1990111510422999, -0.0807641202306073, -0.0933780071470726, -0.0405330368697313], "unit_log_person_params": [1.117194062940309, 0.1594048312294275, 0.2069011612460949, -1.141317919596389, 0.2665567580819379, -0.0159209861231926, -0.720662234118526, 0.3875080424322228, -0.4827803220871141, 0.9777623647138114, -0.4165446342108174, -0.4702522059359836, -0.3194355809664605, 0.0476739769223071, -0.8891797914380666, -1.356136872364961, -0.0225752383333804, -1.042740539044114, 1.9321123235183, 0.1672891945987642, 0.3796001180423967, 0.3978615444395344, 0.4438339238973025, 1.851055714860543, -2.066666997242419, -0.4759484689322783, 0.3907617937346871, 0.3188302102075474, 1.096945150934741, 0.770937678867565, -0.183439683883281, 0.3843363080043607, 0.4522620038602939, -1.591995955894764, -0.297056023649387, -0.8866547950125683, 1.020719216652051, -0.0091842590862512, -0.209621492053644, -0.6461578368086752, -0.2673917580387902, -0.6924139462122332, 0.0551299743824615, -0.7866765824850712, -0.454270698147658, 0.3408719008318553, -1.246098330057507, -0.1744809672136668, -0.7003220823265456, 0.193992109022773, -0.3064363095672429, -0.1042836231999649, 0.8001464230400082, 0.1369687067048172, 0.244947637064733, -1.242023438832619, -0.9158159241485612, 2.046408500012821, -0.0890627771625218, -1.005670022143043, 0.1152793551857206, -0.0110351926798108, -0.4490766390840902, -0.6435001307263978, 1.230833624836657, -0.0396827456571381, -0.1807047204396182, -1.175889393269746, -0.9757613489062906, -1.219721314282306, 1.217764252842129, -0.3027847164758395, -0.4381458817342356, -0.0247699207533131, 0.9433156563111768, 2.252139291785069, 0.7307264252678873, 1.103877978979976, -0.398900817943832, -0.6969036643109415, -0.7234778004100766, -0.7488457392218725, 1.259806064053193, -0.1590068625318493, 1.32393677904648, 0.1208838038678016, -0.8093596323296159, -1.027575470487323, 0.18000845614657, 0.2188716263270912], "noise": [0.1469363718628182, 0.1812535009347883]}