{"unit_log_population_eM": [0.8549239296366211, 1.116579310511767, -1.396465135915009, 1.218002251418202, -0.9358113840428436, 0.1144634372412318, -0.774065445954768, -1.354751909688628, 0.9796332225870824, -3.345298763959988, 1.386647129584612, -1.215977814646857, -1.063864110729733, -0.3905450260708051, -0.3951841939058552], "unit_log_population_eS": [0.2124298942010027, -0.0518884118960354, 0.17444804911787, -0.2914017957051569, -0.3125294450456117, -0.2399882548372301, 0.5470176265714428, 0.2627469670104406, -0.1403610694421678, 0.2196985127548545, -0.2049348764878245, 0.3589553778434573, 0.5358861461399954, 0.0477694891629837, 0.0454215025400482], "unit_log_person_params": [0.2270588609243132, -0.2333499041728571, 0.3154601746793091, 0.0285848921649408, 0.1213814815467302, 0.2597930406385165, -0.2292248290192099, 0.1954322573920077, -0.2120901778097082, 1.215478616916364, 0.5796035681146383, -0.3368405329479509, 0.8404787538401601, -0.3073117243483195, -0.4000089758464216, 0.158429556769018, 1.662968977150951, -1.201489403135419, -1.398909078850628, -1.174842587838746, -0.3173563562073575, -1.124221500953894, -0.567291315907191, 1.321113430222341, -0.8258868154156831, 0.8917020634518491, -0.1726663217434773, 0.1798670841132069, 0.7257540182706578, 0.6649279284260181, -0.6064112974063453, 0.4218509690595983, 0.0848575472058847, -1.089210722758496, 0.6573379340272574, 0.4125168921851591, 1.223162322346898, 1.458357423857888, 0.2493149044924185, 0.1767859679075621, -1.193458116524016, -2.728821348788748, 0.90925154842484, -0.4607887134769389, 0.6339206513491032, 0.8546327884650144, 0.78423520816635, 0.3015632414777076, 0.0691001311934539, 0.3189274258870567, 0.2560183923028166, 0.227953643867035, 0.6184324752261785, 0.3403748115832386, -0.817892742245298, 0.3298668121902016, 1.951930864075748, 0.1987932834787774, -2.94347825651766, -0.397126901972398, 0.4020629712624688, -0.4696451988228727, 0.034017124553002, -0.4039691272680912, 2.873478028428766, -0.5264935486254778, -0.4163903801654441, -0.2835035660121455, -0.5010495511559683, -1.564613963405264, 1.164688370902914, -0.4348242320255444, -1.534878034918447, 0.3233184586934837, 0.3280180309094984, 1.398241777347248, -0.142754214782238, -1.204236981857705, -0.0995321945945879, -0.6220452804267612, -0.7028505517673967, -0.7090382834343413, 0.6593070840674391, 0.8917351512775169, 0.4114814659669075, -0.5687651755153416, -2.103086680690331, 0.101194421126321, -0.1182512969866944, 1.082128121240082], "noise": [0.1570589546224941, 0.175494684856883]}