{"unit_log_population_eM": [0.9362425110475376, 0.4314779822653428, -0.2070765260836038, 0.3123608869856437, -2.567301175305412, -1.029498155075331, 0.6422445869409947, -1.053521677972206, 0.7565241991706677, -2.766656899939035, 0.7787052170772764, -1.180829742800976, -0.9001099654882754, -0.6452280816156835, -0.7780158732118839], "unit_log_population_eS": [-0.3006685185031064, -0.0305937014946406, -0.2568503551728434, -0.4645708994672582, 0.1349032823667525, -0.0642607112431557, -0.3055154264725843, -0.108516194378212, 0.0683803233987871, -0.0395687566153603, 0.0288566459006325, 0.3395973116312397, 0.1889611311019465, -0.2359490866756513, 0.3066147338482819], "unit_log_person_params": [-0.529987091265653, 1.230425310614698, -0.7015760817174739, 0.4694892872558759, 0.5522442168639489, -0.3935317480748565, 1.39102362200629, -0.4628235243722016, 0.6080214027412818, 0.0019149116386378, -1.506256678578473, -0.7627587491504757, -0.5630345045242596, 1.065436792223645, 1.248126754045599, 1.10108309699592, 0.099653195245977, -1.708540821733799, 0.5290523907854507, -0.6676267572136284, -1.768664033738661, -0.7230518785302994, 0.5618336046700514, 2.554176640320851, 0.5131928395654539, -0.8662252188430812, 1.234824339192307, -0.0491833359918209, 0.3015192863321993, -1.915796798956604, 0.1476732643411836, -0.2386398265288949, -0.3382758142662239, -1.694315246122212, -0.733209434540542, -0.73525317091216, 0.6781765916104956, 1.309537954498398, -0.927833861582474, -2.089026817086861, 0.8669877099785928, -0.8556679202988186, -0.4387439208747739, -0.1859394677029636, -1.272685410180008, -0.2074775696370671, -1.522232350906516, -2.781602465115961, 0.5773555695798877, 0.0915260287651299, 0.5492845796836987, 0.6218295606982507, 1.161490545310879, 0.5565854215602942, 0.0228502064813939, 0.5706462013315708, -0.51171773197514, -0.58041909886195, 0.2640105170926991, 1.353967976065981, 1.595114700505271, 0.7792975455915615, 1.097997918712048, 0.9573879712311956, 1.820506064238478, 0.3372099417617953, -0.0941040300755385, -0.9152087360363358, -0.8706516726531311, -1.356966609750227, 1.698857254062592, -0.1060386164594759, 0.4824349765374624, -1.219522367335595, -0.4946285254296835, 0.6061871655704733, 0.1467847831211679, 0.7353390916871152, 0.7105092219360585, -0.9469385882322926, 0.7941121281680983, -0.5723404604217442, 0.7498405757724887, 0.0882822499667155, 1.519248211891958, 1.472656626378553, 0.7498642287469023, -1.160015473697005, -0.3136815992256535, 0.5694413391503934], "noise": [0.1454649944602246, 0.1807793549601265]}