{"unit_log_population_eM": [0.2036520398033603, 0.9380597956221004, -0.6364237592432189, 0.2453079915879576, 0.537697542301572, -2.648180846217308, -0.8010146161027006, 0.2344433632763292, 1.116139257248757, -0.6858717477745736, 1.437102014018813, -0.9782808106690556, -1.833717642476859, -0.861682819549991, -0.6908413616940565], "unit_log_population_eS": [0.224878263221664, -0.1118353198678686, 0.0709260830275264, 0.0258639157757503, 0.3226616232018023, 0.3744229250066894, 0.2755228594334193, -0.1129487548820139, -0.1901417440903718, 0.3732853666183947, -0.2963041419300627, 0.104832938747216, -0.3738759452662457, -0.3204155663742689, -0.0398272435625373], "unit_log_person_params": [1.304039482768716, 0.7396381941068015, -0.8982377243757224, 0.528177997289454, -0.3359281105432974, -0.3697191074334226, -0.0064434154528434, -1.113852887391766, 0.1073559804704207, 0.9152809241140738, -0.2481341072552863, -0.9001113174366291, 0.0323902754891111, -0.1609645412640686, 0.3584673005207211, 0.173682993840431, -0.1535115816363085, 0.4371441102478629, 0.6592298924366657, 0.4508981290531023, -1.160282313635626, -0.8796709593794011, -0.8522677198178271, 1.444443122356897, 1.518178697983035, -0.574021651468095, -0.4872962753527519, 1.235992261509996, -0.0321454741017032, 0.8338860299445512, -0.2330231544156487, 0.2934494681493343, -1.043767261439687, 0.4109219495642351, 0.2334915106805295, -1.394196105739096, -0.5026345587908698, -0.0576739648021856, 0.4675990511519161, -0.8863778666794611, -0.1328735978437653, -1.290231326303313, 0.7137308216099113, -0.2820341145231627, 0.7045370189647163, 0.466220134080725, 1.587394342707608, 0.1581240144949302, -0.3138241810585523, -0.4507240877835996, -0.1543584786920142, -0.1300227613909762, 0.9050525861879788, -0.0742283997647571, -1.660141251574329, -0.8820949947673806, -0.2552317137098985, -0.9400447079005988, -1.370492739754229, -0.5156060370173384, -0.6014831031148259, -1.198614657287006, -0.5453727291737946, -0.3605993532315426, 1.800868032165343, 0.1330643265113668, -0.9963552557585296, -0.2991482146941366, -0.637862668599179, -2.604982081449102, 2.146329552211536, 0.3288107594913365, -0.3224516991621318, -1.1634452315676, -0.1610092480604499, 0.7776008268145564, 0.7912563492498782, -1.480379558657196, 0.0778523423695671, -0.3076336839842641, 1.310357077555966, 0.6924390584726243, 1.132309137818763, 1.094364593391759, 0.4849372230463877, -1.269478676531515, -1.056397534818224, -0.7827467868168028, -1.743906249261324, -1.075041970438064], "noise": [0.1544886280351664, 0.1559416435684393]}