{"unit_log_population_eM": [0.2273339403150943, 1.249532770435946, -0.7666806262544051, -0.1719634108411218, 0.8018766558513272, -0.2239722421900017, 0.5403463583765413, -0.4557555927501891, 1.036725438834989, -2.889021115493774, 1.492817589392945, -1.368289870441083, -0.9904198513496996, -0.2186568391991115, -0.2405665479515569], "unit_log_population_eS": [-0.1763410746628446, 0.199197878926401, -0.126171581408346, -0.1428260513075025, 0.2209694194504561, 0.5700869940825335, 0.3343122431567541, 0.2950286641368742, -0.2964828871684107, 0.5352451311497682, 0.1015537584875195, -0.0321310870979768, 0.144963640531568, 0.2159187396370551, -0.2610326448381335], "unit_log_person_params": [0.1992948228275967, 0.1634446911256661, -1.176925298956367, -0.0675848689828532, 0.7482694267537786, -2.603083876655444, 0.0447460549511663, 0.4751127154171976, 0.6343082812482428, -0.4054674588365258, -0.8514535882769309, 0.6078094551252564, 0.06127587920512, -0.2590619767724677, 1.105580480244273, 1.252569305147828, -0.3703209739835647, -0.4801101636680757, 0.1234044843352912, -1.276175830126201, -1.463024381395816, -0.9995445124392676, 1.210745591284311, -0.7103818965148875, 0.1432952818506097, 0.5589998647327377, -0.5670873748117532, 0.7543112468940614, -0.6264581208625472, 0.5772943875086793, 0.5405634169456813, -0.1847476239845269, -0.3619148256194694, -0.6731806127476281, 1.438113751378205, -0.6743356941171147, -1.115524821406055, -1.472428389680837, -1.773009580579961, 1.036369430020138, 0.5560128745463395, 0.5280793229389342, 0.0691922930830888, -2.366314463125601, 0.4159970538908058, 1.724255517297984, -0.1660911047002694, 0.3017042084674056, 0.0441470919816459, -0.5326292983320497, -0.0439773345652811, -0.6157971176430864, 1.142797967919041, 0.1526726563117166, -1.687746228979484, -1.883484611758464, -1.238309147554774, 1.150661312922514, 0.2537922752891644, -2.744434719047272, 0.4358437003165488, -0.0459347371948974, -0.1491607905733612, 0.4218013045420052, 1.686729942900054, -0.555963553821452, 0.165541038652296, -0.7498713495166535, -0.7967663261323561, -1.696192219454838, 2.259804504742319, 0.3172735637292252, -0.2411329259217746, 0.1682401691608776, 0.4711904444163344, 1.854751426415346, -0.4885450039856004, -0.6996980200388558, -0.4340410558010583, -1.204546881969511, -0.2276909374721917, -1.035104071414324, 0.759144288641626, -0.1976115473894678, 0.9327334642147944, 2.044226124312038, 0.5233748155585001, 0.0143657458349367, 0.1129782262561196, 0.7072251695398941], "noise": [0.1342204417025131, 0.2012162845010688]}