{"unit_log_population_eM": [-0.1065372983523922, 1.31082074884266, -0.5443970986040806, 0.2078866102844235, 0.1081001689188751, -1.520700221000354, 1.323095909544864, -0.2910910900286103, 1.027379380040597, -1.815527762100048, 1.492487883303454, -1.180416974035324, -0.365930221548049, -0.5588014473843742, -0.3831612633870624], "unit_log_population_eS": [0.2278020544244775, -0.1870235109235127, -0.4735304724840201, 0.0646567211896186, 0.3508529880323411, 0.0692497884548298, 0.237261397498329, 0.0545579502818047, -0.3437082911286495, -0.0779133975028292, -0.2194866918737152, -0.1576740147062822, -0.4631450223555715, 0.4172841444973085, -0.637690930415431], "unit_log_person_params": [0.956700834061906, 0.6353612108365462, 0.643766950265488, 0.3501754009502859, 1.13118507704692, -1.145725801741262, -1.009823322929001, -0.0035250716140103, -0.5066608907641148, -0.0236536667004496, -0.4700738981385424, -0.1689542731214752, -0.2860081333607459, -0.4070471195223366, 1.404877181764432, 0.8061706773703168, -0.0675941556495025, -1.305448189486123, 0.827237162983711, -0.3614008701235115, -0.2910642934623535, -0.6956522748302572, -0.6454455718616473, -0.2884682075600881, 1.107242662595195, -0.8896033437081766, -1.942822252745199, 0.9989287569909192, 0.3373292133539131, -0.90162290637086, 0.4482027607092817, 0.8403689322617759, -0.4425635829042193, -0.6753871366949837, -0.909917313217092, -0.6931828868878265, -0.0609439220850391, 1.782592014040888, -1.124672587693287, 0.1725376931389123, -0.0866388199350286, 1.436456340585432, -1.272069975196416, -0.937877715588012, 0.942135834162076, -0.3424986359380421, -0.1599365539557577, -0.916404320712453, 0.0899638323283512, -0.5261627381139249, -0.171977339579925, -0.1379273174251207, 0.624013958449987, -0.0777130664863392, -0.3366478381418642, -2.677176161917706, 0.7663659145540945, -0.9329452328746396, -0.9760813090717828, -0.2420566435805483, 0.8440943676610304, 0.3822568956640277, -0.5620706339029309, -0.164292164890051, 0.7378485861406249, 0.4446850507485026, 0.0323753136928182, -0.9334582474350264, -0.4097519546270417, -2.000654036919878, 1.796638280864511, 0.5182750854535128, 1.242913518935109, 0.9094538496591776, 0.1073161233728947, -0.6994368003349302, -0.4177345766228454, -2.707394320183562, -0.0060184271407152, -0.4775389926118506, -0.0304900968399679, 0.2570505325547977, 0.741762718430314, 0.2066117917379855, 0.3186156642253619, 0.2857114965943871, -0.2667206372243878, 0.3534944595617413, 2.27482013796838, 0.5662801160359381], "noise": [0.1409832161403988, 0.1941498946114836]}