{"unit_log_population_eM": [0.9753826341664374, 0.5101108073415607, -2.198374597900048, 1.685422213933901, 0.1286016255527201, -0.7391705933169087, 0.3364524534078793, 1.381312473936009, 1.044871082362915, -1.191680488026291, 0.4360588185286552, -1.106319115227501, -1.078193555613807, -0.6066202420986415, -0.8107887321594793], "unit_log_population_eS": [-0.0582923839190433, -0.2223472709582752, 0.4159623878369684, 0.0252987496906332, 0.0212546759085229, 0.3681116971117175, 0.3373372317004625, 0.6775764404960943, -0.1675789753444128, -0.3277281049267173, 0.1712417000069958, -0.0271731434026071, -0.1534078406387871, -0.3689727293979005, -0.2515788664351201], "unit_log_person_params": [0.4817699229397818, -0.2875276847900602, 0.0692867697426003, 1.31268333196215, 0.1990907589740556, -1.443936681741218, 0.0508232927222863, -0.3303686237536501, -0.4370971552231624, 0.9039169128590688, -1.006625789533165, -0.1161518711157608, 0.6465862529874782, -0.1622326935292567, 0.328363251506791, -0.8910212872411497, 0.8868005614604371, -0.46184977940952, -0.2679827541314038, 0.102830252296606, -0.0104280140929313, 0.1833937940262579, -0.2663337882593836, -0.7520877809395309, 0.1207911126517159, 0.0106657478103756, 1.727639606739802, 0.1453416978267649, -0.2635041291638317, 0.3775239295019752, -1.140100446674483, -1.128331609260383, -0.4522947444550128, 1.063887905906672, -0.3628321990289857, -1.580406648052435, 2.621447751810117, -0.2383059407820604, -0.6427714309806429, -1.371763662693054, 1.038549634392874, 0.5632795476459651, 0.1078877772625044, -0.0681826337040539, -1.099287128167052, -1.185791924508489, -0.6127581502084829, 0.1667424283102248, 0.3703743016165056, 0.0953040702438813, -0.7120637777529171, -0.1163966136416318, 0.705849240978291, 0.5710316399183739, -1.06679607018222, 1.713651691170859, 0.5478544626855836, -1.364619195881191, -0.7002165646487848, -1.303973890232504, 0.6961965299811361, -0.9982214384580717, -0.2382333102393975, 0.4096214225879757, 2.397642614640605, 0.8200708653854584, 0.0055182833934128, 0.3458171843981848, -0.2542268224370915, -2.069428363858135, 2.57937709356858, 0.7529282249613483, 0.3627098065729631, -0.4365104349195094, 1.672293680051198, -1.131023894541341, -1.640792048353403, 1.198274342135325, 0.0503746153467585, -1.386768368215116, -0.3061989142537976, 0.6648079550016178, 0.0724199295918779, -1.309097934689506, 2.347441649703317, -2.350748336224702, 0.3737741455714005, 0.9432316947924876, -2.374794970472376, 0.5337855154266843], "noise": [0.140522948289139, 0.2050709145568844]}