{"unit_log_population_eM": [0.5974615432947559, 0.6001546953989588, -0.0209213992360513, -0.1535243262828435, 1.54208139361808, -1.50943787029412, -0.0473884057778252, -1.095678525154089, 0.904808684284642, -3.016985567766965, 1.326830648198571, -1.353713569295569, -0.3571656774566701, -0.7854155843720039, -0.5457432053685665], "unit_log_population_eS": [-0.0117302123722289, 0.3326837635804592, -0.3321202370756458, -0.0599135345417895, 0.3339576791540101, -0.1296858484929926, -0.2988964318675751, -0.0333659237728084, -0.0427081318342477, 0.4325746621070738, -0.309004279638335, 0.2968149797140995, -0.186607861446347, -0.1893745333036575, -0.1399207853819678], "unit_log_person_params": [-0.6864763984695832, -0.6853213210411784, 0.8673858052949827, 1.015031420282069, -0.1866948084404066, 0.0283052998451887, 1.44771709735494, 0.47697901205044, -0.1062580185514551, -0.7678902156542369, 0.665564122229603, -0.4741298491818309, -1.719855941756214, 0.2110022667097204, 0.0763149935839181, 1.287099519406979, -0.2366774954681823, -0.8033876593161443, 0.2316818106147523, -0.7753632433734335, 0.5628012113829123, 0.4462889178740688, 0.2794381235115411, 1.799748737592387, 0.8075974469319794, -1.35454517008535, -0.796255360694204, -1.949832006549029, -0.6873841883119015, 0.6558155695285203, 0.0117539964829348, -0.1820533292096501, -0.8253067672478355, -0.8590383463146796, -0.4100545592319694, 0.456280056011584, 0.5010760971510277, 0.051836442476268, 0.0967733057246346, -0.8306971978046898, -0.1215429963106105, -0.8602316526838135, -1.249413390866223, -0.3384390905082471, 0.5812646349377516, 1.081841958392241, 0.9618155672841762, 1.171497321351916, 0.3098630535126699, 0.8227257560391097, -0.112247683452541, -0.313843904262354, 1.021490178690258, 0.7657312349592584, 0.1273771046135793, 0.8383016868545575, -0.2848333400651126, -0.7867282685288676, 1.078779108736659, -2.267638065062937, 0.5579282509310475, -0.4554428067158172, -0.4556753701666046, 0.226159097158477, 1.939996503278685, -0.1498634236874259, 0.4732847904788339, -0.1555202059373063, -0.6462383106251871, -1.335345405928157, 2.123235417241334, 0.2554439735562424, 0.2701978924310883, 0.2636316801012288, 0.1480298616015515, 0.0443424648888458, -1.164129205613176, -0.5087712327648348, 0.4082514436987607, 0.1571966849091678, 0.5625687714053981, 0.4258718215849691, 1.592987370022439, 0.7043883423360435, 1.01735970736058, -1.159235096465944, 0.4560429746570593, 0.5615596639883721, -0.9240714869276104, 0.1076740316984648], "noise": [0.1332558409198023, 0.1844247368828955]}