{"unit_log_population_eM": [1.316741126416121, 0.04990316765604, 1.228963756499473, -0.537194719856939, 0.3968243490806692, 0.3562039542203767, -1.360745558437253, -0.6159212742290772, 0.2252162650698945, 0.7530846081550491, -0.8023126868035199, -1.362463929375192, 0.6546199362069638, -0.1415331860401886, 0.5823613935943182], "unit_log_population_eS": [0.3664757843926559, -0.407990974379329, -0.0535989987602963, -0.1481664877979896, -0.2749560343755467, -0.5162357500756487, -0.1686804861851091, -0.1387865460012059, -0.0087164883306381, 0.1844701364206506, -0.3833131857553614, -0.1253250191097425, -0.0261611905901287, 0.0804728197424989, 0.2705319852269532], "unit_log_person_params": [-0.1534726550145695, -0.4667804623918554, -0.9200312905824996, -0.4602948719313718, 1.398329066871271, -0.3058537714551666, -0.0183358832879983, -0.1009847392654004, 0.5153602736954817, -0.0048431392779682, -0.7837700662424203, 0.7283735990478454, -0.8236832256857647, -1.427361368130938, 0.2562112264221732, 0.5376462495945679, -0.1236124899959596, -1.145361914537222, -0.6327124598767364, 2.558329357367569, 0.0870570987360871, -0.0228173547393867, -0.4761183331562885, 0.7636361993189698, 0.929098050650736, 0.1949924379667555, 0.3305267896880574, 1.588385777417787, -0.3483103736888162, 0.2149532902455895, 1.466198214711122, -0.5967153965733459, 0.9841593882442108, -0.078739714357582, -0.713026879424602, -0.5631763398010661, 0.7137291628828111, -0.7517627565246261, 0.7914416871277186, 0.0989550633598075, -2.377666237471366, -1.319439633330688, -1.065462624959781, 0.0348671037888293, -0.0557311544918448, -0.3722213225393787, 0.570676389456463, 0.8842815623261329, 1.361134099286594, 0.579571129172443, 1.461788240004344, -0.0623266297939898, 0.9073571110308416, 1.108249205174817, 0.8814896078099121, 0.13584996428837, 1.064599745989952, -0.8034523449348292, -1.873585335969062, -0.4930834303290721, 1.237575458491648, 2.182489901762535, 1.443296681558608, 1.00492041039878, -0.1629422350822487, 0.6609521779452278, -0.3073013247365584, 0.344051861220623, 1.872638907342695, -1.755590687161702, 0.6455647393244661, 0.0209527174871247, -0.1642083169917435, -0.6244846230257217, -1.646010833557262, -2.055170983549077, -0.1100920915397897, 0.0054420992573572, -1.526071931991428, 0.1672129181277313, 1.256336548929518, -0.5472244308924393, -0.4531422414631516, 0.0414546767432513, 0.5388475501760385, 1.269252055783009, -0.5374599222090424, -0.0421734115885265, 0.041817712886083, 1.198928644750137], "noise": [0.0925393688139425, 0.0320891717851532]}