{"unit_log_population_eM": [-1.021249958803054, 1.591389322508917, -0.3830256782970548, -1.537989998700715, 1.171219587411677, 0.8526294520522646, 0.5011257974162068, 1.133396559561477, -0.7053072831226533, 1.64813739048535, -0.05145444367465, 0.146968924262927, 0.4621098630840743, 0.042901847677913, 0.6980664138603416], "unit_log_population_eS": [0.0569595848235173, -0.013339289846898, -0.2957303232051172, 0.3387048025637492, 0.1880065003385848, 0.2277926638084273, -0.315582445808371, 0.1878929355922777, -0.0991134632970656, 0.0199175576962963, 0.3837192644003373, -0.0038118585851412, 0.1223178625583555, -0.2705136378234007, 0.4654490209745924], "unit_log_person_params": [-1.270556479820046, 1.568557518727328, 0.2086013749260007, -0.2789073835344024, 0.1216537004676839, -0.8641289823892742, -0.7634400651284553, 0.4382903393616377, -1.176188932680898, -0.2320211989926153, -0.5686786479200241, 0.5168199268186966, 0.7757800351323714, 0.6780524774841262, 1.200157201975167, 0.4281957143346601, 0.3283575063912827, -1.438855109140513, -0.2693673616791699, 0.3719246729540495, -0.145145112493834, -1.353412978955837, 0.2788542722670674, 0.5627503850957774, -1.853108727029146, 1.170401785914174, -0.6306006456983562, 1.545409937012673, -0.755685785171537, 2.259036727817473, -0.3037769498171937, -0.1271243523491255, -1.46471524255432, 0.6351864266654482, 0.5794541702969516, -0.0113359385517496, -1.885486512262074, -0.1615475948034633, -1.046356420382741, -0.0642290928181512, -0.0312675810579707, 0.9154576720372856, -1.386065204988074, 0.5636219133363995, 0.6123029923947646, 1.338310190227679, -0.3137606406617039, -0.6973069510984943, -0.5136126745166337, -0.8664664768336003, -0.5090064394226228, -1.14582124969843, -0.5600387999076251, 0.855248567268299, -0.880609105755399, 0.7292649756956979, 1.789939011151771, -0.2610537867241851, -1.082105210309183, 0.6010385701094525, -0.941832012521078, 1.089671369911526, -0.6369142777977637, -0.9751771544752398, -0.6602301096080784, -0.5649367654710329, -0.1311537605344577, -1.467648756915276, 1.514704654502068, -0.1591284504243866, -0.2242040420698945, 1.840595995855526, -0.813577178002213, 0.9260037371967466, 0.4598571633022835, -0.486804407776327, -0.0379209395963948, -0.3367545164588198, 1.551174283060437, 1.16065930390623, 1.846443409430673, -0.7673899700994294, 1.03631839721461, 1.451697497732927, -0.2690624997079181, -0.5562130008674286, 0.8274452271862667, -1.100305398730521, -0.1428904215211349, 1.128867427851935], "noise": [0.0381368055506778, 0.1198771522496602]}