{"unit_log_population_eM": [-0.5165231637219765, 0.1736936408701679, -1.684045077475809, -0.5908230566929789, 0.2248719126844078, 0.5558383527642807, -0.1191602532577312, 1.51396659157789, -0.4014022185154554, -0.3073107666440639, 2.315994015260889, -0.8519053478656502, -0.0289027004977952, 0.1366194843016902, 0.814041669699118], "unit_log_population_eS": [0.0201379493174716, -0.0344336279511623, -0.0745584197622461, -0.2347534170563113, 0.4218649902125611, 0.2015262565204427, -0.0341073635557155, 0.2962688606407902, 0.2829085916773221, 0.2049084085090519, 0.060783547635042, 0.1799865540475592, 0.0992807261526838, 0.1298765981405959, -0.2110613130400415], "unit_log_person_params": [1.632861992822423, 2.174627133474286, 2.425438058875318, 1.988849863523043, 0.3290286258594966, -0.4928077228820317, -1.66444689757209, 1.973431289971637, -0.4304449042357761, 0.5886838757678753, 0.5075622592482345, 1.478497692956438, 0.6174513258031038, -0.4499666945313954, 0.2831181091105228, -0.6886825913016319, -0.7379008024848895, -1.21727769817704, 0.9453881706429528, -0.0975346049515466, -0.0828571224091658, -0.3950198998733626, -0.3464936547535995, -0.4896572206564428, 0.798398395909058, 0.2317048489152266, 0.069087252124247, -0.6870463865833347, -0.6605951397236053, 2.034334815357448, -0.2742710743450855, -0.8964531420453475, 0.6666572938308448, 0.8941810548866187, -1.720712364467071, 0.068173253738952, -0.1229942244782908, 0.790127569567636, 0.5059274172530417, -1.301541005842918, -0.529220123140874, -1.799095338149977, -0.8160277254469969, -1.079882902111244, 0.1150264975031657, -0.0929221112155739, -1.096316043953202, 0.8007468834400895, -0.2860574105239067, -0.1985050966486062, -0.8177063918732513, 1.145903526960778, 0.1793230950413469, -1.243282870341036, 2.686717834873241, 0.1545835315190247, -0.7318109503539307, 1.229434336068615, -0.3697777994359676, 0.0036417237074343, 0.6348534141408342, -0.8901611382317269, 0.8109487608037363, -2.028345269151984, 0.7472795330827307, 1.965952633404431, -1.844049193587196, -2.410022535544184, 1.117526072348586, -0.4523814346368019, 1.009904159939004, -0.6377486975933613, 0.4621180343138218, 0.1430027058294736, -0.0030560527350732, 0.2292902916346578, 1.219663541406002, 0.4429991073448082, -1.659287959202574, 0.8987752909769711, -0.6979409883630072, -1.359904446073581, 0.9797786352360698, -1.107865039558139, 1.195610902672078, -0.4511824351613735, -0.1974898437877807, 2.22444456963144, 0.9859248687883918, -1.279772151067232], "noise": [0.0537661279336266, 0.0241938499291492]}