{"unit_log_population_eM": [0.15343071531987, 0.4949918742339948, -0.650441875343299, 0.6087437893625289, -0.7747670735939215, 0.0155280671378331, 0.3632261995928409, -1.313630106193644, 0.3839709880207327, -0.9641165123546712, -1.980600713296786, 0.2140439277204665, -0.5915109853654269, -0.2862406822560452, 1.040570052626594], "unit_log_population_eS": [-0.0227211094676768, -0.388376060858794, 0.0156758804017483, -0.0645752807732648, 0.1230153877945496, 0.592330360359434, 1.18848443284758, 0.0246811482476499, -0.1154050257983008, 0.2664033504333406, 0.3689097684272433, -0.1335112028652557, 0.3668134729361107, 0.2969545134130672, -0.4285067794946017], "unit_log_person_params": [-0.9737158597341532, -0.783427543338237, 0.9418842611853052, 0.1047289148201626, 0.4604673209728994, 1.726392826642087, -1.372378114347353, 0.0867630952399313, 0.4041238588705154, 0.2909012630004295, 1.93810406613189, -0.3051681202365598, 1.726351784219483, 0.8294671479846665, 0.2372093026736397, 0.4950017671087596, -0.8749354680004154, 0.0513866537990796, -0.0728302614350299, 0.0194829167844543, -0.7460846869491757, -0.4405634998104137, -0.8122778830342947, 0.1529336848653499, 0.9141312616957008, -1.069199225465106, -0.6156989636180088, 0.3043659077909517, -2.385511412552852, -1.058058464342458, -1.310164970828308, 0.3687083420364822, -0.392583213860182, 0.8775275887564054, 0.0103952411751611, -0.2898113975811697, -0.1462480035865682, -0.1930298339727677, 1.379793295746765, -0.6041721863647229, 1.441786732465727, 0.5645683139581049, -0.3866406676701648, 0.657335770453081, 0.625346508752779, 2.196733518742318, 0.7200122929731277, 0.6805835693686654, 0.6774325864587772, 0.1855234874140609, 0.3536025735307913, 0.1038387315099824, -1.520905437973005, 0.1991029980239191, -2.868977922753665, -0.1052494456405934, -0.0233893632448859, -0.5125042531778737, -1.080733684965703, 0.0835387221736591, 0.167892193956501, 0.5516995956560735, -1.22089000719457, -0.8699181463404175, 0.8289177041986027, -0.0507517644679058, -0.6512032862300272, -0.9139187634110862, -0.956847250973368, -1.306978392405178, 0.935071955508891, 1.965536249735375, -0.8789210854756233, -0.244299462028284, 0.0861175312911781, 0.0214184835374237, -0.3002044522479863, 0.1814948227241275, -0.5622923071715054, -1.763999947912476, 0.5293765394241581, 1.639745436286856, 0.3813179824488254, 1.203100810769073, -0.0166296174324887, -0.000741114406241, 0.4840171691519323, -0.2843162374032718, -1.848538641245222, 0.1306636753635333], "noise": [0.1681135058249906, 0.1218000553593245]}