{"unit_log_population_eM": [0.4806069370320323, 1.73087764613213, -0.1363007027092949, -0.352718643268406, 0.7652705350072966, -0.4009307961796464, 1.415797073524828, -0.1083262933879235, -1.588551590896678, 0.0256519181404171, 1.941173057718492, 0.4487316621892849, -0.552130264587689, 0.0524375314230237, 0.6060331053466537], "unit_log_population_eS": [-0.3568056782160299, -0.2382951242338546, 0.239487716444072, 0.0802218492062141, -0.2471543718802875, -0.0806420230547876, 0.030917298333897, -0.2976430605111913, -0.0727438560206847, 0.0022213640433177, -0.1213733741617635, 0.4112921367630507, -0.4094686094052925, 0.0767429450831126, -0.298675032491722], "unit_log_person_params": [-0.1769888600683863, -0.8894622336796206, 1.208996655117063, -1.913927826229419, -0.7504110812771068, -0.0091836546480794, 1.835646853922164, -0.6595750832419081, -0.7083202087247795, 0.4920303737495731, -0.7196028614235545, -1.481207252739445, -0.96013635596707, 0.782290614275833, 0.1658691364375338, -0.631665831355304, 1.061624035873002, 1.098830577838839, -1.88171833721929, 0.2682000245059955, -1.159495372116755, -0.2868564624539619, 0.8375617063274403, -0.6808388238935121, 1.035303457439048, 0.5266082875424279, 0.6652723892896605, -0.7203522719602453, -0.882177243284348, 0.7571305240891877, 0.348737830885367, 0.1835489818062139, 0.5336492684691083, 0.2425822863643746, -0.1205344701919467, -0.5509079668001654, -0.0411373684607615, -0.7781202970908355, 0.0378260727508024, -0.960079647784883, -0.0256738676776669, 0.4489872938785328, 0.684663588897339, -0.5775666197120216, 0.7300760809293657, -1.119629382608687, -2.307162799458582, -0.2483047146062176, 0.1086118810617396, 2.276928442319025, -1.172654122610543, 0.8175846949019302, -1.536467931726239, -0.0782025963554483, -1.450193275799847, 0.3523393613279621, -0.429832587538803, 0.4429671528226851, 0.5847365753975107, -0.4361147049705906, 0.0092885252839222, -0.6716927773933676, 0.9231451338731138, -0.7612459874673645, 0.5567804764210915, 0.122418844696881, -0.3841517823759707, -0.5276306199907002, 1.067612506004952, -1.632324199112202, -0.5147117225222595, -1.792013516307818, -0.9204201155174782, 1.499554636377724, 1.18267034319908, -0.371842518905537, 1.219578507087496, -0.5313209326667558, -0.4510171689710758, -0.548430987315015, 0.9508325324966922, 0.2156777978573656, 1.105826996036398, -0.0526023800594758, 0.2589319218594195, 0.163397837446338, 0.5446105759504412, 1.017831355945635, -0.5241513686741731, 0.2989407830338908], "noise": [0.1183348669971594, 0.0900423666972021]}