{"unit_log_population_eM": [-0.9504392014186016, -0.2454318481723636, -2.00436938453264, 2.073721734110378, 0.6450640729499236, 0.1103624872418921, -0.4600776763589178, 0.9565202796740052, 1.81774497272211, -1.525454755594202, -0.1949806544926166, -0.2906424130534713, -1.487008822958811, -0.1241061884685951, -0.5251393773101405], "unit_log_population_eS": [0.168019292007014, 0.1601263618017086, 0.4682065075417193, 0.1455969045051781, -0.2395110548841279, -0.1894132794839852, 0.2241479743096375, 0.2288688869402214, -0.0182191383067942, 0.0218069527691528, -0.1491395770127974, -0.2284363280340048, -0.3036927556051075, 0.2097017435334405, 0.0169509407942979], "unit_log_person_params": [-0.6025784189164011, -1.021481406803376, 0.5722652132034454, 2.540115653990311, 2.484504633231474, -1.29627472915381, -0.0710646022398053, -0.3230428032094553, 1.129221212281372, -0.2975117723488567, 0.1426531376017217, -0.9074676404815464, 0.620432183922345, 0.5388476588218087, 0.3854773207656373, 0.9580711072140286, -0.234193980453621, 0.8530697417756714, 1.406683961042383, 0.3043226591948882, 0.0686315236509565, -0.2409333784134283, 0.4516925107932496, 0.0207942331318704, -0.1108737401658319, -0.9984110528620228, 1.467230870363771, -0.8758303129555847, -2.92849477916419, 0.7889477642940986, 0.9567767500372576, -0.12551979470899, 0.6058605386751278, 0.3310812796242669, -0.0539775121183319, -0.1154954963141266, 0.2219670621023145, 1.058665220436103, -0.0628928394665759, 1.017487867335743, -0.2453000097703051, -1.668076665183627, 0.0311083502740744, -0.0023286053575225, 0.5770633647592162, 0.0539359149488604, -0.31660569056753, -0.6256402124594869, 0.8792675241927388, -0.4326057551651482, 0.4542916270463018, -1.17965581418776, 0.1426154797108848, -0.8573471741546235, 0.3870874387085365, -0.7497682427865262, -0.9517037360983028, -0.0701678201516284, 0.0905735140095246, 1.412142688926594, 1.231513711527242, -2.034055909792918, -0.3396671925641029, 1.19722865941352, -0.3434619929545453, -1.569398150783792, -1.589223856480508, -0.1785787401882833, -1.791851232848423, -0.2738676167668822, 0.3921290276200565, -0.8861045183040301, -0.7719894827708915, 1.558038385223069, 1.008398375133726, -1.470366435976237, 1.577280382436747, -1.05480726455711, 1.602251279870661, -0.0080250287355136, -0.6106762202829095, 0.4036155661983358, 0.0970147690390211, 1.259017620419477, -0.150695660825331, 0.1027369381501577, -1.042748315305489, 1.806296445419621, -0.6089644398461243, 1.124188218225294], "noise": [0.0912664103699694, 0.076426266015559]}