{"unit_log_population_eM": [1.782818878869427, -0.6157959663336978, 0.0224025335323623, -0.4359968886572399, 0.9163529518222416, 0.5283155155739194, -0.1544282922729971, -1.652287834720471, -0.2974862970676845, 0.6564375999480939, 1.394352083206414, 0.5564520717818611, -0.2023831162953545, 0.9041970605521876, 1.176519837312017], "unit_log_population_eS": [-0.1261549925323249, 0.2657053757538766, -0.2476015537988712, -0.01827465551837, 0.0701015314257972, -0.2598556855539725, 0.4697472453217877, 0.8212262442857955, -0.369048167775003, -0.1134172715702378, 0.1411162869728929, 0.1178091563559709, 0.5389640499459984, 0.7423459894814715, 0.204515524083122], "unit_log_person_params": [-0.1012260789395963, 0.166650447589024, -0.8220186033399831, 0.6384323402626737, -0.1921018313509122, -0.4309079819418378, -0.4280409129433972, 0.7925178080425263, 2.686407066809172, 0.1908591251146376, 0.0602794515836993, -1.129081115382077, -0.0364039179439193, -1.177786978854662, -0.43256475171362, -0.7476148137730665, -0.8259022034346257, 0.3971553353135566, 0.4505353458342143, 0.2614816715507116, -0.670185618747173, 0.6542231678199089, 0.208394147547479, 0.6429445529293982, 1.748889889821106, 0.2576342911586639, -1.276985406274024, 0.4682600325928278, -0.6999665076849266, 0.4598014772201155, 0.9084025307990596, 1.106555705371524, -0.4798147511166569, 1.0142195131157, 1.553280422626188, -0.6543951460776254, 0.8955741502315971, 0.5803878608597123, 0.6360976445006088, -2.120104702757202, -0.8361043462958911, -1.075742343659787, -0.8088223592203674, -1.266110603794943, 0.1819948555205572, 0.6269876194111367, 0.4413149356592147, 0.4534075042129873, 1.362246227625699, -0.1045339791007822, -0.4071083979407988, -0.4038222387465454, 1.498835549518553, 0.8153553463139591, -1.277258326543524, -1.323824594906842, -0.0734786447449409, -0.0521476024575263, 0.8007434785411347, 1.538711126431151, 0.3204729378506152, -0.6870925357558332, -0.9580200200971044, 0.2558040452718994, 0.5827647014335449, 0.0328496959724397, -2.133893460274788, -0.7803531594389463, -1.17211943733859, 0.9619056764226094, 0.1565780005146134, 0.2373683641064321, 1.423389463966786, -0.609365887605896, -1.880210888406249, 0.393760629517863, 1.043143473265739, 0.8819369169903439, 0.0859422286170211, -0.0735503925171223, -1.229349525650274, -1.309747966697076, -0.615420374300453, 0.0599472065464109, 1.087624206022521, -1.216603355290501, 0.6920734813359263, 0.4445712680951146, 0.8054996946208122, -0.4269642034339064], "noise": [0.0946748354389174, 0.2550189214449262]}