{"no_persons": 6, "no_measured_params": 3, "measured_params": [[62.0, 0.114, 7.6], [71.0, 0.134, 11.6], [71.0, 0.134, 10.0], [74.0, 0.14, 11.3], [61.0, 0.09, 12.3], [61.0, 0.208, 8.8]], "no_experiments": 2, "exposures": [0.488, 0.976], "no_measurements": 4, "experiments": [[[[240.0, 2.8, 0.34], [245.0, NaN, 0.099], [270.0, NaN, 0.044], [360.0, 0.92, 0.033]], [[240.0, 5.7, 0.632], [245.0, NaN, 0.219], [270.0, NaN, 0.116], [360.0, 1.76, 0.058]]], [[[240.0, 3.0, 0.34500000000000003], [245.0, NaN, 0.101], [270.0, NaN, 0.076], [360.0, 1.2, 0.049]], [[240.0, 8.8, 0.6990000000000001], [245.0, NaN, 0.241], [270.0, NaN, 0.12], [360.0, 2.9, 0.075]]], [[[240.0, 3.2, 0.294], [245.0, NaN, 0.11800000000000001], [270.0, NaN, 0.083], [360.0, 1.16, 0.048]], [[240.0, 6.4, 0.5690000000000001], [245.0, NaN, 0.178], [270.0, NaN, 0.10300000000000001], [360.0, 2.36, 0.064]]], [[[240.0, 3.1, 0.329], [245.0, NaN, 0.117], [270.0, NaN, 0.065], [360.0, 1.3, 0.03]], [[240.0, 6.0, 0.646], [245.0, NaN, 0.249], [270.0, NaN, 0.126], [360.0, 2.48, 0.101]]], [[[240.0, 2.8, 0.36], [245.0, NaN, 0.093], [270.0, NaN, 0.044], [360.0, 1.12, 0.021]], [[240.0, 6.4, 0.686], [245.0, NaN, 0.108], [270.0, NaN, 0.098], [360.0, 2.96, 0.0655]]], [[[240.0, 2.6, 0.292], [245.0, NaN, 0.064], [270.0, NaN, 0.05], [360.0, 0.96, 0.023]], [[240.0, 6.0, 0.628], [245.0, NaN, 0.193], [270.0, NaN, 0.1], [360.0, 1.76, 0.056]]]], "weights": [[[[1.0, 1.0], [0.0, 1.0], [0.0, 1.0], [1.0, 1.0]], [[1.0, 1.0], [0.0, 1.0], [0.0, 1.0], [1.0, 1.0]]], [[[1.0, 1.0], [0.0, 1.0], [0.0, 1.0], [1.0, 1.0]], [[1.0, 1.0], [0.0, 1.0], [0.0, 1.0], [1.0, 1.0]]], [[[1.0, 1.0], [0.0, 1.0], [0.0, 1.0], [1.0, 1.0]], [[1.0, 1.0], [0.0, 1.0], [0.0, 1.0], [1.0, 1.0]]], [[[1.0, 1.0], [0.0, 1.0], [0.0, 1.0], [1.0, 1.0]], [[1.0, 1.0], [0.0, 1.0], [0.0, 1.0], [1.0, 1.0]]], [[[1.0, 1.0], [0.0, 1.0], [0.0, 1.0], [1.0, 1.0]], [[1.0, 1.0], [0.0, 1.0], [0.0, 1.0], [1.0, 1.0]]], [[[1.0, 1.0], [0.0, 1.0], [0.0, 1.0], [1.0, 1.0]], [[1.0, 1.0], [0.0, 1.0], [0.0, 1.0], [1.0, 1.0]]]], "no_latent_params": 15, "noise_scale": 0.1, "no_sub_steps": 16, "no_sim_sub_steps": -12, "enforce_constraints": 1, "include_jacobian": 1, "likelihood": 1, "population_eM_eM": [1.19, 0.637, 0.129, 0.0488, 0.179, 0.196, 0.641, 0.033, 16.0, 1.92, 2.9, 84.1, 3.08, 0.00191, 0.729], "population_eM_eS": [1.13, 1.06, 1.11, 1.12, 1.11, 1.09, 1.03, 1.04, 1.11, 1.12, 1.15, 1.28, 1.12, 1.45, 1.2], "population_eS_mu": [1.13, 1.06, 1.11, 1.12, 1.11, 1.09, 1.03, 1.04, 1.11, 1.12, 1.15, 1.28, 1.12, 1.45, 1.2], "population_eS_nu": [8.0, 8.0, 8.0, 8.0, 8.0, 8.0, 8.0, 8.0, 8.0, 8.0, 8.0, 8.0, 8.0, 8.0, 8.0], "population_truncation": [[-Infinity, -Infinity, -Infinity, -Infinity, -Infinity, -Infinity, -Infinity, -Infinity, -Infinity, -Infinity, -Infinity, -Infinity, -Infinity, -Infinity, -Infinity], [Infinity, Infinity, Infinity, Infinity, Infinity, Infinity, Infinity, Infinity, Infinity, Infinity, Infinity, Infinity, Infinity, Infinity, Infinity]], "std_truncation": [[-Infinity, -Infinity, -Infinity, -Infinity, -Infinity, -Infinity, -Infinity, -Infinity, -Infinity, -Infinity, -Infinity, -Infinity, -Infinity, -Infinity, -Infinity], [Infinity, Infinity, Infinity, Infinity, Infinity, Infinity, Infinity, Infinity, Infinity, Infinity, Infinity, Infinity, Infinity, Infinity, Infinity]], "person_truncation": [[-Infinity, -Infinity, -Infinity, -Infinity, -Infinity, -Infinity, -Infinity, -Infinity, -Infinity, -Infinity, -Infinity, -Infinity, -Infinity, -Infinity, -Infinity], [Infinity, Infinity, Infinity, Infinity, Infinity, Infinity, Infinity, Infinity, Infinity, Infinity, Infinity, Infinity, Infinity, Infinity, Infinity]]}