{"unit_log_population_eM": [0.1150188191829628, 0.6105335855790179, -2.878321044138731, 1.509498320268418, -0.5653776429654908, 0.5156082845609669, -1.062533760304458, 0.6934584100766709, 0.9924651857440338, -1.096013439594243, -1.424620604424508, 0.6851819366165673, 0.2109177511028383, 0.2296270941234249, 0.6497510857228379], "unit_log_population_eS": [-0.149081135928713, -0.0278235842849161, -0.061329759464086, -0.0970996490962373, -0.0544440346094501, 0.0080855421004771, -0.1202245329662442, -0.3760278175357447, 0.1899568172141545, 0.0591705219582474, -0.2082702788787204, -0.0868207249261431, -0.3322475213040954, 0.4525467273981034, -0.0726300600725635], "unit_log_person_params": [0.269218059673119, -0.274998587554207, -0.7328925926974886, 0.3629568065267785, -1.846679990436826, 0.2341512619335568, 0.4588954741558533, -0.4593384563981036, 0.5867612071367874, 0.1493442751106096, -0.1216928380023015, 0.0392432797366024, -0.197269074305097, 0.3670624927794963, -0.1335656965506193, 1.153554093520972, -1.41029428319724, 0.1756745802381942, 0.0702399899436441, -1.067732744698285, -0.1860560254935558, -0.6828944586124064, 1.094385980070619, 0.5514295441753196, -0.7076316079607208, 0.1689314341964702, 0.8148695974281264, -0.9640304561576768, -1.609839699727272, -0.519582246916855, 0.0836888013004081, -0.7115507749732082, 0.9014092605410736, 0.5179873472842719, -0.8543010253676222, 0.2029894351162347, 1.153020130570201, 0.6546150376848697, 1.036446844118893, -0.7851164956056148, 0.3226522435592157, -0.1313847916201926, -1.610047629757392, 0.1242704518122868, -0.6270858697926378, 1.932430325617252, -0.0865864889540916, -0.0411257578530329, -0.6317772734897598, -0.6933223202165266, 0.1086415012068291, 0.1290100589279437, 0.10625616424344, -0.0401537085517507, 2.61685637702475, -0.4194118815018139, 0.6949435850473802, 0.7551619767546472, 0.4474639566165881, 0.7621788953647646, -1.799410953932339, 1.378412765928738, 0.7369145644505555, -1.303802291259825, -0.8971522616511859, 0.4700138106819614, 1.432840353510962, 1.040109783372396, 0.0315417695699811, 1.027036503129801, -0.3605437263813251, -0.9400057759075908, -0.3821577881874801, 1.170942179663128, 2.327769995338757, -0.1933511653113627, 0.0213993631691518, -0.5523425633421625, -0.4955127178043285, 1.115040876908986, -0.0098090743843706, 0.6841311861949875, -0.2759431602045139, -0.20031039682639, 0.879233002504038, 0.8334539260937512, 0.3502113815941753, -0.8758836070819658, 1.519892360130687, 0.3956123851615864], "noise": [0.1229686144803071, 0.2608622751633509]}