{"unit_log_population_eM": [0.2008625963396637, -0.9774774764450096, -0.6469552774629099, 1.404659584077621, 1.287464511806249, -0.1443050437935758, -0.5371300119775961, -1.858396216357942, 0.1794917916258931, 0.3465864473728922, 0.8501230479869332, -0.3768613284460944, 0.2988794746571137, 0.7101881351028543, 0.2974380566778938], "unit_log_population_eS": [-0.0304957936573653, -0.1501223848400315, 0.0700616687449544, 0.1347547852759214, 0.4949689338388461, -0.0638748705002212, -0.3261149517067478, -0.1853569326610195, -0.3044639100022191, -0.1159073673329433, 0.3244024985138464, -0.094059343818274, -0.165786325448359, -0.0825809398481617, 0.0546296878793807], "unit_log_person_params": [1.618208986017907, 2.031733660096902, 1.110525924305461, -0.7149214804421679, -0.3899252480735834, -1.264838077823165, -1.033278705734648, 0.7101431352673019, 0.6016151732553341, 0.3761775154339666, -0.7417051242253828, 0.6907236183440477, 0.6773135465451946, 0.0189200893054519, -0.7631153165373423, 0.7433520709769347, -0.5543480219410211, -0.7562510595572722, -0.9017567011229524, -0.6371955056678945, 0.362467826535959, -1.375401297915732, 0.9187303716195232, 0.7132563955381731, -0.4566445655318572, 0.7305029154643259, -0.7688834783116713, 0.3750068160963053, 1.13488372339833, -0.939144085019159, 0.8233875099110813, -0.3370434017371366, 0.513327412722269, 0.3391902225893644, 1.270402296323026, -0.2282265115607421, -1.885286541864161, -0.929261160729873, 0.505789208076751, 0.0767789575160254, -1.853438732978666, 1.472060909751755, 0.0514077110673417, 1.917665875448353, 2.076862235292266, 0.0276697530345695, -0.1586174011860692, -1.987913300421706, -0.2481162956752355, 0.5022758102799089, -0.169026742460981, -1.117338187297345, 0.9741727175077588, 1.164361111353183, -0.3578102241232139, -0.0672567151183209, 0.1772661233592271, 0.437060554886165, 0.4949585546210969, -1.215504940283706, 0.0590232878308949, -0.495295182944035, -0.5611080318915724, -0.8388574553695913, 1.182852607985786, -0.3934644623350885, 0.4685189088282547, -1.055859669951691, 0.3177204095504617, -0.3768732939869591, 0.1074991273628259, -0.1983807599788666, 2.451946042615763, 1.608712087991917, 0.1369570367382957, 1.421714612386468, 1.624950161121715, -1.121248940556035, 0.5505744729627325, -0.1218564090437911, 0.6009455177149892, 0.5327502256332921, -1.284565718602821, 0.7126264594113693, 0.7057660384367777, 0.1168658271699716, 0.8897996221751449, 0.4042846178965065, 0.1089838492287144, -0.924884154032839], "noise": [0.1070501044636122, 0.167024597964674]}