{"unit_log_population_eM": [0.4121034824013098, -0.0611805549519776, -0.7079801422560593, 0.9672272022549314, 0.2060072635016144, -0.6897208329053988, 0.9504048910970446, 0.9042465557524624, 0.4148187655235051, -0.2340861800469479, -0.1840342362800322, 0.2740544837018715, 0.1914812621026367, -0.4580834509602276, -1.712268361210254], "unit_log_population_eS": [0.1244755158600234, -0.3200178461276757, -0.1481419401030475, -0.001545405847465, 0.2234199199617195, -0.0042031048304409, -0.1597101137320343, 0.2591558957688112, -0.3582566280193401, 0.0358110202975117, -0.2218639441716207, 0.1206802349196952, 0.3955579244073774, -0.0131629137014967, -0.1482383947280596], "unit_log_person_params": [-0.5021807966422793, -1.131339214640768, 0.2260274985533551, -0.1999249603549923, 1.242637673201705, 0.6569611132325379, 0.0992752684498251, -0.3130681090276416, 0.3650466627238285, 1.552500474278151, 0.3601172333006551, 0.2553579783139861, -0.9354433655448566, -1.350402145302813, -0.8238670362083682, -0.3331777885502671, -1.478171730021203, 0.3483815849372077, 1.311377189983459, 0.7295404997520932, 0.3095768245305353, -0.4356195407839087, 1.597837064471476, -0.3239362570791924, 2.383885744176885, 2.015158686778415, 0.5241362233418463, 0.0702441780409298, 0.3485866208843433, -0.0587407383095803, 0.5517368571868919, -0.3516647302992725, 0.1093723928118644, -1.149608286008294, 0.1586313449389227, -0.5597172985706951, 0.7511544911939976, 0.4988278968259125, -0.2652528386811216, 0.2214324301273577, -0.2643346648647927, 0.8243283063201512, 1.054914814715206, -1.334673870743527, 0.2833623048523755, 0.2232699695491833, 1.325954236181511, 0.3014419819262629, 0.6346118386183449, 1.430205842378964, -0.3968580099306821, -0.7225992110479408, 0.4978727763986942, -0.570908490811886, -0.1181120774739675, -0.7303681392721058, -1.127445457186311, -0.4882039095636852, 0.9158997284665598, 0.1912341679738583, -1.231970424840966, -1.236206274102181, 0.3490941414187563, -1.535532328209329, 1.820678892765813, 1.229620118813662, -0.2418298840095549, 0.5381329730928488, 1.126999078590691, 1.140842177397412, -0.2328627502380345, -0.5076380229542609, 0.1944327819415532, 0.1551053646469595, -0.1542873302551386, -0.9446857583911756, -0.8815965819276591, -1.040818076049659, 1.186393090520829, 0.0426220393208434, -0.4121713731531828, 0.6598909970989699, 0.9350781528067904, -0.2900924652123561, 0.8942528253307978, -0.1696667108877535, 0.431481289916256, -0.2914566170683295, 0.8607878770375867, 0.3940179106330174], "noise": [0.1387932425418193, 0.2283341499541662]}