{"unit_log_population_eM": [1.622379425588525, -0.7108971506314243, -0.7705767768475326, 1.38669507291896, -1.881460366428791, 0.1399706589123847, 0.7736527284564886, 0.6969423606530928, -0.3576502527972503, 1.831701909326283, 0.8896044267936453, -0.114372350301458, -0.4097161414357542, 2.091815405830305, 1.205514840776374], "unit_log_population_eS": [0.0058494061655396, -0.289704509311532, -0.3116715688668175, -0.057257264766305, -0.3586511796983464, 0.1579245613079604, 0.025860765234387, -0.175617672418123, 0.1435719091480694, -0.3222333969603339, 0.1403842220922024, -0.1730321589706452, 0.0289377552346424, 0.0051331296253145, -0.1364537923397984], "unit_log_person_params": [1.0294911764517, 1.306099330289457, 2.66185640877326, -0.1936046209074397, -0.9673620559942064, -0.8594488971995919, -0.7032349928562481, 0.2940029430264187, -0.2855751509123023, -1.665496869258027, -0.0681073612000127, -0.1856678770661812, 0.1259612055790232, 0.2758462690022961, 1.089844722069546, 1.715369453094161, 0.3914824137597445, -1.295427859888879, -0.3983486784508085, -0.6504446943352165, 0.2622666184543808, 0.8235987279191261, 1.180266911580625, 0.6190006075995232, 0.5438433244341965, -0.7530487281062684, -0.0040841474239403, -0.2129430244874493, 0.4489510249516216, -1.799441226590913, 0.778793080520097, 0.7464420113142197, -0.3648120942788548, -0.2478289356277135, -0.770568125198354, 0.387308180046925, -0.5180755803523136, 0.1616823214825346, -2.035051238691831, -1.292636712118035, -0.0293470993050644, 0.1642461459251226, -0.525710373766367, -0.6436345269940572, -1.612888216521141, -0.9544788208543692, 0.6763785512745324, 0.988190026907467, 0.9239622785583994, 0.3262239512047209, 0.7805057000202271, -0.0439913240600858, -0.1792580593098735, -1.007338094828902, 0.4680588782337886, -0.7972007610493979, -0.0252870416293624, -0.1869938584347593, -0.3328067276307788, -1.025482298615416, -0.3745983277897325, -1.153490625926014, 1.831318356946881, 0.6017474088954853, 1.580321439173542, -0.3652362808748939, 1.398955510299221, -1.172091864483051, -0.4891177453102659, 0.2374208213707232, 1.140701717799304, -1.073815087792595, -0.4477574412853826, 0.3031307901442483, 0.1687094841934072, -1.988244527833181, -0.2328020347408511, 0.9139014374052046, -1.575714495081978, -1.704823639479455, 0.6196566637529217, -1.666793229458378, 1.013348221727988, -0.7384091547100228, 1.664680579319635, -1.271041452665468, -0.1945315250036663, 1.020544356585547, -1.564444409847467, -0.575678241186895], "noise": [0.1007330613084826, 0.2097315597358627]}