{"unit_log_population_eM": [-1.104064188558389, -0.371504904132169, -1.276409002596262, 0.0304103600107764, -0.4144792775427486, 0.2197632837938346, 0.0395572772677086, 0.6314630439806834, 0.0953097244647755, -0.8895615392908928, -0.8074057944269858, 1.134732236844741, 0.9458782838603038, 0.2200514581598906, 0.466880806688473], "unit_log_population_eS": [-0.0164434520278042, 0.3233543757235848, 0.1641005726541285, 0.3667971495518013, -0.3187978741471498, -0.2996916981372595, 0.1346439831998408, 0.1095126583524842, 0.3578205337331975, 0.0688788514534692, -0.1125351012523829, -0.2513204318483014, 0.4348308403987127, -0.0517689420257534, -0.3263287556798877], "unit_log_person_params": [-0.6937790014012981, -1.108408158504773, -0.2134159211416402, 0.0998683716975566, -0.9148742590826712, -1.700137294447201, -0.1121377724904055, 0.0529846949404794, 0.2911616675276433, 0.1970816618193221, 0.8813750948162311, 0.0858138303163556, -0.0178851032971394, 0.5716200249891248, -0.3344540415226752, 1.804841965680294, -0.6281904431705498, 1.225246582541056, -0.0519287901829611, -0.7030507996293729, 1.417675327762562, -1.026886269439146, 0.7742915155783376, 0.018816027278414, 1.213670568887297, -0.1087016599152224, -0.0720442344499789, 0.3678749897662528, -2.28465488693403, 0.5923886458618081, -1.470306366494423, -0.0350767737469729, 0.0330792346992585, -0.8881716377901404, 0.1606720737257909, -0.7810060243489665, 1.261309251637177, 1.097875783628918, 1.243754248035217, -0.0924292462330662, 1.163123807562722, -1.0475440723917, 0.2026267511519499, -0.2565829873072967, -1.754453873865259, -1.328942642644827, -2.105235391726373, 0.6588617432173043, -1.067769221434193, 0.4494600590202608, 1.065037713741035, -0.8075277246079934, 1.482186085018731, 0.1424056401986979, -1.240453381134701, 0.0495529577487798, -0.7088783511785015, 0.9196225128125408, -0.4214054195327352, 0.1599054409242151, -1.665795566127278, -0.7116277455910723, 0.8021828209227153, 0.2765004257561102, 1.209419752085465, -0.1831750836281923, 0.5907285385346562, 0.4629000956023474, -0.4932612070727601, 1.086048847398605, -0.8499830936227903, 1.209693159800628, -0.724376393703811, 1.264863269207349, -0.2441139384586524, 1.702977296518862, 0.7501605258402544, 0.8136585780174213, 0.2727173829729858, 0.2809294594921025, -1.471601437258784, -0.0902414233202775, -0.6042360842536338, -0.5292607359642375, -0.3650359985672244, -0.1036317413347634, 0.4546039913681881, 0.0387740849341086, 1.34185765477898, 0.4395797373084442], "noise": [0.1180444020105742, 0.1930966544630146]}