{"unit_log_population_eM": [-0.8481337160835518, 0.1993396447084111, -0.8557702231803634, 0.7752500346515995, 1.373088006276723, 0.6852118154319532, 0.3615818175710993, 1.823623553813415, 2.462759224175766, -0.7786272631647031, 0.2296335168929864, -1.051785427590783, 0.6619663886235412, -1.052117796091384, -1.547786900501701], "unit_log_population_eS": [-0.3110029229132546, -0.2256140079872098, 0.3922489018283625, 0.0646823727246677, -0.2624297709532915, 0.1349611674929162, -0.1849697594769863, -0.0380426501742101, 0.4268527525260927, -0.2490424439257174, 0.2444660894169403, 0.1090271424933678, 0.5176695435135176, -0.5400918815630168, 0.1755985205665918], "unit_log_person_params": [-0.6252956212383238, 0.1247868224898653, -0.6022982549030864, 1.040876828669013, -0.6277051913844603, -1.360356162396447, 0.8597122329690414, -0.5941942416310245, 1.881155953233315, -0.736645148089653, -0.8988564453338501, -0.4423039030615282, -1.951026915151826, 0.1900400576193464, -0.805051167355845, -0.0451835609109574, 0.6350773446536189, -1.241512780611405, 1.92260051616547, -0.1678102674617361, -0.8372096907458739, 0.2914563898656536, 1.922683975359542, 1.702000390075546, 1.505689463952851, 1.321257399933835, -0.6561662729364922, -0.7617395302457526, -1.097816544070556, -0.7324430102062167, -0.7516407202263113, -1.217324130340643, -0.338284024449392, 0.2622797320166195, -0.4573836607775466, 0.1454945023267736, -1.616464739159702, 1.804960409401762, -0.4556195042987983, 1.124402886048314, 1.624560237540917, -0.96585161415008, -0.4225494212633529, 2.029966511200846, 0.9013348079033288, 0.8505725109545665, -0.2574624306499715, -0.4820204045418033, 0.1942138852522175, 0.4096439185906271, -0.3106587245786704, -0.5350870150180835, -0.0067054051293956, -0.6957435295599169, 0.6690690180369169, -0.3461566579934132, 1.256721053128999, 0.6645580620991098, -0.522440416577855, -0.2743652984279692, 0.1205636557654414, -0.9403529956239582, -0.7378410429044195, -0.185527229894217, 1.252634764097025, -0.5439311029233161, -0.2178405939579197, 1.044043820030117, 0.0763884740447029, 0.1325189905762531, 0.8313793323783827, -2.195276350671052, 0.1366388546272984, -2.691346599560249, -2.123067467060715, -1.526780390416323, 0.5493501110768241, -0.1332338220677665, -0.4089912091297361, 0.2920558811194338, -0.4771925633383732, 0.1573626861902867, 0.8269935400385288, 2.222850306078984, -0.0745141502898586, -0.5128827618820498, 0.2497508500191937, -0.8175469544261649, 0.4218503046991577, 0.7128011197592032], "noise": [0.0924171580981411, 0.2132450131935588]}