{"unit_log_population_eM": [-1.39388889619419, 0.9484056371734142, -0.4788978173141632, -0.1258147301572735, -3.603796860256426, 0.0972611486422908, -1.37279205909134, -1.662925894522355, 1.940987039894065, -2.056494942662662, -0.1931099849947021, 0.9058619854953904, -0.7460405368459764, 0.0433964802420122, -1.031633594874722], "unit_log_population_eS": [-0.1726263656376806, -0.2226311561301032, 0.253970644279234, -0.0528555716934287, 0.3762188377977124, 0.01741890041454, -0.0194344985910893, -0.4060296631948673, 0.1290140609374929, 0.3749597246348448, -0.1754972636626154, 0.2230553773297456, 0.4742528286679457, -0.0536962430597537, -0.184998682607679], "unit_log_person_params": [0.4338041845323747, 0.6854104043489294, 1.058408684873111, 0.7594730527646593, -0.8635301586447928, 0.7193279813079351, -0.6002296962224427, 0.548385609387052, -0.8849404331232578, -0.0475369841679835, -0.5147598156295762, 0.391828172415761, -0.0159267286329415, 0.0893738335743665, -0.0817626217561024, 0.2778104169306895, -0.5592871287013879, -1.1873414811327, -0.1689018957009221, -0.7487273596238078, 0.683419058559639, -1.358287399463107, 2.053845215265645, 2.191793262109219, 1.857273514474748, -0.5236301330811487, -0.3874910657648161, 1.517946147071559, -1.725926471782409, -1.977306684211577, -0.2085361607046676, -0.8986917301698408, -1.050457163025386, 0.0236766667979199, 0.5328318753419379, -0.4115554058614332, -0.7986294381594842, 0.1295732984361006, -0.0670086175805453, 0.7300570916816811, -0.9353497578469668, -1.464933937311458, -1.138032650755238, -0.87047746586509, -0.5284887179214524, 0.4546301290355301, -1.409721274893376, 1.20843864608648, -0.757248392484502, 0.0843188884596807, 0.7909612265543511, 0.1069773463393392, 1.580201168144729, 0.6376853670636432, 2.016344922475002, 1.186173982163828, -0.47526086413583, -1.156105159384802, 0.3630394452143548, -0.8977134452034768, 1.737510207527978, -1.406946167826051, -0.3632218065388362, -0.2058558681595158, -0.0266313095717973, 0.1044293362188587, 1.529235310025548, -0.4325160060969566, -0.3813653451611145, 0.1907114399354536, 0.9355194727059304, 0.9733843286158682, -0.4017575858521518, 0.7914185497933863, -0.3707306137399493, -1.151215694761291, 1.257294381334664, 0.6413376390431706, 2.074601086459288, -1.132301117277355, -0.0460386960696833, 0.949843714354865, 0.4911577411735591, 0.7703939397108066, -0.9775671533028414, 0.2666722248817874, -0.5029590578239933, 1.530472113142789, 0.3895811323086067, 0.3008903728310417], "noise": [0.107378642506452, 0.214052518867641]}