{"unit_log_population_eM": [0.5765601499239954, 0.6677218334938398, -0.7738326160139526, -0.1174109860785138, -0.1045025974587474, 0.9113161891789474, -1.62170329225409, -1.541204075964592, 1.884593150891414, 0.4681160830842835, 1.32475063162406, 0.505980724374933, 0.9349329507716608, -2.143142263405557, 0.6387997496117044], "unit_log_population_eS": [-0.1133366100452244, 0.2325661302161994, -0.1101230183518849, 0.4820590212323034, -0.1845211477661218, 0.6724823777819737, 0.1471675990025498, 0.0627325389245693, 0.1703366842570431, -0.3133588315153518, -0.1145185721885945, 0.0728295498631032, -0.2884363178124773, 0.2814748955755706, 0.1068317933889719], "unit_log_person_params": [-0.1925734789873482, -0.4383625364005616, -2.442261274852202, -0.8666152568690488, -0.0510587323471523, -0.0803846099493067, 1.094901377696206, -0.9426032173580692, -0.1742329454732484, 0.1002112564608602, 1.230814154123849, -1.241224335848982, -1.199192411886894, 1.4309816587746, -1.032490149113044, -1.567358272927756, 0.0897237248575045, 0.7033407922517465, -0.0446241189874964, 0.119446080408998, 0.946638519638612, 0.2154142753836796, -0.031025651691579, 1.959335093187273, -1.195482935764671, 0.0906414708941158, 0.0598653332168791, -0.2376110604841666, 1.126826518028957, -0.3497485205790043, -1.13371921801615, 0.1557373262510901, 1.693965895308976, 0.558142465976545, -0.0682772708181254, -0.0059487006598316, 0.1587848500239645, -1.157641045210624, 1.352363665866122, -0.1760964463301509, 0.6325268901069174, -0.1244700716603512, -0.2175496211296636, -0.521289120787529, -0.3099687507584695, -0.2755044231728747, -0.4162758940333549, 1.257756896610351, -0.598208913710393, -0.0335444242860666, 0.4286334552577366, -0.5755907060832068, 0.8357890703778028, 0.6114995517491472, -0.1022649548982906, 0.0039107902373067, -0.5562854184253921, -0.7648832141893588, 0.9365320770941624, -0.6508687564253628, 0.7680017047425711, -1.176267313582, -0.4726123407129516, -0.2353203697235721, 2.031099551246269, 0.3357904499274413, 0.1224017937885261, 0.2925911375534571, -0.166100782089245, -2.69456946475414, 1.099111345255217, 1.090243758033104, 0.1774305336182084, -0.3306456168860286, -1.195205143328121, 1.542256765675042, 1.124204982077423, 0.6537887477457484, 0.5889938966093187, -2.57492520485388, 1.081356936609581, 0.1707125944440191, -2.062892344701876, 0.5822779602443505, -2.015829123719286, 0.7837747132287531, 0.509797324527672, 0.6528974969877963, 0.0893437552523062, 1.117588488270802], "noise": [0.1255751758294858, 0.2464988063203642]}