{"unit_log_population_eM": [0.1258240707126913, -1.529523748448618, -0.4254093932112303, 0.4884641422472127, 0.9556588317454346, -1.658727642393776, -0.0614573245434895, -0.0848520380421062, 1.674929275222316, -0.1012639135339173, -0.3034884337780163, 0.1085664362456587, -0.0960053340282236, -0.7376601608910072, 0.8978043893529014], "unit_log_population_eS": [0.3359193372519672, -0.1881581085353231, 0.2942042959824433, 0.2717205599854224, 0.0283663916573214, -0.2227651827160025, -0.0805018069894394, -0.3438169906135349, 0.2156951122181593, 0.3141992933110815, -0.0690300261267307, 0.2348388609562992, 0.0060642367186198, 0.4014364873498021, 0.8661064094988923], "unit_log_person_params": [-0.4613398018241239, 1.360046660007259, 2.664026197416133, -0.5885831821020919, 0.0004462136087423, 0.4533625326073508, 0.5599509164596977, -0.822855194307431, -0.6015933172093879, 1.32752122181034, -0.419811395201102, -0.3458832760609873, -2.754251622583884, 0.2933734260239563, -0.009533614922137, 0.0181706220870463, -0.7068278535653261, -0.1745065332638861, 1.11588300356973, 0.3787103719237368, -9.766453521584118e-05, -0.3579956571114269, 0.9554498290193014, 1.620064626337725, 0.2366519652116015, -1.208051335924146, -1.929248191519306, 1.431518473264047, 0.927266841009403, 1.321401955742645, 1.196445709807911, 0.4885392309877763, -0.1869111175217367, 0.4904549370277568, 1.125708702842046, -0.102668321959171, 0.0753843116285576, -0.6752434705962866, 0.8734602812566878, 0.6120322265585021, 0.913147719214836, 0.0839318924238377, -0.261406274382477, 0.5486492314850784, -1.167709966966761, -0.0593679901351239, -1.386783151834381, -0.6307641975055454, 0.0894561301349127, -0.9570854244638004, 0.0207719756299497, -0.4838530320197243, 0.1541254592338321, 2.048275237548726, 1.515331278963329, 0.5818260253844595, -0.4500024186350293, 0.183376490083299, -0.4396021349833059, 1.336080005033225, -0.0885271309340186, -0.6867832795966646, 1.102879840460488, -0.2672182170870693, 1.605825544807737, 1.485335889778854, 0.6016144389350581, -0.2097073529085149, -1.016870172362516, 0.4371386192622129, 0.0243581257399796, 0.4683974689234441, -0.8339862273460545, 1.903864735488875, 2.109781725034094, 0.6590951988516316, -0.4207685519754717, -1.040238952803991, -0.4655472017527758, -0.0259680128386998, -1.677041983813653, -0.9831362316728576, 1.2051289603297, 0.9217817968019882, -0.9690471327771644, -0.7538807002055637, -0.0496191313077715, -2.130052842657732, -0.1131245413755471, 0.1139943752112026], "noise": [0.1157167041746477, 0.2372798665899135]}