{"unit_log_population_eM": [-0.0973864982578844, 0.6579998918693329, -0.609462174739911, 0.8086325846797514, -0.2124007801505761, -0.3492282432770561, 0.5747789057855532, 0.0676809323365909, 1.934669610714433, -0.7297378501389777, 0.493303324402001, 0.1013076698154591, 1.367500542276062, -1.486101445685204, -0.7005843486609368], "unit_log_population_eS": [-0.1574854423350289, 0.703662319821164, -0.0578359208753734, -0.027315608513516, -0.1871297492633484, 0.7877229330796179, -0.32282732380502, -0.0661904068256089, -0.4951133380998791, -0.1615546247527114, -0.0394146909442821, -0.0936984691284869, 0.2180294854872723, 0.2835500890966526, 0.1521678430480413], "unit_log_person_params": [1.169378678504597, -0.757629047629665, 0.8128698857906486, 0.0977329407822828, -1.834579998591525, -0.7734532227822608, -0.1891734799548365, 1.742323810288473, -0.7967746984002041, 0.1579440032754798, -0.8569632691825435, 0.1688839257323771, -0.7495635424077477, -0.0757990910648231, 0.5244265504224498, 0.2719958012593573, 1.100647925173707, -0.9967556978290246, 2.037206506684173, -0.9510312167865842, -1.145859933684068, 0.0414321821712054, 0.8365018574922432, 1.359034092491971, 1.952657460968681, 2.370131208683433, 0.5021698239186403, -0.2859370310926848, -1.810108130866102, -0.057484832151836, -0.8001680367249834, 0.2656180097144175, -0.3524602811694988, 0.4608856910101006, -0.6001555330207957, 0.3525062550961623, 0.4713678260820375, -0.7635903717635617, -0.9105835471349352, 0.2680416354103141, -0.0039057982893928, -0.3320995531296532, -0.7268562848031787, 1.256753006868651, 0.4138164285441789, -1.043023405652927, 1.380090037796953, 1.091391517760093, 0.8303200372101347, -1.575867959255449, -1.936175367930202, 0.7292902287214448, 2.820645065849887, 0.3927432870467447, 0.4044908860106026, -0.242474825447101, -0.8658123056097303, 2.318020190836797, -0.7233992327371227, -0.9095254321567372, 1.109832666204369, -1.622437393121753, -0.6900228450697924, -0.5593395888691133, 0.7686550326328117, 0.6702575504097643, -1.247974828983756, -0.567412289229353, -0.1823231441052514, -0.1890154443067344, 0.9068233226453724, -0.3691241696118587, -1.730725311239145, -0.4468240850063669, 0.553097927419676, -1.584498130894906, 0.1967832448481351, 1.204513743410654, -0.5999790700943458, 0.642755192963671, 0.5740352852947952, 0.9889809837569574, 0.2380890310280188, 1.285238312791487, -0.1968946416400404, 1.550197799496522, 0.1401461900106959, 0.0346548512024657, -0.6425511199681566, 0.700312706943], "noise": [0.096506813560661, 0.2095459927476305]}