{"unit_log_population_eM": [1.172274667216098, -0.9885036664001512, 0.4091964464983742, 1.658980918209743, -1.962853331922618, -0.9152808294155912, -0.7580932427658023, -0.4852720499320069, 1.467202688016396, -0.1560048377653647, -0.0454911547144036, 2.036847720874238, -0.5600768984665427, 0.3984912869310965, 2.106659475903856], "unit_log_population_eS": [0.0621418143167087, 0.6196696700032511, 0.1177342622152115, 0.7977587056908235, 0.0341938801649757, -0.2668123098418145, -0.1516619478664221, -0.1753203516795581, -0.0642258377951986, -0.2663131288758843, -0.3057400376829227, 0.3739059628801327, 0.6757216127490793, 0.0119526562419331, -0.1531692172129054], "unit_log_person_params": [-1.195499866260023, 1.509215329460952, -0.1432087184571776, 1.059436037511257, 0.2117746722556731, 1.264216851161726, 0.0583752869621631, -1.471299727796382, -0.0669912784264721, 0.9138760841363628, -1.446134978886741, 0.2629053154111862, -0.7609923248547824, 0.350611645885387, -0.3909061093410202, -0.2954154760420231, -0.7486277054737122, 0.4307255837342732, -0.3450038398098961, 0.0502667962092783, 0.2097227265892897, -0.4787449432029106, 0.9855543286868772, 0.3476513297517176, 2.436474052235224, 1.670156874076324, -0.3148049566729259, -0.2411547747895598, 1.672858304808505, -0.9221612389162206, -0.0352017429002352, 0.5058342904123889, -0.8380697848927839, 0.9056308110784757, 0.4281933867532194, 0.334805308587476, 1.231619274550537, -0.9754499879563184, 2.077708512748381, 1.022684324195735, 1.592349765320739, 1.265719571917331, -0.7107433130683629, -0.7415164321442806, 0.7430813080106975, 0.8478802670495316, 0.3092910119524875, 0.3073979431493982, -0.4312393873333228, 0.8005109003655599, 2.32644731227618, -0.12232451915481, 1.213331261414285, 0.4460588725182246, -0.9374465573309656, 0.2251016102734712, -1.129577261625138, -0.583518573989197, 1.672761635804382, -2.882159912289165, 0.599412201935002, -0.3775221490774385, -0.3321088541741307, 0.328326060274937, 0.9071203553144832, 1.899861645417636, -0.3599573176876665, 1.065857560308515, 0.0892366327362313, -1.506557132128612, -0.811068466842269, -0.8064883396151826, -0.2679375886248246, -0.247342136785649, -0.0854281297132826, -1.01830717360035, -0.8207912106418498, 0.1869284377807662, 1.263962483053103, 0.9819083171744012, -1.250063542446841, -0.3302471339321237, 0.5717994645631927, 0.3486063001082347, 0.1837142950854302, 0.2556511686029289, -0.4511191272715153, 1.741728646661888, 1.22504913024603, -1.519674967060454], "noise": [0.1218384597536672, 0.2574343309269565]}