{"unit_log_population_eM": [-0.4009460226511389, -0.3117781541815338, 0.3996013786698882, -0.1220693564549511, -0.1170341822746778, -0.8905307944175873, -0.2897422996923252, -1.151661496049608, 0.5404686269462328, -0.2609439299803273, 0.3093229606987617, 0.435129400758163, -0.9721963466774084, 1.340513346386452, -0.5166827759301604], "unit_log_population_eS": [-0.1100866691140698, -0.3091259026258956, -0.0525472289290539, 0.279990026018737, -0.0074165080248677, -0.1373650308565102, 0.7599500568885429, -0.3158774025498758, 0.2772490933602175, 0.5318739678286879, 0.0486936961297457, -0.0065795962489525, 0.1532843944512287, 0.346480663309452, 0.0374668851312011], "unit_log_person_params": [-0.6410597076456929, 1.403126291105993, -0.2655612941699658, 0.228666530589423, -1.3859113712141, -1.179907818194707, -0.0477615454324599, -0.7044379303939653, 1.115065107841608, 0.3757062301628958, 0.8635396008414621, -0.6775029522550272, 0.7930467428352612, -0.7255978086725172, -0.0449972226333333, 0.2798065743184183, -2.704739013907051, -0.7879272782253742, 0.4471220188148201, -0.4613631983639141, 0.2250316767087953, -1.185783731964193, -0.0711133956315259, 1.777643848404516, -1.068914156775926, -0.8149960352254486, -1.13726269725837, 0.1610392866404108, -0.392525904221377, 0.1214456982557298, 0.5515852732693802, 0.0761545660198128, -0.02066862049974, -0.4989810112261986, -0.7141402105733764, -0.6214243988200047, -2.197172017883007, 0.6144181732401843, 1.20564205719665, 0.733779922522005, -0.0036050563036635, -0.4804137132776487, 1.12543658466754, 0.4468897810135431, 0.1044441306686105, 2.011991235914474, 1.340334604840748, -1.929937509507735, 0.3449676781812075, 0.7827080968828357, 0.1964487624430797, 0.4862079978563865, 1.314727932903066, 0.7096933531681693, -0.2770841350890181, -1.004170852850715, -0.2205158098209005, 0.1159437546416315, 0.6049267162268588, 0.2058863234890935, 0.5696837632927403, -0.8764100365438986, -0.770772843416854, -0.780945015825223, 2.244742203014972, -0.5650066088050905, -0.1130910805871757, -1.066918987545218, -0.5051859527896949, -2.01252358268704, 2.263756399485632, -0.5276015452936009, 0.0936438711582393, 0.48011727627944, 0.201649563087183, -0.7999848644595757, -0.8397383436559869, -0.472697900932491, 0.1308384326450147, -0.3096924869751635, 0.6517405902603743, 0.8862064970063047, 2.247185369274441, 0.8270408994462066, 0.231354409601066, 0.1950669998671334, -2.36628408350749, 1.648234479180256, -1.622242232119436, -1.37145341155802], "noise": [0.137549586393965, 0.1591253475273583]}