{"unit_log_population_eM": [1.261112719890843, 0.4050896985141301, -0.0162076543071928, 0.2531694516903683, -1.630759816322804, -0.488380897609079, -0.1050114988139987, 0.8987318187467942, 0.9212065304004438, -0.74631762736532, 0.1843149375992165, 0.0351271039037292, -0.5033887701250018, 0.6073479840888916, -0.663553846831626], "unit_log_population_eS": [0.0828026176508587, 0.1384545148713885, 0.2175994251043821, 0.8647861580064453, -0.1736066959366777, -0.2245272823377585, 0.4085191323842157, 0.3014220913497717, -0.0685476327098602, -0.2165595990576845, -0.0605896887180735, 0.725383033978509, 0.1589617513402508, 0.4555467711138466, 0.2784351841232501], "unit_log_person_params": [-1.1539490291028, -0.2135721534051163, -0.7830586544684085, 0.2212368139572398, 0.9087763716896002, -1.596970779252131, 0.5039367938068171, -1.035577363740898, 0.8122596928603524, 0.0068500622030876, -1.201918850567196, -1.255110977713953, -0.6393566638744507, 1.062719131379723, -0.9525042261770752, 0.2946139449288306, -0.6489878443905954, -0.3807211837641538, 0.1606468117430339, -0.4167279112788969, 0.3357890955750999, -1.460954278983169, 1.099262417138578, 1.00126243625968, -0.0726601295520189, -0.1425475436578628, 1.451061511796868, 0.4844740494647753, -1.497838755187044, 1.514906338093348, 0.1878099601510461, 0.0225417955592413, -0.7654952152177762, 0.0904353414709301, 0.5899152075306539, 0.4799550865302862, -2.297541469366546, 0.062649850849847, 0.4419858050984095, -0.495369698458223, 1.219848356828811, -1.771438478816697, -1.859877615781842, 1.307642040708452, -0.2683853752595612, 0.9922619426213792, -0.0069266178850208, -0.4125706699803877, 0.586276360474468, 0.1173505579106016, 0.0879921010080656, -0.0448033106031001, 1.584863131554437, 0.2531616954997423, -0.4821134809705037, -0.1451885326681168, -1.462585736438796, 0.1845561597437806, 2.940346114998612, -1.291976681281898, 0.5386127195859123, 0.4081078748156449, -1.184035668874617, 0.2846053810882077, 1.886774339865136, -1.166151394428585, 0.2577789044527052, -0.3699490508474703, -0.0566295598319931, -0.8906204878817735, 1.210055006729447, -0.0016389604029522, -2.405535334246569, -0.0957915943111286, 1.522726377244599, -0.7034337871060813, -0.7105922360920266, 1.441447349069695, 0.8349641587019221, 0.3286740467621897, 0.5320572773045029, -0.0488235857110773, 2.10763218777186, 1.007383598989003, 0.3531697227331552, 0.4343917483254906, -1.590891913790037, -0.5312186848410191, -2.405981212776789, 2.830453136320402], "noise": [0.1777183559649768, 0.1903745371831439]}