{"unit_log_population_eM": [-0.4094738594779949, 1.116432620733252, 0.2681177063784543, 0.4193475122369659, 0.3318777481660127, 0.2315605741862833, -1.750231293373267, -0.7428930339142156, 1.601505712718933, -1.33694114592832, 0.9527577769350396, 0.3169827719237575, -0.6300416543793591, 1.553941557684216, 0.177332523691405], "unit_log_population_eS": [0.1571213954277479, 0.5362117606420254, -0.2601502767471524, -0.2032813522561567, 0.0670489931436232, 0.0263957394319071, 0.5432994237583397, -0.1649298771984425, -0.2656851454125782, 0.5300609616796177, 0.1454602802119971, 0.0207658229921558, 0.2936743932246156, 0.2964234214785403, -0.3337290693956381], "unit_log_person_params": [0.8300109690373696, 0.4992489999006019, -0.164470163039002, 0.4079440271556399, 0.7186793201884054, -2.620873575745124, 0.0387768840384893, 1.930463797931709, 1.32752993913862, 1.506898173967957, -0.268747278617788, 0.6350015302095581, -1.651246044769962, -1.152986529267576, 0.4992552579130636, -0.6823486667493848, -0.7158806099406038, -0.4370867694234729, 0.7511306266029166, -0.1632939479151861, -1.955433630070383, -0.6086441545136966, 0.4645817635310027, -0.042806058789482, 0.5609145698376542, 1.210862469879055, 0.6103530938557596, -0.0724903717572764, 1.524982900221077, -1.169620320185277, 0.4940510437766267, 0.5144368333451091, 0.24231221944176, 0.1953974235148513, 0.3352099472142758, 0.6089651125284881, -0.9378528214436588, -0.9014778616686054, -0.6205872771976002, 0.814490476182163, -1.086172151504055, -1.614537863362341, 0.2168152582084246, -0.5174371797840052, 0.690432018575471, -0.928285813776826, -0.4613575129084262, 0.1681252610939204, 0.0932097952333891, -0.518082493551039, -0.1959998654710008, -0.9992449251775664, 0.923781591838892, 0.6892405333623661, 0.0901254207117712, 0.3458410700562334, 0.1758591003495508, 2.158291600478897, -0.0683689400306798, -1.468859186625022, -0.0537044892778284, -0.2491429079603003, -0.4344974192637827, -0.0540617083670626, 0.6213433259148239, -0.6757628470703381, 0.0709861223346329, -0.5257761573166777, -0.6361058099313502, -0.9832366119990406, 1.743093201181326, -0.1555595544569248, -0.7479996555109925, 0.8422094909423761, 0.3444351970664903, -0.4285364933390033, 0.6646809383107882, -0.8285809202500156, 0.4261586588115231, -0.1468794314941466, 1.199604074579504, 0.4959995139382518, 1.483320730904502, 1.14158779100624, 0.4089829344486622, -0.4699922608155211, -0.4538503785321397, 1.524250009815895, -0.0821701065369336, 0.6728406993930474], "noise": [0.155306337738238, 0.2021167593003345]}