{"unit_log_population_eM": [0.7240672259797075, 0.4371047426301913, -1.170239858743335, 1.225069740066221, -0.4648916430214562, 0.3728319472904782, -0.0242123617747538, 0.5178749201229615, 2.633966083376984, -0.1979706558176172, 0.2558379039949225, -0.4738719023888506, -0.1404228086224386, 1.94181213211797, -0.4423248258913103], "unit_log_population_eS": [-0.1981708499982792, -0.1715800816691345, -0.1414336542510952, -0.2991673252844201, -0.1953081410512476, 0.1909779929782491, -0.2901794709070644, 0.0011273556393978, 0.1489205580910804, 0.4490819003093685, -0.0534710484105573, 0.510002108840574, 0.3819105884203237, 0.119405551898428, 0.1457191278362768], "unit_log_person_params": [0.254629344076244, 0.5003736875307059, 0.4847523570569237, -0.6177463146450912, 1.212736151525925, -0.7000074169251795, 0.7452431253865345, 0.6000509831615826, -0.4539525471994258, 0.4409781319453056, 0.1130108068517221, -0.7563330045577595, -0.2095016140733245, -0.1998835001179292, 0.049438795709588, 1.696824763701112, -0.2884450328652876, -1.547340544337563, -0.801178773774101, -0.3058304288314705, 0.6656163196964708, -0.4558816582910329, 0.1923268438178746, 2.713164892481002, 0.407230885605693, 1.561368577615755, -0.3237455518048755, -0.161482662469679, 1.213498860601237, -0.4440937725477068, 0.3627734328971865, 0.8580260120073309, -0.5044862267460793, 1.398401598913006, 0.1592225579111217, 0.7034116969422237, -0.2548647413909058, 0.0513311497463119, 1.522088575073958, -0.0178467819660456, -0.5616990723769362, 0.2025909644414132, 0.1235055789824151, 0.5182814284340486, 0.5425567410574103, 0.9821619767115292, 0.7432996112858817, -0.1178094960106481, -0.911611403231734, -1.114778597023086, -1.547334386689341, -1.273617011094878, 0.254332070125227, -0.2614566224600955, -0.4008945845774449, 0.2888518644178604, 0.4327306473202729, 1.454142173180813, -1.485923337831813, -2.174296359706982, 0.9550832029333496, -2.027739179330776, -1.928085164094439, 0.4224760296378715, 0.5960435686754948, -1.143210721422166, 0.3307277200564847, -0.0871118833872233, -0.1769005018543313, -0.5548295555298859, 1.873630436134641, 0.6327153192405153, -0.3990259669514289, 1.017474214898512, 1.39331633504733, 1.387444150161493, -0.3635145576090675, -2.292554273179707, -0.1071941340411558, -1.100881523360534, 1.068684845245974, 0.7202767054838806, 1.397731659740308, -0.149446505665172, 1.954618141173823, -1.241231011545937, -0.4107826175235632, 0.2159240084138595, -0.9000798928855382, -2.129646584484287], "noise": [0.1463796229839782, 0.1985907606401917]}