{"unit_log_population_eM": [-0.3027782150049417, -0.1822682622602926, -0.3532424970349738, 0.1376061628413496, -0.8737773001835014, 0.3270597823610332, -0.977543242047192, -0.9916430791044956, 0.8522247856061126, -0.4798450227636061, 1.003035096599528, 0.1901830054651397, 0.725010478525558, 0.1543161728893733, -2.429587122784942], "unit_log_population_eS": [-0.1622105655723161, 0.2207607182254995, -0.0018830748574787, 0.0744151957720113, 0.2443820730735331, -0.0270437132951872, 0.2654699737613627, -0.1246901967015879, 0.0833267879173819, -0.0842758009827943, 0.1772246823989541, 0.0614201971412883, 0.491083191425241, 0.2933694021574451, 0.227343651794403], "unit_log_person_params": [1.276157420138041, 0.0028107320573572, 1.596639125291641, 1.18186018510662, 0.2694953053820374, 0.0310730988822194, -0.4705122789261516, 0.3143495561220535, 0.5065631734273287, 2.004411499698506, 0.2914648844650746, -1.012268352832323, -0.09744861624738, 0.7044478513225715, 0.0990308111337009, -0.1126505457243949, -0.3082748464662835, -0.9636043737555632, 0.2314845249148128, 0.0521170588787266, 0.0453360186059689, -1.004831588659827, 0.3609054172893391, 2.518984953757403, 0.2452438072509289, -1.204824318512482, -0.7128937485909428, -0.3366112912871345, -1.521835993721799, -0.712745871515005, 0.396301729694242, -0.3567834350353055, 0.3098601808859784, 0.8791134995641124, -0.4874577297230553, -0.3248498680453176, 0.5184401772901394, -0.2208938125168288, -0.5151667531020813, 1.246913775747171, 0.1731167624233854, 1.853940239674425, -0.8187520740871732, -0.1342785259709142, 0.1042832773179826, 0.5902026268873567, 0.6324408361464137, 1.568812239621496, -0.0211767597667024, 0.4754050669408924, 0.319388381863837, -0.1487969794733391, 2.046347596536068, 1.050096081699688, -0.1480235035016257, 0.2924142509773117, 1.545310573514812, -0.0091168963324716, 0.2958780991656261, 0.642326431062264, 0.3378159028091335, -2.031744650018107, -1.10438122354594, 0.3640147027303506, 1.71953150594549, -0.0310737720940576, 0.4686816364201973, -0.5889044967043486, 0.1247529663748801, 0.1915697711832719, 2.582674089235801, 0.3478891923012117, 1.662287877456081, -1.134303556556574, -0.0772855715037237, -0.6796387090376963, -0.2228010233057768, -1.312181644520917, -0.6411240176989781, 0.832669988345877, 0.3844386330737501, 0.4792897668459734, 3.03451434132239, 0.9554506525588397, 1.20750892548325, -0.5741346020255415, -1.442493122224543, 0.5418158441846762, -0.6926515907050477, 0.2196162145973561], "noise": [0.129299393975445, 0.1950566252751846]}