{"unit_log_population_eM": [-0.8190763081440351, 0.4689488933585807, -0.3564649940498709, -0.1012403554046622, 0.3584379827832522, -0.9513352900418623, 0.6809010396126652, -0.1428350074863962, 2.061031307189252, -0.8153244557286627, 0.8540967233774202, -0.1528213169290365, -0.1804323780789573, 1.191554918034578, 1.149629224802785], "unit_log_population_eS": [0.3752970545628934, -0.0899694505144484, -0.264480135253569, 0.2444958110517955, -0.0388327766233097, -0.0098359559498362, 0.0970480213076513, -0.5111048745968029, 0.1314084978839928, 0.4046695416989305, 0.0156221287284346, -0.046987361489532, 0.0314894963951466, -0.2830536033558583, -0.0434437003954771], "unit_log_person_params": [-0.1661209047050043, 0.2170959713016922, 0.905403724902204, -0.0619594771609048, 0.3443044618553048, -0.2693962972808744, 1.465028672160448, 1.514307699802988, -0.6975506860004056, 0.9750735705770294, 1.381624929644809, -0.4314815564400512, -0.3274480862497948, 0.2094339525418155, -0.138021204186449, 1.534470018976416, 0.5156044914010864, -1.387921600390217, -0.2846455852140057, -1.045948450914614, 0.355099606357423, -2.294316212734373, -1.046268481464255, 1.605337244648258, 0.2943477371609434, 0.8043405766941808, 0.8324279033546151, 1.345840972933338, -0.0144148759927362, 0.6362621033327527, -0.9120995241974332, -1.208349936661942, 0.3649004452140222, -0.3298707940453592, -0.3971915370649695, -0.0932554938209042, -0.627264950466239, -0.1111201862639892, -0.2649034359545771, -0.4219152571825479, 0.155119236100454, -0.6927782465224726, -1.274398127469383, -0.3774589069030872, 1.416656017720234, -0.0049297722557747, 0.8687639644375422, 0.0337375043766357, -0.6934114063792041, -0.239022536565307, -1.426364798429718, -0.3927919136989511, 0.8599008039566329, -0.1048266373020284, -1.122219024688339, 1.275990452034895, -1.405086782858695, 0.8796457751081662, -1.34308910302705, -1.164800846758213, -0.4553661432780278, -0.4997901844030058, -0.1525018501257396, 0.1339899729040722, 1.45975652998805, -0.8070239089312629, -0.178256388113947, -0.5595116947970877, 0.4842496310351946, -0.4625126066538581, 2.125026308845968, 1.009313797260414, -1.093547165573451, 0.1334945156308793, 1.024117159206986, 1.127376153736365, 0.0455601980473469, 0.5213440477476381, 1.279820953665253, 0.3170099833349752, 0.533676392532991, 0.1483952777037071, 3.358049578425241, 0.6853329828116363, 0.932968242998776, -0.2894896026828427, -0.5796772658664743, 0.1901828368414942, -1.266721608243708, 0.9282679922896226], "noise": [0.1577904868815132, 0.1939189869116411]}