{"unit_log_population_eM": [-0.6594692902818458, 0.9601994015963676, -0.6208914914072964, 0.6718487938981854, -0.3550026288721235, -0.5416063007928617, 0.9931599085027458, -0.9728162660237394, 1.979108441380022, -0.8571073143794498, -0.5087186981535785, 0.1143139417935679, -0.1437787034210442, 0.7379613739445088, -1.975995429661398], "unit_log_population_eS": [0.2685794177933347, 0.20858893194529, 0.2338842800666412, -0.0123445691547714, 0.0199127902743206, -0.3525586765066258, 0.0988611189016202, -0.0082540672376091, 0.2193717038076085, 0.0466663018663766, 0.6042927035081525, 0.1571583082047801, 0.0706141512544027, -0.0519950005869265, 0.3647890961065074], "unit_log_person_params": [0.1164020534300265, 0.7052029762276103, 0.3594606501053313, 1.961455388929235, 0.6630390612112341, -1.631596677307989, 0.8141724651675248, 0.9495099939129572, 0.4677778188557932, 0.3077788509946022, -0.0421311372397395, -1.037591965754578, -0.4336112387168946, -0.9100393129967445, 0.774884586196072, 0.1188932575588225, 0.7587351977859446, -0.2867493056731437, 0.4546850348955969, -1.208644254629667, -1.20389344854117, -0.4743821936100586, -0.3130271192740897, 0.6372411907000894, -0.7295518152718907, -0.0419468974192503, 0.2979972125611527, 0.7001242493424978, 0.0376788161300394, 1.91004109103682, -0.5436606970755266, 0.4094301658393049, 0.2236459491328116, 0.585390519847828, 0.0055987012807334, 0.0476587278650933, -0.1256325091090689, 0.4221571721557819, -0.5339626869634804, 0.4720788468139304, -1.012425877004278, 1.029785427162542, -0.7510902913163796, 0.264474380013745, -1.135044958530663, 0.9703560938571534, 0.2349769147952965, 0.0492149125493608, -0.8136200551371723, -0.2110076804001784, -1.213225865285692, -1.105567920943296, 0.0393228657462395, 0.1055648235247126, -1.808243862279109, -0.2950029038005906, 0.1251008647104425, 0.7241843460327614, -0.231618682283577, 0.1992005778911755, 0.6690527280768904, 0.0772322127880832, -0.0727594982242485, -0.0420264390153082, 1.70615755561465, -0.0526045149823902, 0.7937136773241119, -0.5545433618428494, -0.2584550193770619, -2.026495369737178, 2.248179795314813, 0.4759005864887524, -1.849508191468953, -1.313793853855758, 0.8357896772404168, -0.7710944992624915, 0.8899051671439313, 0.95876417833295, -0.8641383981896986, 0.4024154850500632, 0.4830124442637944, 0.4257549064642485, 1.967379421549158, 0.1726823471511151, -2.584508207947396, -0.2975571181673922, -0.4497049884314425, 0.3889695798967405, -1.600909215655526, 0.4837738647330947], "noise": [0.1259669884449841, 0.1746734218525942]}