{"unit_log_population_eM": [-0.9246276719076884, 0.1819740553197856, -0.711820281388721, 0.1447115168540126, 2.29144306996438, 0.2412635688829833, 0.1049990337813433, 0.5357190435287125, 1.404621344000256, -1.131281733432447, 0.7988470383822609, 0.2812720436121504, 0.3121506385210344, 1.466905393253461, -0.5771866069467894], "unit_log_population_eS": [0.0776040725250811, 0.1856745585204362, 0.2889282331694498, 0.0058399535446293, -0.0030016864328411, 0.223604216180041, 0.4769334900874074, 0.1098075724518864, 0.3276377440513021, -0.080463623633958, 0.5359929099156607, 0.0739092190870084, 0.7362171592231611, 0.1688495431845433, -0.0316944595876844], "unit_log_person_params": [-1.126015532769034, 0.4387531736393402, 1.35170290249751, 2.039463008501496, 0.2040911153170163, -1.813721048012452, 0.410899731164848, 0.1559119768521963, -1.434411190111839, 0.1286453365095563, -0.6914782240572321, -1.606693684919962, -0.9528492846664716, 1.141661040441297, 1.117913793716929, -1.219936521830712, 0.4305249694509988, -0.8560220582793973, 0.151521596003113, -0.9563161927676584, 0.431140307162367, -0.1513922698119359, -0.0830846329141761, 1.095306246375502, -0.5665720254858496, 1.507800358822776, 0.8514289935633068, 0.0854951749010906, 1.845186828975937, -0.4240198786450335, -0.6147459905420264, 0.1093139432611599, -0.2103305666701527, 1.156527612392835, 0.149592518640883, -0.4685764169777538, -0.3555627154766434, 0.1811137988248948, -0.4390862059915474, 0.0229425980952351, -1.039290216353581, -1.768194072466021, -0.438582442705869, 0.541484097332663, 0.4918051806847584, -1.017555500062438, 0.0604068708611961, 0.5766974450695607, -0.0774028556801573, 0.2786586194989525, 0.3026898816978277, 0.0857210446621168, 0.9157736630730452, -0.0258156213294938, 1.530362787387032, -0.3537695577438465, -1.597005909640331, 1.275210396526552, -0.6199828263531815, -0.417720163095367, 0.1660725835757983, 0.1971152958812146, -1.347395305648055, -0.4835946317657509, 1.487610588514238, -0.2278888516998988, 1.194342367889796, -0.2107130775305142, -0.5026265889843109, -2.010177137597534, 2.949436486094015, 0.2957019873342487, -0.0564417440677824, -0.3545229604381642, 0.8059091503701143, -1.188658846412755, 1.55414254493413, 0.1945013901317293, -0.3221631486235842, 0.1585689310449682, 0.7594770978929712, 0.4591218358933393, 1.339472328615445, -0.092356582417522, -0.0509242101043264, 0.7011322714803446, -0.5562532151185084, -1.828366774036501, -0.7284972786405994, -0.573978973035334], "noise": [0.1312723100249711, 0.1921386125602729]}