{"unit_log_population_eM": [0.7203487459020035, -0.2299792262461932, 0.2545321819980197, 0.8005384840340944, -0.8963532077660137, -1.293254701055532, -0.6927116175753515, -0.1193626422984994, 1.158130629103583, -1.514871997518803, -0.6390576935213567, -0.7232003986186445, -0.5001052287362818, 1.473991995112756, -0.4214355146264121], "unit_log_population_eS": [-0.3227698873712513, -0.3267194488806992, 0.2512930497025329, 0.1672449192777451, -0.0371965040977514, -0.2698920915278461, 0.0502902818318453, 0.0889529435769826, -0.1784032362375576, 0.5703764352363835, 0.1657578964974532, 0.1810168327920709, -0.2211799674120685, -0.3462873930431397, -0.0007053474332873], "unit_log_person_params": [0.8238799374909008, 0.5449864899830442, 0.3308876060743177, -0.0597858970250725, 2.872687249203457, -2.393129714660896, 1.08074549630129, 0.559035122813591, 0.2648579869933645, -0.2444800665692157, -1.026058523223442, -1.30225116688395, -0.903550714154274, -0.3339604974315325, -0.7598485103648072, -0.7335013421195946, 0.1815333081169744, -0.7546694650556841, 0.3136697731160555, -0.5393491771405879, -0.1258209671484869, 0.2975850171256906, 1.032940386125371, 1.494018288274975, -0.7902261282471276, 0.9756945572445118, -2.428444209129915, 0.171058071853127, 0.1565490711842752, -1.247815923038011, -0.0858922575904913, -0.5226934797007595, -0.2850790336037789, 0.2053632326680861, 0.8290684753026044, -0.3721522675452204, 1.52933921868312, -0.9781828370598912, 0.7283880848341514, 0.9813091316385044, 0.0390026274643249, -1.668400272159925, -1.574046241921209, -0.2264882027519668, 0.966569914560379, 0.7983694314484436, 0.4056076233177053, 0.1486315560632748, 0.1611479825355759, 0.8151487459811995, -0.6569829782148893, 0.1973936981416601, 0.1837512551080484, 0.5700593514754608, -0.5816609807317088, -0.0770184916774718, 0.2819950764704279, -0.0732769528435321, -2.018427565012098, -0.0472123503353487, -0.0132815144369739, -0.1629766827909586, -1.085419036403854, -0.4122545288363825, 2.064334958117952, 1.754517429880144, 0.14501806126838, 0.0547154886333786, 0.2047610886741542, -0.6819637296571266, 2.805530095932643, 0.7117303837110398, -0.637260764282222, 0.6077519074947688, 2.406675486800035, 1.44093009862904, 0.585336758395225, 0.3101097234004451, 0.9291544395721796, 0.2885095339394824, -0.362419509601874, 1.592083269026891, 1.944733384098003, 0.6250982276427205, 1.987182387671167, -0.5576144920069417, -0.8471812938185919, 0.0831668146238292, 0.8069350968492885, -0.2673400691235451], "noise": [0.1546103543994923, 0.1708059578771014]}