{"unit_log_population_eM": [-0.3797079014871644, 0.2606839572200954, 0.2704488537306118, 0.938525492176402, -1.652025613106168, -0.1076671552818527, -0.2427260115593468, 0.8669142790262039, 1.422250775038179, -2.579076178300276, 0.8214921946272948, 0.2097241295979117, 0.2488727639750496, 1.519591476374309, 1.674117093228557], "unit_log_population_eS": [0.4178718484716234, -0.1245247570999157, 0.0602541119445113, -0.1416386102819445, -0.0361733956905499, 0.1515951074200469, -0.2282638841401474, 0.0682565532371152, 0.0403601013922351, 0.6601368272434365, -0.3509094554566307, 0.2032677446914288, -0.2340121758742287, -0.3741739964952212, 0.1178696260297218], "unit_log_person_params": [-0.3294877485941031, -0.0407586263998021, 0.7262806528363054, 0.7631776510000906, 0.2916058351915974, -1.264514357204686, 0.2028581204865068, 0.138761572511955, -0.0289333441463617, 0.4709556273052868, 0.3266233357846447, -1.1774986174429, -0.7658704746498163, 0.2708872533015558, 0.7251104565152967, 0.9319632675819054, -0.6076477484579355, -0.3275450756545067, -0.1888971544409104, -1.65138654733524, -0.3024934350928216, -2.083271710912206, -0.1138565161590687, 1.575950750237785, -1.825493212074168, 0.3550374167593058, 0.6437710621650444, -0.4901043212702487, 1.471715803450437, -0.3240416615829033, 0.2612381405187547, -0.670266117699004, -0.2656302631974208, 0.1952140847339218, 1.147361860759958, 1.163762817833307, 1.461131640523377, -1.043999663561344, -0.3039857886632059, -1.836386248686561, 0.868216275223492, 1.259752240984888, 0.295190942043149, 1.280584230614045, 1.25755974600416, -0.3689612128245934, 2.841345987529783, -0.0105833289032757, -1.147010487038137, -0.1144544224802574, -1.406948103635861, -0.5393434540667069, 0.1577393450188351, -0.424791056366685, -0.6974310161433832, 0.9416473245720812, 0.0091955881824117, -0.8631149741050206, -0.9654218537985748, 0.6235381258033793, -0.104095758484351, -0.3710551451644804, -0.0074603718538577, 0.2152136373782284, 1.61804229464603, -1.045842568527946, 0.180484402838219, -0.5152906450242761, -0.5213682265764, -1.82599332003915, 1.864073686798372, 0.3511434247757059, -0.4262058485357488, -0.7807236490389136, -1.337476112208314, -0.3359509667798384, 0.822639835061507, -0.5774673171123981, -0.3732002707303027, 0.4141969038983639, 0.2776751464167396, 1.631270935966777, 2.79724328144558, 1.384500465158528, -0.1860896230703716, -0.951699289215454, -1.488278791858526, 0.1151265516005551, -0.580147324604992, -0.3781019600150272], "noise": [0.1485449844066144, 0.1859601397149703]}