{"unit_log_population_eM": [0.7018970305376596, 1.138436391495478, -0.4086765181319421, 0.2736647253913075, 1.587145466978636, -1.67546920491036, -1.385997908630139, -1.500354816550286, 1.29880959421794, 0.4702864508786015, 0.0498940341154701, 0.5752564234557374, -0.6893851409588174, 1.871814899723444, -0.263561912178257], "unit_log_population_eS": [-0.4848613293905684, -0.2359743222785302, -0.2070087767032375, 0.1776376998694393, 0.3665338657366288, 0.2384536561071397, 0.2552873383443561, 0.7643244265962794, 0.2633713829465589, -0.1975795144561005, 0.31318625070268, 0.3482444430962866, -0.1643205634852177, -0.1857693401890952, 0.0129084754004584], "unit_log_person_params": [-0.4089267380590154, 1.105702039624948, -1.049602208054135, 0.8242110513338474, 1.35767104523402, 1.064609584273151, -0.3883372735982126, 0.0387148672332847, 1.131366095182644, -1.110737335747551, -0.2933390755471491, -2.383058062568811, 0.4767524541326941, 0.5620252940532208, -0.2258209711620132, 1.237060584032464, 0.970232690230696, -0.259233391177917, 1.278436803379528, -0.6072108843052516, -1.099478889320505, -1.51183702513805, 0.2530141875722327, 2.840013558851565, 0.8245696874707358, -0.1501088611102921, 0.8653135047357341, -0.5536247264302762, -0.5346160520527885, -1.10507508701826, -0.0687024090013051, -0.2950739473500621, -0.6107919045817564, -0.6335117646089582, -0.6449223966860831, 0.6060631770117523, -2.263558802304316, 1.196426447194713, 0.5223465776234003, 0.1698383850574114, 0.9366958189227528, 1.044738012191812, 0.8512424936776135, 0.4236048505758909, 1.049210043433403, 1.979028115585193, 0.4842761603928856, -0.7800297044841905, 0.4267924161762227, 0.282258261580322, -0.6002975013539686, -0.0847486065418943, 0.5983334265070666, 0.5370375986245977, 0.5939993633399836, 0.2353712164957668, -0.3971558030787727, -1.325845188404297, -1.612790027122, 0.4265638025084928, 0.0051227594568764, -0.7255594142804588, -0.8820567866319312, 0.3636172816884139, 1.847322519074322, -0.2016119324512603, -0.5737159262339995, -0.6575922350261432, -0.8871776553704958, -2.333851132552813, 0.9088377007188508, -0.3533332900908965, 1.570864704664917, -0.3705510145388897, -0.0767282427531319, 0.7998842165258591, 1.412087584377377, -1.571913443306667, 0.206054681155636, -1.233952741212246, -0.3591561553599897, -0.4709222419618193, 2.401184232664272, 0.4011185942459747, 0.3320353660685356, -1.313399418629004, -0.0614916740238635, -0.1520456518467057, 1.471619754580312, 0.5399840733599433], "noise": [0.1542153253639789, 0.1724622844341689]}