{"unit_log_population_eM": [-0.4160262258693798, 0.2291550404718591, -0.2768430385498152, 0.0077295389313787, 1.799166095619327, -2.446491200731024, -0.1475667742006035, 2.244575213697998, 2.042442238519452, 0.1297745648789783, 1.043289707100425, 0.5472030273243416, -0.3035801652002843, 1.647889678411928, 0.2257634988101954], "unit_log_population_eS": [0.1739297259387988, -0.0904069173153466, 0.1312206533774786, 0.1254040503486431, 0.3175424496597749, 0.0527839909342715, 0.0859049807920455, -0.211494371722336, -0.1683386569005371, 0.174095075753214, 0.3499392265435325, 0.4813541344206811, 0.1745031184901148, 0.5966127749857089, 0.0125242101627972], "unit_log_person_params": [0.2067213842448027, 0.6044213129760354, -1.733483506084691, 0.9092196351586403, -0.7928937729206165, -0.1007076464180701, -1.531240443486246, 0.4544207998159265, -0.0387253640578693, 0.3619818392388995, 0.0229542484375788, -1.470358062005586, 1.413300755456543, -0.7807249360384105, -0.1088549900406284, 0.3803557066430701, -0.8242166723814376, 0.0227603233676312, 0.0975853610532178, -0.6093370798706378, -0.0443532739063478, -0.533496474540229, -0.2270668088028872, 2.426043658080685, -0.3699023088483816, 0.5282656738776472, -0.0895865600445434, -1.375639885669795, 1.484006234484347, -1.102094696862683, -1.185012634954267, 0.0149765817359649, 0.2024238967311962, -0.4124231206031702, -0.445100068646549, -0.7904784087385373, 1.890928024554499, 0.0829370261938157, 1.504523654275669, -0.2265037820992657, 1.663467129079545, -1.061024855742742, -0.8465006398759563, 1.956516186688098, 3.019524105154143, -0.6209800358154566, 1.265856579937219, -2.952552087041731, -0.1561930167095897, 1.031798254101337, -0.4838114511281255, -1.253833731013276, 0.8792609545010405, -0.0953964962230292, -1.524669804958263, 0.2486741198049818, -0.5073948088387634, 0.7531636254033337, 1.016525678436482, 0.303272916923353, 0.4634552718233587, -1.178844151022385, -1.041072600636892, -1.137333685900921, 1.711153316959486, -1.007912780637563, -0.0802210122257081, -0.6224326680137677, 0.0200061513510683, -1.391903352370155, 1.32599816049562, -0.4274242419840658, -0.8872253480489842, 1.928416371853595, 0.3871614583960351, -1.357550183460746, -0.4998318217602774, 1.384535020137872, 0.2862112440483845, 0.177722942574223, 0.7976982935252191, 0.706306883625361, 1.27116360924702, 0.355769658339703, -0.6499610435723445, 1.177358259148085, -0.0670517236233689, -0.6177530108637023, -0.5254408468456734, 1.814133575717988], "noise": [0.1656637335775467, 0.1888868126514698]}