{"unit_log_population_eM": [-0.7569000740037743, 0.2727063686815941, -0.1567497011699049, 0.1854765532942602, 1.312246971576338, -0.6593220962446449, -0.0076557885324817, -0.3068538636591667, 1.472467358692839, -1.053992735421853, 0.6771836513587961, 0.1533206069055935, -0.9931009367803912, 2.234195947425414, 0.444935754058176], "unit_log_population_eS": [0.1397614003200442, -0.0969767495257944, 0.4168747248830883, 0.0324086644862694, 0.1725739417068398, 0.2635299299161512, 0.0864181230740963, -0.2657977995798032, -0.098847157111685, 0.0931671329993908, 0.1598236214733582, 0.162000864243062, -0.2289840591318561, -0.1534413605338401, 0.321721997750184], "unit_log_person_params": [0.3107337037349165, 0.611745221796063, -0.262036061992106, 0.0688471495582242, -0.0478842227653836, -0.2080231625491346, 0.0067133129043924, 0.6817458585932834, -0.4298813363972631, 1.303455064601148, -0.603441826037562, -0.8368459794198492, -0.1949303946936475, 0.4954435888138584, 1.09215177238247, 0.4282136675799303, 1.043561491059472, -0.8654127713510853, -0.593769913268312, -1.302850201227038, -0.6049890843324763, -1.836779739298287, -0.393928587755603, 1.689677747360858, -1.142719053881995, 0.687901392686358, -1.421841766602578, 1.356433468022186, 0.3247685099188491, -1.250097971974776, 0.6859608150978391, -0.5556959919842737, -0.3101036386726269, 0.2733490428635025, -0.5877382689273859, -0.7746562045188667, -0.2476150437422088, -0.705928344516704, 1.170527634237992, -1.095864718230347, -0.5763389610458984, 0.9471822482226782, -2.216469328150122, -0.896073414304566, -0.083285063299125, -0.2650938106873596, -0.9320351450813812, -2.691913694684663, 1.094779490582266, 0.2985750887459023, -0.9352745905703852, 0.267849682811289, 1.390444225451406, 0.4246331903946675, 0.4042516693861606, -0.1036259852765548, -0.2614890866901041, 0.2667558368910377, -0.4144527776284255, 0.9668021052956232, 0.8642899250096223, -0.3401115773418138, -0.1099393954747164, 0.1098838047844728, 2.278749242055465, -1.57856951179242, 0.7803092369470495, -0.4070085735649182, -0.2255483546809584, -2.155911585585616, 2.740830091986048, -0.3317745031043593, 0.3071162324146204, 1.120293517448375, -0.7090776746305589, -0.916506719968965, 0.0013665957080679, -1.557812093867692, -0.4132493219244427, -0.4019722869999517, 0.168835289147185, 0.8009519010698158, 1.26662571473603, 0.2480898216958261, 0.4285553995859826, 0.7166938049137043, -0.8334902755437039, 1.828563831891793, -1.68894363451553, 1.059519750396276], "noise": [0.1398286648360961, 0.1673334002272727]}