{"unit_log_population_eM": [-0.5274301855271982, 0.117471621663471, 0.793563644708824, 0.4341216360550137, -0.5494173428262734, -0.3449549946310585, 0.7547223456958345, 0.6319758565616046, 1.441955524422453, -0.1598465457028001, 0.8687398113470075, 0.1589518979906811, -1.095709335590334, 2.063271561729558, -1.330794289722415], "unit_log_population_eS": [-0.2194152394496352, 0.1752521751670465, 0.217986143239042, 0.0206757261249179, 0.0184044021920534, -0.3821888717639073, -0.1617811593006865, 0.0472709574190587, -0.0922225155163374, 0.0114379144469802, -0.099883499272277, 0.5993496884972563, 0.184128802175564, -0.0967149387721641, 0.4894692104292849], "unit_log_person_params": [0.2481834744783397, -0.1898709755825777, 2.587847759571236, 1.661247398880647, 0.5338757673447436, -2.152760568032708, -0.1746335654536858, 1.052061389171908, 1.664057856429588, 0.0464449419568678, 0.4107867402845082, -0.2968394991306386, 0.1530379472089388, 0.3935991402027884, -0.8047960075079668, 1.156927296494311, -0.6105381314943468, -0.8336825823829512, 0.4030162960804277, -0.666278547039362, -0.1411129674082834, -0.4404380980003009, 0.848693349775437, 0.6997959453025444, -1.352538507114643, 0.9116887074696476, -0.2770308361510777, 1.637850787270531, 0.2841883554835493, -1.467882304264435, 0.0264151165024201, 0.7257385256955396, 0.1485890009796854, 0.7719019864293456, 0.2335777947302963, 0.763254956909214, 0.004481266958662, 0.5385900513892637, 0.3419915992678646, 0.0708906123210133, 0.8067126165183377, -0.4545024037029189, -0.2671068505608435, -0.4783066786861467, 0.1135866277711737, -1.463157912416463, 0.1280646225103232, 0.3004671409861522, 0.528956054088079, 0.8908181191566233, -0.5175605949111963, -0.1295110897769478, 0.7307166327363442, 0.1802621074019887, 0.2333823573357901, 0.2852547884623603, -0.0227147586640793, -0.9700625358405291, 1.230665100747015, -1.594742996101064, 1.065529414501859, -0.310429499173275, -0.9330792830984256, 0.124856625551768, 1.390381863837125, -0.3009150373870021, 0.6403734927395851, 0.4777483840891587, -0.3792678191744916, -0.9183408936969047, 1.684835505849457, 0.0701516666248912, 0.1537869627020555, 1.233452722874353, -0.9081860406463208, -0.196901220281381, -0.3915976538554742, -1.318273829169524, -0.3713594916371842, -0.5371089547210253, -0.1414836673494335, 0.1722178172429159, 0.9536277497564088, 0.1143846457098188, 0.6924519025474268, 1.134010866259779, -1.391310761273315, -1.93662066728622, -1.487140356315523, 1.734088383239303], "noise": [0.1571107893095477, 0.1998028899037665]}