{"unit_log_population_eM": [-0.2457161722422033, 0.1730916215893932, -0.0293975277378735, 1.681769622609892, 0.1553258082550598, 0.6241584349150263, 0.417799213909719, 0.018451618725357, 1.126059729218998, -0.6180489882227456, 0.3094716290717581, 0.386935867289009, 0.0577290450388908, 1.429442494907179, -0.9367425630913432], "unit_log_population_eS": [0.0964464195027928, 0.103776386960901, -0.4549171718449411, 0.1245728232392771, 0.1379419862527754, -0.0598983854638684, -0.0592849402784257, 0.0181945890700645, -0.1879872537492498, -0.0484008769851869, 0.1714829078466626, 0.5790631871109468, -0.139634471752929, 0.0172664047052151, 0.0635293691744048], "unit_log_person_params": [-0.2022821408070698, 1.923844103128309, 0.6991072400032001, 1.194475762420264, 0.5499366166692602, -0.6748537068886962, 1.30956701263062, 1.044836485658668, 0.6371771968149432, 0.7697878797572459, 2.037838438880004, 0.5728192700625766, 1.301935149343028, -0.2333593910959013, -0.7934311966603395, 0.6608339607469219, 0.1504974296928529, -0.3804983449800083, -0.8917872391923874, -1.092605545442128, 0.0375302766855782, -0.6376484962441307, -1.048222790121291, 0.3568166438685558, 2.098893742025013, -0.4567457140368975, -0.1980451699689385, 0.5493256912167642, 0.1330347669793999, -0.5549978420399918, -0.4077575371041721, 0.099305276993805, -1.004084229197364, 1.272333711561343, -0.9226356332431692, 0.1333405847830746, 2.381894646684423, 0.309446222999914, 1.004915895574255, 1.452073925958982, 0.96256927937425, -1.012845119481385, -0.2594436628265326, 0.7833070486301101, -0.3748224623104183, 1.546915596591708, -1.829997082591851, -1.036769985309415, -0.6427522202689223, 0.5281815974812376, 0.5689853438150404, -0.5944886495533703, 1.586500509195977, 0.2046313649862402, 1.220495565260049, -0.5669736276539414, -0.0281856150858847, 0.4925408216225734, -0.0877024078247599, -0.9250791224328356, 0.5742202308959605, -0.6641788475045333, -1.207910436750979, 0.1025256828822597, 2.920315001675851, -0.1587133369583375, 0.3541587817633924, -0.4558457722188179, -0.118462100059432, -1.174365733536058, 1.074330896985478, -0.0998797962367005, -0.4095768399958265, 0.2073012617406501, 0.0534370844248962, 1.295278131756462, 0.9073028057614814, 0.1022506228924113, -0.2324236852408469, -0.299008543039724, 0.9739575879169718, 0.6860374532316269, 1.786377732021693, -0.5053873000647212, -0.1384090733826496, -0.7825490000561774, -1.849222703020609, 1.564401450302447, -0.959012568551212, -0.1586664718870864], "noise": [0.1563834004842573, 0.1864350720735283]}