{"unit_log_population_eM": [-0.3055681731162352, -1.577646403263039, -0.472470889631881, 0.928146037117778, 1.487537977022831, -1.873563348433098, 0.298750773506601, -0.5813999588724554, 1.058523452776061, -1.528115712743851, 1.212946860741043, 0.7485966131621645, -0.6450446771173459, 1.397737857096593, 1.531749069581449], "unit_log_population_eS": [0.3163829585037567, -0.1601238272011676, -0.2208332401877844, -0.130756609004108, -0.0140907178821594, -0.0594296436740847, 0.1286329492682334, 0.0059099005523114, -0.0774977047896634, 0.1169690579189446, 0.3619615039145764, 0.1152857330182743, -0.1915493073205158, 0.1284641560309122, -0.0284370024526461], "unit_log_person_params": [0.7536681531068569, -0.640668570134358, -0.1877243810339505, 1.485498118375735, 0.5339171083655426, -1.025317509228923, -0.1226157111801957, 1.185905903314037, 0.5772656356807072, -0.720296527798109, -1.726440859983018, 0.5038867632525497, 1.824879361677744, 0.8916159201664, 1.440633648458164, 1.351967308391532, 0.0775252193629203, -0.5027805978023401, -0.2097856364616579, -2.78614984232407, -1.470037034726624, -1.217543246975558, 0.2316661235082502, 1.451616196866246, -1.315877832628079, -0.9845776623482608, -0.5464553384502095, -0.7273813225975582, -0.3653983611246344, 0.6036701472001246, -0.0663989420279532, -0.4375140980438265, -0.856294203777485, -0.1094099212000067, -1.036859976062909, 0.4975951398238372, -0.963764177146594, 0.8913520910867764, 0.0502361106414873, 0.7756030810069381, 1.245517342708689, -1.062434046594484, -0.3784206133241353, 1.982683563974091, -0.5250384351236702, 1.415550763805012, 0.8070717374038104, -0.2029257129486814, -0.0691565139051873, 0.2736190424984641, 0.2134398113682027, 0.5243230197156823, 1.032462933542706, 0.794232533142216, -1.53412631557, 0.2675030686678299, 2.926369434384254, 1.694070385619054, -0.5133564043193668, -1.170189093497289, -0.3404339509473947, -0.6245372777587639, -1.551838061094568, -1.537686900452696, 0.6197907768107804, 0.2615001431689529, -0.3275965454436272, -0.8326640135523969, -0.859119010030615, -2.524675207950589, 1.942234141075335, 0.564421876339068, -0.5975942083134084, 0.1319175183299184, 0.93322567955685, 0.538369355669077, -0.5040540907721676, -1.180794270239625, 0.8340945660762402, -0.0010760458378399, 1.369672922211561, 0.9459775986010436, 1.851784958827945, 0.4802165690709553, -0.1488398963410676, -0.8614355202805531, -0.3119157792863624, 0.722891378156212, -0.3091940936342087, -0.1201570131599964], "noise": [0.1477035578488763, 0.1620639400650636]}