{"unit_log_population_eM": [0.4630337740078051, -0.4304392663162834, 0.3623418025957523, 1.454638338484815, -1.242766758778319, -0.5060671097319784, -0.8745717907392161, -0.3876648966019623, 1.400923241737941, -1.999566701473636, -0.171859464085568, 0.856325921795699, -0.3684155535086323, 1.176249959566515, -0.3818982794632269], "unit_log_population_eS": [-0.1027456596920812, -0.0836448023891315, -0.1927315957221506, 0.1556802007201178, 0.6371987986496118, -0.3426759329003554, 0.4614937284901966, -0.0365434143085947, -0.0215433074805575, -0.1105916805753095, -0.1164110281886852, -0.1028779036591535, -0.2666499234255999, 0.1681468578450842, -0.2324423169367871], "unit_log_person_params": [0.6475733194452731, 1.030421812958147, -1.810869683675548, -0.5103745109206509, 1.041902837704072, 0.1014164802874342, 0.9082770155506376, -1.271334440310697, -0.6452530461205293, 1.077590088130021, -0.8473905903374229, -1.128839122280554, -0.9006963329599496, 0.5494134413846572, 0.052501065809107, 0.3375098562826107, -0.2562058107674633, -0.6209344061300422, -0.1040248484035249, -0.961638828520357, -0.5987843931576615, -1.260187987673739, 0.1517605304848036, 1.926202158732368, -2.768544260530862, 0.4019517056430574, -0.143497416831381, -3.603259135131576, -0.2503552480397816, -0.2024790149510484, -0.1226969076054326, -1.269896557399743, -0.9502928472459952, 0.091622110134191, 0.738922166143091, 0.3661447828690048, -0.0431904751679447, 1.788082733504873, 0.712782968280389, 0.430283106924876, 0.9714914202619378, -1.611987832130641, 0.6520969010352109, -1.238597537522611, -0.1308541206945972, -0.6809935265237391, 0.4989192945613398, 0.8468938665216386, -0.0689501318809215, -0.2311602628128106, 0.0594894862323711, 0.0847750765051778, 1.060965606835921, 0.1450675504224384, -0.085261059855842, -1.298183092212025, -0.4649779819590828, 0.2676031519778201, -0.5712253355358544, 0.2993340140332771, -0.441199969851113, 0.2288800768102389, 0.2783982095783785, 0.2450901460046588, 1.833082540468072, 0.2355749574313196, -0.6741750654137421, -1.12404487205263, -0.7484964367986596, -2.341966134821111, 2.198708717421506, -0.4578788230058122, -0.3724554499032856, -0.6984693121152514, -0.09683106190367, 0.0136949743684504, -0.5938121529198337, -0.4490073537211851, -0.607706899194363, 0.0046936441714392, 1.562601980762728, 1.152931508409285, 1.664303992597755, 0.3613619285941921, 0.831729287703062, -0.4367748019478253, -0.5756355008265498, -1.700395848002209, -0.9004080601368548, -0.4628274070858514], "noise": [0.1273534617712674, 0.1962757679176065]}