{"unit_log_population_eM": [-0.5726859981466986, 0.0527670257138027, -0.0052379197486466, 0.2158328323173964, -1.520667211193394, -0.5048310133076667, -0.3710883000167348, 0.1652535143094444, 1.536488904981441, -0.8252284851426643, 0.168864694726181, 0.1295942785380185, -0.4254789528069786, 2.103995874050368, -0.1493997057299019], "unit_log_population_eS": [-0.1976832761074432, -0.2925426358242425, 0.0897686925835922, 0.3047219906689269, -0.0404120063006147, 0.0246985889915452, 0.2181714974775112, 0.199403156777258, -0.0294421443856143, 0.1068031889715316, 0.0228350505919902, 0.0402579966339455, -0.108092599029718, -0.1213909198992688, 0.4802556541552704], "unit_log_person_params": [0.3490519111005906, -0.1857007419282416, 1.240535718126427, -0.3165283150566975, 0.5856240277714951, -1.842621320853028, -1.016019304037946, 0.5172601332600102, 0.1711652715378157, 1.690741852831253, 0.2060903889076878, -0.4926723877908092, -0.4534570258061595, 0.3158081524441769, -0.3752634763380578, -1.432557797355417, -0.5361460237478671, -0.3539837332677674, 0.6849764238288644, -0.4469655366313138, 0.039444741683815, -2.005506245258029, 0.2285884001401312, 1.02160830406733, -0.4026562635044479, -0.3313474839500442, 0.9722502784156228, 0.6760956896260948, 0.983397373342508, 0.3161011520800092, -0.0119880080396205, 0.2447503760889448, 0.0076296384222225, 0.0349470571566961, -0.0884841757206207, -0.183691586340965, -0.2103447118871414, 0.3187704552334311, 1.64442542271276, 0.7848313956486759, -0.2151992980140549, -0.29922263036214, -0.4731272079767948, 1.689214128602907, -1.346463112349777, 1.349148928180022, 0.3406056641095734, -0.5320890647117004, -0.6275946557275077, 0.9348050888314884, -0.1469359467276293, -0.4725632874519589, 0.4427992152623597, 0.5656238405616922, -1.553891352790883, 1.058121092520522, 0.1066963117416983, 0.4299418360462763, 0.2848503842253405, 1.186906579129563, 0.1608203408020712, 0.2375664108125511, -0.2771528408372658, 0.1357645191730033, 2.19106573927383, 0.2892290640189684, 0.4718748205081189, -0.1852787766614324, -0.267390717590731, -1.702176143840374, 2.462101443379131, 0.0820171697796325, 0.258743389659419, -1.120611450418678, 0.605527814056719, 0.0189303299859228, -0.1096957770867586, -0.1011353841918324, -1.391808843460267, 0.0449643050435548, -0.1928662922495657, -0.7035858450475739, 1.301980111084547, 0.7951418614257122, -0.3077183725251575, -0.5832002425036782, -1.706714969412238, -0.1874843869560429, 0.3626942273930266, 2.357843034597378], "noise": [0.1326289610691015, 0.1759965722840875]}