{"unit_log_population_eM": [1.06617127061806, 0.8660721684849642, -1.119518543825808, 0.6389761645182228, -0.0776719894761636, -0.0132587420137489, 0.0947809478946962, -0.9832449834509668, 1.714696253679629, -0.4542762965834714, -0.0592257258594307, 0.8692031132655944, -1.522318846922594, 2.018559284499673, 0.9806132479279276], "unit_log_population_eS": [0.3607756985368271, 0.4057371583991958, 0.2454001135553337, 0.3305292179108258, 0.0336583549439527, 0.2974993723702198, -0.4738636638570493, -0.126554022698342, -0.1393497978110413, -0.1112166723115569, -0.0238297062875611, 0.0350835986085234, 0.3147334633202954, -0.1712761026604184, -0.1314068045718194], "unit_log_person_params": [0.4629758134444558, 0.2447477837758316, -0.3856283595292596, 0.3699917729614681, -1.647282056233874, -2.476607525233803, -1.824027512376251, 0.4146911046784708, 0.7614068283268411, -0.1757096110562881, -0.4911137764412229, -0.5298371799095603, 1.791258024248479, -0.4012884109868336, 0.9407481116665392, 0.5085923358402261, 0.1926142609002861, -0.2667084094910009, 0.5728171842192468, -0.909115659811251, 0.1578412108886655, -0.0538607765195861, -0.1744957238469265, 0.4345785346373366, 0.7675178012502042, 0.3753433248159954, 1.547806033757996, -0.5103491194345511, 0.7868219932750381, -0.7297821381513571, -1.767705223935152, 0.6731606497286838, -0.5824707260544457, 0.5708527526986676, -0.1402737263462359, -0.8870528079546506, -0.1863117044553627, 0.8282256474859432, -1.360238115653562, -1.295638633027201, -0.315451523447691, 0.46515149008398, -0.3020196400193974, -0.8607871431545986, -0.7197713307600356, -0.0268195957708828, -0.6103661996485131, 0.6613551112120379, -0.8063901171855044, 0.4755856964953681, -0.507446782437929, -0.5362603905888549, 1.820054471439426, -0.4457538806005306, 0.4592369460126525, -0.1123949809568102, -0.4409773440211803, 0.2591287465857193, 0.9144897116870808, 1.455868042503581, 0.7831301748844971, -0.3832528946980418, -0.9899245871834548, 0.7347905653286821, 2.634250269171035, 0.1793585152556817, -0.8440360581782442, -1.907520945830487, -1.103595553016644, -2.499974245285872, 2.532796478706037, -0.2550429634405315, 0.0996325787779153, -0.7173184058624097, 0.6890070571213168, 2.440073319599642, 1.295986280681758, -0.3201009778059041, -0.8326752751231329, 0.2492073299952071, 1.349051080745534, 1.251220348910352, 2.217053558557151, 0.3573214068229308, 0.5359502871843741, 0.3900948354236045, -0.923587158787164, 1.590127903101192, 0.0736445027246436, 0.2466736260123684], "noise": [0.1382390790221907, 0.1728497581514091]}