{"unit_log_population_eM": [-0.5486186996750365, 1.044082497829248, -0.1073491944687443, -0.6934742353772958, 0.1531871613328094, -0.8987433721102347, -0.2242086430637333, 0.3952150776617177, 1.722378016147077, -1.550382668317598, -0.1602427158479015, 0.1069961717080661, -0.5213068953020252, 2.279827190547718, 0.5860383703406922], "unit_log_population_eS": [0.0607433212831765, -0.0212001011305063, 0.2431456883304903, 0.3768796437398328, 0.0662782866106673, -0.1012203287835643, -0.23240934277709, -0.4029970761245147, 0.2201025830401512, 0.0731445708319807, 0.7674119404163952, -0.1292441804590187, -0.1044501373384483, -0.206566913925045, 0.0621121045563398], "unit_log_person_params": [-0.2083869605054583, -0.1993945927815222, -0.0079712730738146, -0.549987776640753, -0.440586997650649, -1.689476888089642, 0.2937201834396753, -0.4842562755245137, -0.4941361891219288, -1.227209192320609, 0.8541923443432526, 0.7199371060656914, -1.31170363903537, -0.5945426655911517, 0.754746646648837, -0.2076805002918721, 0.2713260057235094, -1.229558119967942, 1.114457546238727, -0.3831130225691949, 0.03990528408457, -0.2717660287507061, 0.051465634905746, 0.4151077880651727, 0.9562824633414756, -0.3032136905897999, 0.7065775217974045, 0.0606867957403, -0.9424217869371756, -0.5196535212810847, -0.5814784914116471, -1.192393417794866, -0.0541726334476195, -0.6245221750261672, -0.6536825513224187, 0.4071207957043598, 1.291054828257498, -0.4332963202349852, -0.218508703592603, 0.1323449440548862, 0.0288042602031667, 0.4028343773137961, -0.1046633033899053, -0.5192574248339297, 0.4594749983226453, 0.7809357289006543, 1.943275990148612, -0.1908316185329347, -0.228273819086668, 1.045782247658391, -1.088113801547026, 0.0690444553826501, 0.807853675194623, 0.2258588294315972, -0.4451256574676136, 0.6428910504246172, -0.8742378730616587, -1.598922259609431, -1.645751524417159, -1.633583464247118, 0.0126052282130001, -0.2769668364975241, 0.1876355727306018, -0.2721909764670994, 1.668751296881653, 0.384626055481056, 0.8398473207899951, -0.1141124968245805, -0.3442494302658692, -1.925569157560971, 3.275372927582913, -0.2816626176300392, -0.4618179060136468, -0.0288285115060821, -0.6071997925957275, -0.0016233548783844, 1.291484156393598, -1.099210798984707, -1.296990431753203, -0.0677201556781293, 0.1249525658452014, 0.5281494195112987, 1.200387048799815, -0.6319079478429138, -0.7778011701651293, -0.3436448904664985, 0.0537071437537237, 0.4666286515546693, 0.5759616691850294, 0.6048450505110228], "noise": [0.1248115867934357, 0.1842875875824545]}