{"unit_log_population_eM": [0.1441991668263123, -0.1934404999515437, -0.769225435785014, 1.183102818204889, 1.087272453982724, -0.979985140467967, -0.1761073472137138, 1.492991953335529, 2.610071301990291, -0.2918184710343523, -0.1335777739895387, 0.705864696654644, 0.7571373825931854, 2.778137834612629, 0.8309098596336206], "unit_log_population_eS": [0.5782545034897596, 0.0328245353267012, 0.0030293938647532, -0.1353322720112794, 0.1031205444601979, -0.1590737339536424, -0.0674211674851378, -0.2176964528418825, -0.0170718021332834, -0.2452576190573406, 0.2380416699046202, 0.2472219292684754, 0.1238558992868766, -0.0287908714610499, 0.2042549175710693], "unit_log_person_params": [0.1158214672166497, 0.7581639845099732, -1.396533862968605, 0.5126087215942045, -0.4183987148957938, -1.023043040994319, -0.2965857699205825, -0.0142283226638368, -0.0976318336258394, 0.8811126402773362, 0.1550714756493065, -0.7878511228615006, 1.33831065500364, 0.4913520474541646, 0.2522409269272952, -0.9212676055051078, 0.3949602173318369, -0.702765147724768, -0.1687312642498116, 0.1125457867468835, -1.478950982338485, 0.2683571469271109, -0.2517064275474911, 0.6962568841586083, 0.1114194524845982, 0.3740985861841472, -0.91249255579651, -0.9965860431088838, -0.7139495335995083, 0.0589335798279562, -0.2851835522663713, -0.1073262898287183, -1.004350237021037, 0.5933064179965853, 0.5001700882110763, -0.0407919379372207, -0.4819322132528566, -1.073191222516513, 1.354268777778226, 0.8551142582762871, -0.3568005662417352, -0.2343803392214074, -0.8159424552894888, 0.9573774791427389, -0.6211683378149628, 1.36701879924122, 1.967679983830394, -2.442203374219324, -0.5488312052894149, -0.7363712629073407, -0.6035523929376562, -0.8641929900295012, -0.2569517151925743, 0.2113888910359236, 0.245882675674994, -0.1027432959425779, 0.4697071497340495, -0.5620973803569548, 2.043112725078389, -0.8832539758040167, 1.220303818173455, -1.185902179357864, -0.7680846688432409, -0.7615901048823497, 2.441178935254863, 0.6841466353080355, -0.0150380251288411, -0.7746211054408073, -0.3602428260954629, -1.504838061642861, 2.321384528006118, -0.2064206338352655, -0.362334216299519, -0.6642372936117593, -0.1566963502910227, 0.7033751923021629, -0.4160065901583472, -1.348914218235326, -0.9861650093061052, -0.9670129103004204, 0.0413716269752654, -0.3170363867681607, 0.8669157305303636, -0.3792804774898352, 0.9133408262970408, 0.4073947875141783, -0.930942633060705, -0.8564444990095332, 0.2254324397763572, 1.060757338748453], "noise": [0.1565427794893157, 0.1908542235235152]}