{"unit_log_population_eM": [1.126688346949582, 0.3001138622462113, -0.6513102116535043, 1.122574742438957, -1.092252784434622, 0.2045246179217642, -0.0907134832222774, -0.4254642709685184, 1.621524547431095, -2.148746163644185, -0.4227264628615903, -0.0013456481483675, -1.149606645649526, 1.735017684594494, -0.1836327788863288], "unit_log_population_eS": [0.4693138313356232, -0.0909528179645944, -0.1067451405598072, -0.1284984662214269, 0.3785718152436641, 0.174180932851816, 0.2408967776400229, 0.1016762801289103, 0.2412192224974118, 0.0435792191829545, 0.3046848629297285, 0.5745114743741031, 0.3949650883613497, 0.1576297411192474, 0.1067926543293802], "unit_log_person_params": [0.1554428842098313, 1.173140381139626, 0.8844696862822115, -0.9042119496594024, 0.056546841319422, -1.647368467074118, 0.2312720482317714, -0.2871160767481091, 0.6865827895723935, -0.5043210434647843, 0.4618573700397972, -2.005021756364224, -1.975514530464701, 0.3759492214058648, -0.2318992194076305, 0.3653869923175236, -0.6646085868379301, 0.5232148684484768, 0.8883072407688488, 0.8395242015649147, 0.2978830315479162, -1.320220814401298, -0.6795685646864579, 1.160101591676471, -0.8353659652556865, 0.2536344768915055, -2.002281767950281, 0.8918071426049258, 0.7624949185518026, -1.596176244514265, 0.3237857069626841, 0.6180304416214218, 1.273615446307242, 1.189736635740025, 0.76796663228276, -0.9723073039861848, 1.110126556928306, -0.0497596395362817, -0.6176803705345476, 0.7173938515274173, -1.859731685273371, -0.892037202916374, 1.842947447428428, -0.6498549972568075, 2.102861353391713, 1.370095517629592, -1.866344456531398, -0.4961784833809481, 0.2006775336282141, 0.2317173377675321, -0.964624043692371, 0.01506069381403, 0.0605629285393274, 0.3031351712581674, -2.037756026980044, 0.4141343895728885, -0.840061192958796, 1.381843349423096, -0.7939943085325658, 0.684436710718622, 0.7558311246045706, -1.020345810557451, 0.0903307822243041, 1.86115347173475, 1.746965048406518, -0.1248148448315412, 0.6247505380203698, -0.2442686451674158, -0.4680762438557066, -0.4842183506892506, 1.099538450509514, 0.3595908629579205, 0.8329845334991399, -0.1404736989276734, 0.664254683113646, -0.3877561811697594, 0.1186313082501186, -0.7109771630599832, -0.799615150017731, 0.0453951087133512, 0.5080626133614863, 0.6005467857172082, 0.7316113106609986, -0.0160206161217674, -0.4876074275531438, -0.2535967516560918, 0.2544605191753542, -2.224285439132994, -0.2539183677883909, -0.9829906110373676], "noise": [0.1690231733374208, 0.1731693210676844]}