{"unit_log_population_eM": [-1.151195774806877, -0.7527662516413275, 0.1280938296588621, 0.6474648920317645, 1.073243790078712, -0.4460815771604535, 0.0642846393112034, -1.017497011447042, 0.950013960378352, 0.1703959811370572, 0.4105078052733654, 0.2676993268465607, 1.233374752863859, 1.962337169172733, 0.6061254948834626], "unit_log_population_eS": [0.3259165943445702, 0.4947900137569897, -0.0288379869330875, 0.4694419492596444, -0.2546079644213354, 0.181540298885892, 0.3211214732502984, 0.3989137171418745, -0.0074309619505545, 0.3519773233169664, 0.3132190272707461, 0.633137354734959, 0.0193288004919573, -0.2192290411442001, -0.363952904189925], "unit_log_person_params": [-0.2180464546961579, 1.092970878156763, 0.1617388035990252, 1.535430733338871, 0.9956508020247258, -1.274025841461125, 0.2901861433491067, 0.3867604405448933, 1.814100385571154, 0.4582731729792666, -0.7092612652762739, 0.5117892296648641, -1.525807842675438, 0.968728730648564, -0.4946538750158163, 0.2261375030854778, 1.373379286271817, -0.9261457537744204, 0.6629072876712093, 0.428527744068106, 0.1832185050573068, -0.4685179276563339, -0.1329811188758901, 0.4198038082188466, -2.015999228454828, 1.156854444603423, 0.6981096691670565, 0.3702610551998217, -1.328847739945141, -0.7284025737841127, -0.4429790578194117, 0.1045154624097976, 0.8906125237100558, -1.329792753147366, -0.1795454392482767, -0.4870844155143998, 0.5067982736052551, 0.1615161230132306, -0.1254010176580634, 0.2156175216417527, -1.191483958906874, -1.965682095256153, 0.9706905911926508, -0.8859956031444532, 1.814447576528222, -0.4698922035401832, 2.868535328430394, 0.3693617182217365, 0.479300036186246, -0.6648194400091931, -0.7442551404574407, 0.1686617320662187, 2.868216628539551, 0.8062119569985874, -1.973120388467289, 0.7314642369498529, 0.2175933941305009, -0.6775388880605432, -1.994460091475585, -0.8858505220474472, -0.8635243770726119, -0.026407441715578, -1.089495186953066, -1.058699958275071, 1.712466940625192, 0.3919604569477392, 0.3329097514063291, -0.3228658073248066, 0.0200671196918156, -0.9846112100758664, 1.459493242676619, 0.4017630528534245, 1.580554130280391, 0.5020708201444539, -0.7505076440990265, 0.4941832559586825, -1.279265144343128, 0.4334157370815553, -0.8093839299850967, -0.7063245651788655, 0.2122559088962946, 0.4663003547159091, 2.466004209964915, 0.0310932176201503, -0.3200939040841393, 0.5713706032022722, -0.4950511437553453, 2.088601577938136, -0.5268620398436361, 0.8676883361294316], "noise": [0.133647281690799, 0.1714095952300892]}