{"unit_log_population_eM": [0.6976168064402894, -1.418857422224047, -0.2675530271334151, 0.8632136298356027, -0.4097262127557391, -1.348388410722904, -0.6447022074965985, -1.052249676585914, 1.647467642756502, 0.3858195466340814, 0.8131085326516219, -0.1426566923805354, -1.156537587543829, 1.853840773972772, 0.9464100618231016], "unit_log_population_eS": [0.572044203043909, -0.3007775747122621, -0.0657737833021496, -0.1736067251711662, -0.1710275265704885, -0.319194593713596, -0.1571354188719965, 0.1296622943600299, -0.1182607511118444, -0.3520653331680307, 0.2940651787146377, -0.0748195912021675, -0.1481678290863624, 0.0784318194987354, 0.0851648386534919], "unit_log_person_params": [-0.3373657133187368, -0.1647730880312492, -0.157217189784211, -0.0706712463471831, -0.4643958015072951, -1.114614084356892, -0.1749549655765059, 0.895633707214726, -1.759106597715752, 0.3737248507703346, 0.1113704501026536, -1.104685659900312, -0.7458879799938838, -0.4788459200286714, 1.43502241570528, -0.0745681222586619, 2.023932428003562, -0.1317724137989785, 0.0344054984013529, -1.473789835445353, 0.0589720770200454, -1.559289982425424, -1.082636224213575, 0.973109139313594, -0.4060695218638488, 0.5717245614486843, -0.2168267173722561, -0.0335685962273157, 1.592121627543685, 0.2884714580820729, 0.2138687451831303, -0.5809981279081307, -0.9894757752883911, 1.489275538221453, -0.0568324261843698, -0.5270221919145298, 1.871142984325619, 0.5676910831529902, -0.9996116896815584, -1.389211170237991, 1.746683515352768, 0.5387279332723475, -0.150828918812366, -0.433483225798703, -0.7371685840539552, 1.60082987877675, -1.854271165932578, -0.5684709969521969, -1.567755027789959, -1.61182818119583, -1.256983561688152, 1.403387649395168, 1.543559130440116, 0.2314280171097542, -1.480404268801645, 0.1361281516109284, -1.193716939171006, -2.279632941573901, 2.492745581468788, -0.2735102660613232, 0.1869768958110519, -1.664472696633201, -0.9896995233034864, -0.7048816544047632, 1.365114371169753, 0.1694873519932354, 0.6434055589873022, -0.474196415918189, 0.2545306641411342, -1.606628953133572, 3.41589670061621, 0.6270510139951926, 0.9580454728196643, -0.2610434524455941, 0.8421803168818578, 0.7844791282978923, 0.9526445411557364, -0.3770476654406878, -0.5386241573462562, -1.397166055786507, 0.6899579736903773, 0.7842102884042006, 1.607280743186327, -0.5717035762668147, 0.1007838020818961, -1.574033981363772, -0.4608656718043371, -0.2288932804220954, -1.658107219145515, -1.484453230984044], "noise": [0.1436196877186813, 0.2144400267773444]}