{"unit_log_population_eM": [0.2462780081265357, -0.170185368429617, -1.046695820210313, 0.5618669647472042, -0.8009789175783674, -1.874413171335008, 0.558618446538355, -0.1947580072065606, 0.934914132221903, -2.673960264233752, 1.046897015811515, -1.553138418098977, -1.471621074731722, -0.6848654249954519, -1.258419842042173], "unit_log_population_eS": [-0.0912184473907629, -0.0822451242042382, 0.3470049019348082, -0.1269142871459151, -0.1531081057613287, 0.3890266487734831, -0.4523229217451997, 0.3353334975555334, -0.2402900660573133, -0.2942117376287581, 0.0221096037327552, 0.2527791602201719, 0.1956019826123554, -0.0874241454213066, 0.1783200672067022], "unit_log_person_params": [-0.0077541373612232, 1.263500756163893, -0.784574952104538, -0.6838420304430168, 0.5679734805675263, -1.590813443941794, 1.22158718252243, 0.5369327987425461, 1.042357779883534, 1.111993759335426, 0.1701059080456601, 0.3563876153488318, -0.1398213053449043, 1.005061850303069, -0.2582041184699513, 0.2548867387417284, 0.311460711424604, -1.439536455007399, 0.0111880062273487, -0.952874354257256, -0.5594513638852425, -1.38219614973736, 0.1200007826551573, -0.6060313455759303, 2.074694521450895, 0.4208059235707498, 0.2080511230451477, -0.1424719437840009, -0.3970070481357904, 1.393543450959222, 0.1591371576936317, -0.4539285809899978, 0.9123412285950032, -0.8054756297796384, -0.2577882771454614, 0.7540848527398922, -0.427931204331546, -0.3162818044924002, 0.7135423569700212, 0.455755476461452, -0.6568970189133914, 1.051202491248963, -2.371918369044687, -0.4237839739174332, -1.001003797309568, -0.6404434808423173, 2.624538978257571, -0.3078899419917582, -0.128375609166216, 0.0808622097244209, 0.2152002522885008, 0.0069343067662244, 0.7003148153811463, 0.5950845127179117, -0.9602063779720792, 0.7907182057891988, 0.0958540182095604, 0.2376029319540838, -0.7394923782029671, -0.4407132312415983, 0.3828085067631317, -0.3976590526988877, -0.2740868425121202, 0.0925007541406395, 1.281682327611253, -0.0372141030586855, 0.8370348002850616, -0.4551002631158609, 0.7306492420093953, -0.4524417830802213, 2.581611554614182, 0.4125136883424727, -1.004372102788197, -2.118552666714583, -1.071532103366907, -0.5888567620508098, -0.7481354702024126, -0.6109510462335352, -0.9145024060135498, -1.670227550306048, 0.2158100516862291, -0.2424623989096418, -0.6854305655840817, -0.211237571345888, 0.4252898343283799, -0.1190592854726069, 0.5295774401349692, 0.5693280719926319, -0.4454012716619968, 1.099843761606751], "noise": [0.1446139313360319, 0.1941859798251233]}