{"unit_log_population_eM": [0.0723803153918005, 0.8798164308472388, -0.1755647257985446, -0.2433048666060407, -0.2519238422697433, -1.899738867750093, -1.29136774074584, 0.736133342322926, 1.153833626493808, -3.749065139234198, 1.166061869913774, -1.270743815838555, -1.582186077701314, -0.7215131726811446, -0.8844832405253187], "unit_log_population_eS": [0.1321874212155512, -0.1264311869984046, -0.0720836095783428, -0.1603906140534302, -0.1579328304369418, 0.2182817338797184, 0.0951314962261704, 0.1528020993782426, -0.0662977416518397, -0.1269483458532674, -0.2433697355770248, 0.37515818595022, -0.2627793593717098, -0.532860845733901, 0.1526655984013308], "unit_log_person_params": [0.3275039478866476, 0.057778315386928, -0.5639961970570861, 1.08825582444497, -0.2734518121305455, -0.9372449687122872, 0.2974210657580041, 1.007915437030485, 0.7635928852479068, -1.068231164431476, 0.7577221103142439, 0.4992386266729537, -0.8127342332630256, -0.0321263054207403, 0.0717466532158592, -0.2776922417474999, -0.3488438091569538, -2.023974682204964, -0.4122059486701171, -0.7574156778445736, -0.5163843169326852, 0.1083476955859637, -0.2741904440267773, 1.440384118296101, 1.76938522969195, -1.09865308293209, 2.173195167054665, 0.8480123324980932, -1.224856875515519, -0.0066432802960301, 0.1759011203233481, 1.382298971718873, -0.6379614622720986, 0.2328230236576541, -1.155198041664234, 0.999311531873402, -0.2444135814251715, 0.0329083407771363, 0.7092895170724602, 0.2133432891739435, -0.4528272424162174, 0.2920693202760993, 0.0928606047471444, 0.6462224342192253, -0.3069750246468452, 0.9890778260190938, 1.188495801170634, -0.2049202757743511, -0.1277885421659512, -0.0980670857895875, 0.0598242854609602, -0.0940270821297211, 0.508830657632112, 0.1351813213849398, 1.308019798287983, -1.7716731846735, 1.073429580184413, 0.2916756408120835, 0.0266083652994348, -0.021468953040508, 0.2578329495877447, 0.5429847225574429, -0.0819138438586012, 0.0138974164924958, 1.703362122481793, 0.1121620565957547, -0.1946203272305539, -0.8442746401375236, -0.1307320124789818, -1.387110642347902, 1.634717667965395, 0.4193486552834036, -2.368445363030609, 0.4122308324122247, 0.3538126372561434, 1.064460432536808, -0.1414128052504452, 0.0977653176431488, -0.2358119684766557, 0.0477668481351943, 0.1646957301840384, -1.015690742889335, 0.515287114560121, 0.309390223954314, 0.7444154529047409, 1.670023357805958, -0.9012971926405264, -0.2292361026080287, -0.8570350836564038, 0.3486056960484035], "noise": [0.1305673989035531, 0.1890789956734998]}