{"unit_log_population_eM": [0.6301743840077861, 1.020147834263959, -1.072189762319893, -0.2045774478381651, 0.4092769152750113, -0.4421953880232675, 0.266530262796657, 0.2223479910863518, 1.251446400751562, -2.737392616390155, 1.230996838899079, -0.7218983984002381, -1.57585426470465, -0.6645068569085566, -0.7926218563823335], "unit_log_population_eS": [0.1455763065233096, 0.2732956565746433, 0.0558254203707907, -0.1439094187570751, 0.1296637325117674, 0.2161462814369756, -0.2270496282001809, 0.2827725043841626, -0.4621865531923546, 0.0360550223924242, 0.0332486433438557, 0.4151506244227297, 0.123768478109182, -0.1317122849933939, -0.0245399957551892], "unit_log_person_params": [-1.013063373722753, 0.6050850893547909, -1.005895905478582, -1.003081409137618, -0.0706355838391538, -0.6256226161419776, 1.699907360455462, -2.426080560789034, 0.6279761848312022, 0.5282509293417262, -0.0022156349557351, -0.5209559551283087, -0.6300546737802154, 1.165101232264948, 0.4651549800611818, 0.8751863236755627, 0.9144284154034888, -0.2637937048235488, -0.2595015857378742, 1.04530908288151, -0.3959752667966505, -1.203796753287215, 0.8997777657139236, 2.241037407492476, -1.353953382602615, -0.4812490128265562, -0.0075938207183317, -0.6904334504056246, -0.8481700322892366, -0.1053097153907375, -1.667395190922758, -0.0688162498625171, -0.8996421002381864, -0.3507762023866559, -1.694216093559457, 0.3330526302975453, 0.6427334631013426, -0.4130116616032783, 1.514325789012483, 1.486708010761212, 0.4079709326450043, -0.3607704372650899, -0.541537626460607, 2.039756918611755, 0.8430191673930366, 0.1115562980713361, 2.568148559554309, -0.7009835903785815, -0.471452053431046, -1.086641127058796, -0.3575666219719745, -0.5653031572277019, 0.1976941463441565, -0.2759354780514638, -1.091322304155393, -0.2250475914482207, -0.7761201021964201, -0.1425504755974409, -1.126641090033842, -1.712429869774692, -0.2372935987559885, -0.0922334200541303, 0.7146768434195193, 0.6054354872055674, 2.228609365814502, 0.0058884899905577, -0.8433864951563759, -0.8120246760262632, -0.4028635927134363, -1.561303305875815, 1.229766700249393, -0.2464894790570001, 0.0292154826822935, 1.444167304120225, -0.2256343698847629, 0.8276942596513941, -1.138773706406293, 0.5453423212400579, -0.0121104642652738, -0.5922303854345363, -0.4823618349452079, -0.4858431194544143, 0.96328177264848, 0.2113033328470522, 1.435577969712374, 1.295286751753536, -2.222564063272662, -0.7584987410594618, -0.4345249899175646, 1.062569035393066], "noise": [0.1467265695002354, 0.1608577528989083]}