{"unit_log_population_eM": [1.326003425175807, -0.4010210857071164, -0.831754197208368, 0.7041046778234096, -2.323883237576415, -0.5114494562941972, -0.0334986667449012, 0.6449166852669044, 0.831730478798024, -2.98707163060625, 1.555710737415227, -1.366101478457968, -0.344627096663773, -0.7519167036441601, -0.573471755889387], "unit_log_population_eS": [-0.1644493830509106, -0.2250701920129392, 0.0726440294284974, -0.362306986377667, -0.1614323840976347, 0.3739150897374203, 0.552068219454897, -0.0970987953863892, -0.1498327362105782, 0.1866145942942358, -0.2600245900807686, 0.2274544874072025, 0.1646977347516846, -0.2747801476706693, -0.0784254635750566], "unit_log_person_params": [-0.7019505682595463, 0.1742975174781261, -0.3469243640052403, 0.947683141260766, 0.07810353156887, -2.055549753958062, 1.400229869009261, 0.5200600327282898, 0.6998176209090854, -0.0126132536662929, 2.14408365005868, 0.0534992290975575, -0.1988433812300709, 0.0692988331901656, 1.100582732441519, 0.1287714390993816, 0.5443471313293261, 0.0407108618383567, -0.3825392502211737, -1.07118692309158, -1.163425449060124, -0.3373647452666391, 0.0287406911362009, 0.5494722060062216, 2.9360300744603, -0.0979181736867492, -0.6182407805129517, -0.0545256382873977, -1.759441550644696, -1.913424321760789, -0.1512451319491336, -0.6275187632996566, -0.2739061951242048, 0.2747174960016913, -1.931729487230402, -1.328342275130652, -1.499071176382723, 0.5994345514304392, 0.2047301450387843, -0.7047736766597273, -0.4673872581299819, 0.9907257808529348, 0.4481208947642278, -0.3794278149865823, -1.131049964372132, 1.109952052578591, -1.381854125389725, -0.7391368828905691, 0.4322237652756399, 0.3365843343723189, 0.3722256173143302, 0.0708880397706611, 0.8874167818434802, 0.313865549442143, 0.3478874711629183, -1.075642293599083, -0.1731584873724537, -0.1416933943906922, 0.2612065795106531, -0.2325645586675451, 0.2563611193505622, -1.142092410060618, -0.3355148400549914, 0.3253930666174814, 0.5271918579362747, 0.5515651621268527, 0.3593503586353431, -0.6176029349597087, -0.519209036032567, -1.263001620493234, 1.992278534397437, 0.7423009439235613, -1.120375032135329, -0.4454881829744829, -0.4083053644624812, 0.9362012661717632, 0.4371082306674989, -0.8366388457020815, 0.6321774455980752, -0.8167272328790927, 0.5224113070384608, -0.87562403586333, 0.7495427959476267, 0.2045471194744185, 0.6516591308775916, -0.3921512330134286, -1.064166902354396, -1.336786559751956, -0.7214213199948402, -0.4198071639677849], "noise": [0.119539100511329, 0.1621312326424026]}