{"unit_log_population_eM": [0.3160821244431339, 0.9659072623436286, -1.668474327061016, -0.4606085305613536, 0.1492102519282865, -0.5838337076494031, -0.2972951907812674, 0.0193464588797177, 0.7765452813339118, -4.121972473530241, 1.453625455686005, -1.232743270610752, 0.512725958998145, -0.2178976847239101, 0.5356595581325143], "unit_log_population_eS": [0.1426598872437878, -0.035138961025253, 0.2690847295404108, -0.1285379034400602, 0.2682707939361116, -0.2755852653040506, 0.2065314805271961, 0.0553587967138763, -0.0017666193605839, 0.1925409439916581, -0.1053993860697327, 0.225019237402062, 0.3489348741049566, 0.0802085536730031, 0.089622816977772], "unit_log_person_params": [0.1681466409280712, 0.2187271567818189, 0.7681453272504832, 0.9061472209863904, 0.3929056092156964, -1.026368784211493, -1.239101273118333, -0.2418661584152731, -0.3227987318093858, -0.5699715731878863, -0.6510454119384462, 0.0019685301759079, -0.780081920316176, 0.2357610596392248, 0.5339653884671851, 0.8864654283723504, 0.6687793986576294, -0.7190908721500515, 0.7956494637853679, -0.9789139264905014, -0.8633104308968007, -0.6139539777349338, 0.1033045697294125, 0.7427001028767088, -1.078261861415049, 1.824424110761908, -1.668071662882801, -1.20475737338648, -1.071435984587901, -0.6720308674653248, 0.6755251694997542, -1.484861080055178, -0.8452073288255574, 0.2423030284316254, -0.889333058154404, 0.6671718288068716, 1.712584787691269, 0.5250531843280611, 0.5891265660483642, -0.1882634446768075, -0.7264266868739575, -0.1063580759582272, -1.451571285827853, 1.443035142623554, -0.4532406257036162, 0.0633911497206062, -0.8197341326446799, 0.9541936889064456, 0.1532532179239518, 0.0170940148772989, 0.1833925759080367, 0.1299630956973097, 1.038617514773539, 0.3062610681335735, -0.3744528904145816, 0.2810585755441541, -0.2152669959654935, -1.196971287297164, -0.1706653212257842, -2.583558754891927, -1.011902118462181, -0.2955807865512484, -0.581617805953056, -1.000195381858624, 1.161447132724833, 0.5273718296898312, -0.2170925721489726, -0.801276232934678, -1.516893446422279, -2.252611507379481, 1.491956064778728, -0.0799908486549048, -0.0693291601815734, 0.0859272903174545, 0.861377867795513, -1.07968769178687, -0.0229012620009033, 1.424083250774495, 0.2286312139252578, -0.4699217660341556, 0.3021341478658335, 0.4018348932558159, 1.480398241033372, 0.2440430338785572, -0.2323149126631349, 0.9849734860893018, 0.6554475850212884, 0.0044631957066725, 0.0636164757738858, 0.5670437220843387], "noise": [0.1479737485046554, 0.1583175950278226]}