{"unit_log_population_eM": [0.7539291296510567, 0.1739319409392393, -1.09791774797311, 0.0605081036098621, 1.155455677486432, -0.4930603795814454, 1.119664260511815, -0.8502584940483653, 0.6121327241060048, -2.532778583140707, 1.130890552579601, -1.441387107155881, -1.348386227796999, -0.2896639410253276, -0.5644768022155715], "unit_log_population_eS": [0.0701366290277701, 0.3067202628780756, -0.3310434770625619, 0.0337749088247826, 0.2110035006784954, -0.3061818327387165, 0.4188203410884464, -0.3970204674393683, 0.1283505000834911, 0.3046597511435348, -0.1839924126274152, -0.0168994387363742, 0.1696354081858401, 0.0388394754927353, -0.0239837058533247], "unit_log_person_params": [0.1381974195690751, -1.093917496503737, 0.2175687504903789, 1.089224766164002, 0.2779360497041053, -1.092268510183027, 0.0696833946643689, 0.8527210190705552, -0.4238072321533248, 0.3747225960704754, -0.6082731292952862, -0.7883709220265658, 0.8802825279197097, 0.3843208261502378, 0.5575013419336763, 2.122985270248793, 0.9523667738772028, -0.4376309182311338, -0.3516881824857787, -1.167386495398461, 0.1896893301260896, -0.3302650818255435, -1.190533720422743, 1.059020860322773, 0.3809273029822947, 0.6452398625830531, 0.904802284074782, -0.7684776659449496, 0.0152048555305808, 0.3628411930782532, -0.4464294235302839, 0.1770057876364043, -0.6554016210755838, -0.2985468876622062, -2.084313665712098, 0.0492929872797066, -1.092241074922642, -1.660165608409324, -3.636027143751214, -1.303375870656724, -0.1243138672322908, -0.2362630593023868, 1.13543632751236, 0.0042794988184973, -1.131026718064263, 2.35245827650325, -1.391180002606266, 0.6746585375720393, 0.4093852651536112, 0.7436304408303546, 0.1790349494694055, 0.2727247160393749, 1.114383489804997, 0.4215554210160343, -1.524677659791492, -2.320534588428262, -0.8369398309509042, -0.9018090783548668, 0.4480766169725865, -0.1603195895773148, 0.7946004161542288, 0.8446137687167469, -0.1446692892641398, 0.3907175166930695, 2.093309238194846, -0.1509793771783414, -0.0891251319518395, -0.4024300315581879, -0.2570744114571876, -2.303637309998278, 2.004762031971019, 0.7097319632350052, -0.9578639073281072, 1.11658181260725, 1.039498365080699, -1.192891639112875, -0.0794039862992099, -0.1831552306655905, -1.242552107186768, -1.23988418019933, -1.280713091359157, -1.551461274367857, 0.2665510623902685, -0.1412980546877846, 0.5743503003730361, 0.4932167593466059, -0.4327551835346256, -0.8654373189660314, 1.025602196568745, 1.490063093481623], "noise": [0.1436171594627331, 0.1574587848085366]}