{"unit_log_population_eM": [-0.3428705594910962, 0.3337305780633232, -0.694552512451853, 0.2371079651316107, 0.3863195539350162, -0.1311594575939931, -0.4144387970711524, 1.361437649036344, 1.379341270935322, -3.751382833918259, 1.607305937255488, -0.8578491074621704, -1.517158465186137, -0.9601373090230468, -1.121316568302719], "unit_log_population_eS": [-0.1913188810588763, -0.1707162465933426, 0.2730532072427361, -0.1157303815605711, 0.2979079443032446, 0.1092736033147459, 0.3144770857365256, 0.0562272357574649, -0.1640310030144884, -0.0424913718481866, -0.0021361740279362, 0.3377335909112951, 0.2660093554090103, -0.2039705332206825, -0.1279617978255695], "unit_log_person_params": [0.8883834064947731, 0.3242466155901483, 0.2454141523894859, 0.6350610865786632, 0.0197798763740921, 0.1837162014454463, 0.2261487903720951, 0.7484136111422351, 0.517400201195305, 0.941959222766224, 1.349017834314118, 0.1929626170367058, -0.6410009913577766, 0.5534088164287918, 0.1527719290838797, 0.2253243365641983, -0.0797394250826515, -1.075284900263495, -0.0209646541514584, -1.214745288140801, -0.6306901656466333, -0.6459625166377795, -0.3222605055399477, 1.020892595160104, -0.4600382003083459, -0.8726645106935542, -0.9694047598692396, 0.1731445784645141, 0.5652335531651518, -0.9134214489059974, 0.2475452443139207, -0.7712680357518401, 0.40995969060089, -0.0708099271022859, -0.2470662501741954, 0.5141414656698368, 0.3759316119956752, 1.02123700403458, -2.073424547387707, 0.999196425092228, 1.909184035761341, -0.9601880702099534, -2.047200347753972, -2.098836500191005, 0.1812213916409163, 1.598236050030166, -0.4656735089405055, 0.5375597665506139, -0.6956007498367527, -0.4454501794880469, -0.2328619935417583, -0.8368685166238184, 0.225720336312766, -0.5521270576141287, -1.894308358174045, -0.5941414684929551, -0.3960291373924555, 0.0864318226845059, -0.8941793142106735, -1.548636387232599, 0.4861140558506966, -0.0241303626141285, 0.1646765099106273, 0.7399382554227609, 1.909472200690902, 0.0631326494027342, 0.2031000946604498, -0.465055684863596, -0.0575954975454283, -1.421545862774675, 1.928478611683778, 0.2793146965439001, 0.5132657600451278, 0.0671109616773457, 1.261375500296142, -0.502646352891958, 0.1974446877255736, -0.0767974754818476, -0.4637803697757209, -0.188404052247567, 0.2485172768151282, -0.0952194987118315, 0.6256907533621314, -0.5459264440264521, -0.2035995896394044, 0.2875424030778037, 0.3152519636694275, -0.8397584862637567, -2.105284797996041, 0.140065134584522], "noise": [0.1636639434694724, 0.1938603697372082]}