{"unit_log_population_eM": [-0.1726207153257426, 0.8664026642494286, -0.7482778264990287, -0.8235169137089543, 0.0383835619274587, -1.908956894789023, -0.4160046139001505, 0.1907473380686053, 1.03580273357677, 0.67920813682809, -0.3807290286592986, -0.146173222675724, 0.770739752774108, 1.809157045329916, 0.2246678774903078], "unit_log_population_eS": [-0.384453747463501, 0.2100782551499474, -0.381451551006551, 0.4100092536142439, 0.7721019004496718, 0.1698712541080079, -0.0368405336522859, -0.0836034432491932, 0.0204734954071477, -0.0132120928992336, 0.5152299618970583, 0.2833542217574533, 0.522112755239907, 0.0771896049848613, 0.2396358436105808], "unit_log_person_params": [-0.080562515522827, -0.1495392704803679, -0.3674329796232242, -0.4141307482507866, 0.6186281296500074, -0.4139407309788831, -0.5422526649174083, -0.8534885321684376, -0.4477587743976406, -0.5247392203470437, 1.13856295786489, 0.4803301896718979, 0.7804155972556257, 0.8307696552900037, -1.13248279908625, 0.9159725696300852, -1.945034906690642, -0.1203378216598991, 1.14338048552139, -0.4362984419028106, 0.8579415895014482, -1.34798025099466, 1.391014981353431, 2.548274149219721, -0.306532986128511, 0.260113751296164, 0.5760428274804251, 0.3315484932733814, 0.3342718713323883, -0.1496729484968824, -0.7592336946478795, 0.2100789931138719, 0.0379848839294764, -0.3573705542642538, 0.2213803024615117, -0.4514142998921296, 1.212218577087222, -0.0410616258525123, 0.4629979865571701, 0.2376433155644906, 0.6465992347023096, -1.772723358393923, 0.0828562700117402, 0.2779884580185932, 1.875467605537109, 1.374554235686686, 1.846642754057206, 0.2712581887632464, -0.3069519511118041, 0.7822697473329143, 0.4149458324537172, 1.187252650879812, 0.6605511090705031, 0.7689434176613918, -1.735300386751016, -1.446972364607108, -1.384017173544414, 1.431417401112407, -0.5332490027817672, 0.2959696615945681, -0.0895140488077492, -0.123862349278519, -0.4215483433272182, 0.5303454380124624, 1.079459233840587, 0.0820461627416206, 0.3467724312106597, -0.228391718724409, 0.336678569687895, -1.536299109082662, 2.527865749531714, 0.6314052868955762, -0.484961658368144, 0.2771029128315067, 2.300878928826211, 0.0373968255246425, 1.98561547081869, 0.2970677216411911, -1.183301232257979, -0.805835855281396, -0.2767218539191226, 0.8270805602181067, 0.7985955030282472, -0.0470456107154148, -1.013028675736544, -0.1652180593325352, 0.4888628539078957, 3.206844179496107, 1.115152259707569, -0.6889115186307933], "noise": [0.1249177889099613, 0.188526110746856]}