{"unit_log_population_eM": [-1.393125887042023, 0.957371877449188, -0.7038620129115316, 0.1443645072205429, 0.2154432974737676, 0.3900742266721186, -1.104228178312895, 0.4853207903133432, 1.455171729612993, 0.0810028538311378, 0.6052481033904001, 0.2501392978340345, 0.1992205251606191, 1.004941145592012, -1.630775278359205], "unit_log_population_eS": [-0.1452736409162396, 0.0231897643716341, 0.1715327397315151, 0.0352987431258859, 0.3889499812550842, -0.072019138903495, 0.4114549357071485, 0.1649919488370235, 0.0316001293783782, 0.3001799192061574, 0.2049730381486078, 0.3350694202876476, 0.0650996969904974, 0.4562686930398184, 0.1595516581416895], "unit_log_person_params": [-0.1389441720145007, 1.133805246880039, 0.3767951875895538, 0.9431527159233362, 1.465281697714271, -1.016580034434916, -1.025042022326071, -1.657025850912008, 0.3190996589556003, 0.5947075975278624, 0.7569026689995025, 1.158552604634648, -0.8091623167176785, 1.267922118228093, 0.3968597934468652, 0.7016295388495046, -1.051232708543156, -1.490822863539708, -0.044582060459962, -0.5321372741553652, 0.0858036828325207, -1.389110629976824, -0.6925457239909204, 1.385409889374732, -0.2811640806266831, -0.3221081673796231, 0.9663433166857486, 1.10699162237059, 0.2765416927154337, 0.9292589140142762, 0.1136164307865303, 0.1100744569536268, -0.1734540203782846, 0.9565216915030192, 0.7987696125885962, -0.1384315088405366, 0.648625410229949, 0.3363228702062614, 0.186806105047602, 1.102891515258289, 0.8224997679713435, 0.0324307402731155, -1.452028106698282, -0.5165665065495099, 0.3009256981199586, 0.1380544326516527, 0.1821665679929346, 0.6749036730094198, -0.6159489682205757, 0.5969272914752985, -0.5936220214318428, -0.3703026345835848, 1.929671133508791, 0.6480616709494692, -0.8097445917419809, 0.51790689099573, -1.038061877847636, 0.600906945196795, -1.022247485961876, 0.3233754724386265, 0.1540971235598017, -0.0455340095358686, -1.223186825137719, -0.0394909397727094, 0.8967582044747673, 0.1666417281910696, 0.1633601696667847, 0.1667668312938913, 0.0869256581485791, -1.151999580694187, 2.066263138168944, 0.2205100538847931, 0.3866424858388217, 0.3306245853052631, -0.294164606533923, -0.3537110276588811, 0.9739281293032016, -2.96568293652237, -0.4824891905307707, 0.258914401080224, 0.4337697858447025, 0.1869901602585667, 0.9531098449206192, 0.5890968639236015, 0.5675963604287646, 0.1862139295307038, -0.2031243384844638, -1.748676439683504, 0.0198014932213097, 0.2652377830319619], "noise": [0.1200027595592446, 0.1783006440067486]}