{"unit_log_population_eM": [1.237558596161788, 0.6948072567126129, 0.1027205762953258, 0.5265783500100754, -0.0829848563779535, -1.050944673871413, 1.527396785267938, -1.892872791017481, 1.689020416910572, -2.471548403613881, -0.0798606385406796, 0.1710791077698356, 0.3485267868614028, 1.739309519430147, 0.8686476704402655], "unit_log_population_eS": [0.5778686088554044, 0.5090795037178126, -0.2052207369096188, -0.3258219187890525, -0.4830232773740971, 0.0894091686073635, 0.1226592229415464, 0.6682621533139906, 0.0602761467490409, -0.3743947136006865, 0.1340730467607778, 0.4627133922901204, -0.117359960661995, -0.147572391109994, -0.2752067862465261], "unit_log_person_params": [-0.8458747670720205, -0.2170077640156963, 0.4291725349155051, 0.6062787186242441, -0.3047882954585027, -2.069950715065995, 0.4830466237707113, 1.279297215972327, -1.352989686210494, -2.023623508625318, -0.1846751839802074, -0.3217320361374487, -1.167432209094493, 1.047741348169032, 0.5252250931859419, 2.131538012193606, 0.3231288603992969, -0.5157070843647857, 1.038422650028421, -1.395212108420623, 0.5651037148568594, -1.413842425240925, 0.7816512126152828, 1.5527233380924, 0.9039741717778156, -0.6186704780001805, -1.568586736276382, -0.4856998399368058, 0.699599370982833, -0.6720876686872244, 0.2325117697551803, -0.5545513013235468, 0.3377353862352098, 0.1630424220780731, 1.071202484255886, -0.225644212962297, 0.2436194756443715, -2.138659121301741, 1.192112255137275, -0.2071038723919144, -0.643173026490205, -2.245510093956243, 0.0911582295075268, -1.378735877637603, 0.5807980812441238, -0.0842663696100433, -0.3626910879684402, -0.2080258011800246, 0.2382737607770625, -0.1109723933470454, -0.8327176835178597, -0.5075810586825155, 0.3384277507516576, -0.2629740834758334, -0.4087251906151668, -1.312142090609686, -1.121795557038675, -1.575558608998798, -1.906202648432247, 0.8208034533143984, 0.520168542396203, 0.9212249355609632, -0.2312253218766428, 0.2518033222773978, 1.323574778025399, 0.1374169995820216, 0.5554582120129705, -0.3914268865161, -0.1553130507747099, -1.502969864275014, 1.626994703449983, 0.3830034884629549, 1.205928716508986, 0.6916496637987761, 0.9144197028693832, 0.2334104555696331, -0.0838092605134373, -0.9333470030548616, 0.5252572721144421, -0.3235564747024943, 0.1669135094625834, 0.1448538042734891, 1.669900552393175, 0.3451217067736403, 1.512027351202249, 0.8057772814359091, -1.746240720833465, -0.0806714597370714, -0.8376042857066113, -1.038521577066668], "noise": [0.1139135761257737, 0.1909761449740401]}