{"unit_log_population_eM": [-0.6897274667141363, 1.411956446442778, -0.959743531749966, -0.371457252299173, 0.3456121799669822, 1.076850535179279, -0.6205397848431471, -1.260598277548337, 1.44757687623997, -1.496564402487487, 0.6594057735767653, 0.604890543233679, 0.4561842762453541, 2.778129110638462, -0.4242038755102627], "unit_log_population_eS": [0.0166855375142931, 0.4496674891919967, -0.0804845768282764, -0.0336886591113706, -0.1095097494196379, 0.4239762224518258, 0.1958959279670117, -0.1287474315440539, 0.0106315962117096, 0.2693835165182504, 0.1429633047609396, -0.0098761374833279, 0.4645386968352587, 0.182637034369573, -0.1525686813888852], "unit_log_person_params": [-1.18171476519613, 0.8601264062297475, -0.4645759434391694, 1.086637827970265, -0.5280655984976028, -3.892304302945902, -0.0748943582706333, -0.8482043460026792, -0.1978287349321862, -1.486089328575317, 1.040298777290912, 1.178660303584363, 0.7121784619091229, -0.908484179528366, 0.8468629570444182, 0.4184684843359998, -0.560194112255004, -1.287098167489382, -0.4378744561322091, 0.4561843413254109, -0.532825853804488, -0.4206190072690141, 0.6593951927949897, 0.6393964611205547, 0.0857740508517503, 1.053947174829618, 1.489057628598402, 0.8398010398417813, 0.868187023379378, 0.203974106484861, -1.400347621914707, 0.817686679412258, 0.3345515711201139, 0.0935086176054878, -1.300292518327816, -0.3091088250295478, -0.4818939216293141, 2.147593467029004, -1.568211207083795, 0.012276085647594, 0.1078828125610597, -1.418612278695697, -1.802731850095521, -0.2200260222778694, -0.6917715490235146, 2.131838904903694, 1.683185119454675, 0.3453604834570724, -0.0379422534619606, -0.1156539300165741, -0.2552134160651439, -1.034879302580066, 1.380656681594429, 1.246790057901378, 0.3097565599879785, 2.371138770954594, -1.809985934637732, -0.5065609923533638, -1.330191650033137, -1.31798486481981, 0.2334723680123126, -0.4336918940151521, -0.7212101914453484, 0.5064743201245914, 1.838795160861568, 0.2582583542061067, -0.1800454149430496, -0.6625369491771893, -0.3369034422352758, -2.380109093901312, 3.438131957067822, 0.4595410569740626, -1.32933421562509, -0.5431406789869418, 0.1907279076312757, -0.754818429705807, 0.5444075197391136, -1.452545137290276, -0.9182391053536424, -1.083620548006469, -1.124655693509065, -1.149137854819361, -0.2455655431567481, -0.6101721824648676, 0.7375446200625453, -0.5216653398640034, -1.134720162536689, 0.1314382589009359, -2.583499853234031, 0.0680323678457275], "noise": [0.1438508478553532, 0.2293857511021835]}