{"unit_log_population_eM": [1.112564576136904, 0.0946274488294704, 0.3641599886624094, 0.0466845754046016, -0.421223578144485, -0.8729030989038414, -0.9056608123778188, 1.145515700355333, 0.9516925154022496, -0.8722251530941778, 0.1145878557494341, 0.3997345622612811, -1.837831656131707, 2.422817120208541, 1.957271279440647], "unit_log_population_eS": [-0.2047409724439188, 0.0971031265854237, -0.0784362836542555, 0.1690823962639252, 0.6582857703026735, -0.1699440785236053, -0.3918358017660237, -0.2664668638582787, 0.1556275442616525, 0.1096765702270833, -0.033846285444488, 0.2902115233370036, 0.1739649495805071, -0.2111974480241284, -0.1679295242614855], "unit_log_person_params": [-1.628507713711412, 0.2514055857038386, -2.104050407873204, -0.8673972722629624, -1.647463239893951, -1.120428170147545, -0.3720358299461176, -0.726397841170325, 1.267334412173802, -0.0167344916489952, 1.176616006872574, -0.8880213265161218, -0.7288257666845137, 0.0435788184026641, 0.0032434449964805, 0.2811329371242465, -1.235260879363859, 0.1815346612268727, 1.120238625888653, 0.2009149608056393, -0.0213834550543738, 0.0531026910205905, 0.5451983696681932, 2.38680093100609, -0.025328955768235, 1.415614545589778, -0.4590616356955063, 0.717685984372421, 0.9807757069656222, -2.560338676155361, 0.2421603521957626, 0.1041261111504947, -0.5509536117178364, -0.5244456777073614, 1.412335422901787, 0.3535444549522256, -1.525193963947041, 0.4553226394022428, 0.3795841168086695, 1.287558722508809, -0.2961613500931533, 0.520963712395529, -1.606699774633549, -0.3526304321874814, 0.5068238643627796, -0.8242289116238748, -0.2121229765237361, -0.5657805880506669, 0.1762964247216554, 0.0081532877591317, 0.3936644467257455, -0.5040168655071084, 1.34009042088094, 0.2860549033897835, -0.0995597888453577, 0.8506300932125517, 2.523102100956285, -1.279718708370802, -2.355191566171904, -2.332694802647826, 0.0570347419485207, -0.1458254963712073, -0.3791149558655775, 1.08381430394541, 1.250920629324878, 0.2575578291495874, 0.2562768677013658, -0.5985275995850787, -0.7817781837086234, -1.469656144014713, 1.700136649825648, -0.2969892000313026, 0.5185881541464845, -0.1761936240915498, -0.0548866929210489, -0.3804170666934739, -0.1458169251320497, -0.1037343535239011, -0.6173625706790384, -0.942013976899738, 0.8123003457003632, 0.7329120499056307, 2.008070861146674, -0.1931511152188682, -0.4590238965947385, -1.304162175338784, -0.7542798335468419, -0.357613408111473, -0.5421835767452859, 0.110167610591425], "noise": [0.1389004845325031, 0.2000538064261737]}