{"unit_log_population_eM": [-0.3229359605912049, 0.72960825963281, -0.7060224405967552, 0.2688489550849156, -0.0629895387670691, 0.4557205068436181, 1.37260605359202, 0.8230579436196648, 0.99960395733944, -0.7270990151079837, 0.4339780845811041, 0.6955650322104605, -0.3962419810452031, 2.93765912313523, 2.595917639078435], "unit_log_population_eS": [0.0187659681751885, 0.1147329904513784, 0.0516411533784438, 0.1631570030659649, -0.0214967472094267, 0.3728644556321951, -0.1810332439994392, -0.3588136403964602, -0.0936808877700902, 0.6062444996483518, 0.1360036491888024, 0.2468374491332292, 0.309566782436264, -0.4149873993655284, -0.1829739046123385], "unit_log_person_params": [1.676910147227982, -0.2852779145804338, -0.1845208896322088, 0.937506288733548, 1.022615020010814, -0.7437798518329564, -1.238021527424215, 0.5076719989943907, 0.5629482408303178, -0.2918307801107534, 0.8025918826014599, -1.068196465529283, 0.027874613178396, 0.8778217360293612, -0.2105411575140873, 0.703532001174292, 0.1485919354645889, -1.341639981093644, 1.226461581536399, -0.9418952635991712, -0.8820587981298385, -0.9215782065663328, 1.77091850433607, 2.541053664102058, 1.660440849973892, -1.521737102306377, 0.2509992647954282, -0.8954155861562457, 0.3106367805883242, -0.3635427312363631, -0.0825733509360741, 0.0007261734024635, -1.025150001092337, 0.0255474911086714, 0.116190023320922, -0.3932651697994963, -0.5870560076185178, -0.8452326508829329, -0.3430393514604537, 0.6910693080068877, -2.332186690503966, 0.1030772867371066, -0.1210234039784973, -1.437512067245501, 0.8074355134855994, -0.423704227631387, -1.993578428858929, -1.49039968944537, -0.0924611995778665, 1.367709500115183, 0.0344248056208927, -0.0037847079784603, 2.080456842138235, 0.602782416202847, -1.866921448031152, -0.6117352798044006, -0.2300086727179086, -2.515031599081671, -0.3747221414574384, -0.3255257173253189, -0.6701785589143863, -0.6823035312516972, -1.267060659417446, -0.0542234898039996, 0.8947863717067162, -0.1993024119617296, -0.8983672375926758, -0.7610791893162668, -1.102550698711513, -1.978861162667688, 1.514324099073686, 0.1623317686582251, -0.4525506295696392, 0.0194698068487186, 0.4905458351217759, 1.448629234117424, 1.586143335762558, -0.6645133817415224, -0.929465574086536, -0.87875700090024, -0.1877609555097091, -0.1705809542202555, 1.716341475005343, -1.085196103575445, 3.383244848889358, 1.360633391688925, 0.1937941761410081, 1.743541943590649, -0.040804729026882, 0.5863004504311145], "noise": [0.1400168908364616, 0.1710992777860342]}