{"unit_log_population_eM": [-0.8941560388227341, 1.695015367872181, -1.368000085747332, -0.0491773570695866, 0.0855052075778095, -0.8467860912082492, -1.28943626156327, 0.5069367098372703, 1.113692932547647, -2.4768667701153, 1.873264988775178, -0.9576752693763164, -1.745481812506926, -0.5896896203108709, -0.7894050735661022], "unit_log_population_eS": [-0.189707626411495, -0.3119606944119303, -0.3248640402767322, -0.1091347377959267, -0.0230008023628783, 0.2194210366659399, -0.2880261446629231, 0.0239460084826496, -0.3116284758578162, 0.1848317698565957, -0.4360807804241167, -0.0486630299229762, 0.2138827201131558, -0.296473471910444, 0.4820145995875214], "unit_log_person_params": [-0.2900636394737135, 0.4014328287137081, -0.7254816266612939, -0.2839746301626975, 0.7786985902344611, -0.4413184915296259, 0.7920561785868467, -0.1613189141927967, 1.578026287223988, 0.1869309384981644, -0.3272261637795442, 0.5745587060888604, -0.8588261217046134, 0.2916304456564728, 0.1601456035215537, 0.1217045602487395, 1.405183526061747, -0.7570266406050594, 0.0895575759208479, -1.21376428295627, -0.7997700042656863, -0.3098562939642189, -0.9890823438406596, 1.091854301712065, -1.589141961069868, 0.0558369480357691, 0.9270218978605544, 1.253779769755516, 0.6947616424069045, 0.1041781405715744, 0.5344832429895938, -0.4701706479812561, -0.0188556069768432, 1.04347713535311, -0.9843309622182608, -1.235427660474405, 0.9945094916329535, -0.5741896202304402, 0.8501833423350088, -1.991548398218881, 1.288464146422299, 0.4002583563459876, -0.4374430112029978, 0.485279523317855, 0.4675357213122385, -0.2134272387046665, -1.211209571702328, -1.839891667426186, -0.1823999440652866, -0.5239027088484436, 0.3097143079531841, 0.0959276785172878, 0.9901897271249628, 0.0714273364132549, 0.8508648498884617, 0.3273519368485278, -1.793587566504697, 0.7345896677448956, -0.2287250341473354, 0.3044398226473233, -0.3891746893741717, -0.4641083012422267, -0.7856167164518584, -0.4229754902714268, 2.048719241395946, -1.049923811511607, 0.5226412125125166, -0.6409388567921683, 0.0906658070252281, -1.338883205005252, 1.986150624723708, 0.0600959637923669, -1.80062126113316, 1.051817315600238, 2.63717888983917, 0.2524160105805511, -1.856602466479426, 0.0702339783583683, 0.2420240912290856, -0.6658712072669173, -1.234254259523715, -0.0364378146616377, 1.432712573111122, 0.5372634629135657, -0.1725537147124426, 0.3121760046288259, -0.5510982216342716, -0.6076528175139841, -0.5751274518617966, 0.5020081905692982], "noise": [0.1483258813176545, 0.1700984670626965]}