{"unit_log_population_eM": [0.1910975220439229, 1.370003804743699, -1.063156234488929, -0.2232894749569826, 1.39642597056917, -1.52082238903789, 0.5353597951099823, -0.5539564528639209, 0.8386220504012105, -3.036377501810657, 1.195472427321817, -1.563037157422724, -1.388834303897428, -0.7568570335434891, -0.9580914369926676], "unit_log_population_eS": [-0.0065681564181172, 0.5146644655212773, 0.1786239624234724, 0.0340419661131801, -0.1962697151215796, 0.095881140163021, -0.1494109151576787, 0.3292358441124481, -0.2539416371544026, -0.2469639876264254, -0.1655534287378951, 0.0985679496192495, -0.2470495927408662, -0.0581941192710948, -0.2214610537837941], "unit_log_person_params": [0.1565633277451522, 0.1630299936339487, -0.6491124870849891, 0.5623602180870861, -0.2136807511356989, -1.191154171541384, -0.6790619048005168, -1.019648270637962, 0.2123598100599609, -0.8563961405157672, -0.6938072433459725, 0.1104970382476522, 0.4758845674578188, 1.002475575413149, -0.2802105764733051, 0.6063908727182541, 1.008682517724742, -0.2567371868790512, -0.6202358342233681, -0.4540522966068903, -0.3900950043248136, -0.5834117957883835, -0.0015332364556618, 1.177525828035291, -0.4279908460297288, 0.99081611711075, 1.44389671071125, 1.35063990338718, 0.2382760409756746, -0.6887563017982838, -0.2835262085308127, -0.8970549527669407, 0.2207631872891845, -0.3187268835888856, -0.3443444586060534, -0.7023689122171597, -1.337448894390764, 1.808125607646813, 2.670890768279148, -0.5750827795415594, 1.544382648796139, 0.8616614932225464, -0.8455993111776298, 0.4255640036754522, -1.317053338184786, 0.4327157300984912, 0.239513208460458, -0.3078057572154915, 0.4103599888984665, -0.0491884643073166, -0.0922809579601124, -0.2806382416236656, 1.593816954492743, 0.4698944299664531, 0.4361621165747036, -0.2315052001768198, 2.14635350613031, 1.408496717307363, -1.6363009217392, -0.9713482646226184, 0.3156990905759572, 0.4843764993882969, -0.0784147760107873, 0.5195342504182726, 1.898986398927763, 0.3967625922519072, -0.1214879620678892, 0.1358555777719984, 0.3669344972220289, -1.035149219536676, 2.887981831365224, 1.267463344238119, -1.481355906987076, -0.7262185554940648, 2.034355906801256, 1.081227089695709, -0.1089609519340545, -2.584460000913893, -0.1237883629551862, -0.6541528160999172, -0.2309920321770105, -0.8631850308157888, 0.8107780329908294, 0.3385640969935597, 0.2441006916236881, 0.238614706436864, 0.1185839893871489, -0.7523332575020262, -0.0442421989766634, 0.2025297154406965], "noise": [0.1455885868470584, 0.142715468519179]}