{"unit_log_population_eM": [1.204925260981989, 0.5927276030687315, -1.544161886590005, 0.8039021219835438, 1.382334671352242, -0.4391465475265763, 0.9664252211934912, -0.3285909481603124, 1.222419090319333, -1.458482538608711, 1.113666666409763, -1.096370340480629, -0.9372265491677793, -0.7928830170853587, -0.9818248437725458], "unit_log_population_eS": [0.1897022369765291, -0.1056575030879882, -0.3334735133358367, 0.3941761525883229, 0.1881986273015859, -0.0195649733887884, 0.3924220578726205, 0.4582485486005354, -0.0672564914136163, 0.4198041995362807, -0.2834064068775293, 0.3707036519448259, 0.240329744861277, -0.1235614588521135, 0.1172896660733007], "unit_log_person_params": [0.2072199564920041, 0.3186982682937384, -0.1318139721301466, 0.4046789281690875, 0.8455280260032583, -1.305660701697159, -0.6014289344694427, 0.0868141951250858, 1.348397413598898, -0.8464550963454803, -0.5486273739581813, 0.7582636311351137, 0.3415100044195948, 0.7129673581535712, 0.683129246848397, 1.093820337728963, 0.7329285743606723, -2.95757138502151, 0.3989938090426846, -0.2645813632648613, 0.1883524543513998, -0.1448301629529195, 0.5687240713230312, 0.6090376221813479, -0.4135623908916195, 1.427934808331559, 1.026054635115495, 1.824247038700225, -2.061260393292477, 0.4416092417298583, -0.0170212955333172, -1.013868079850849, 0.2160694777634093, -0.4972195028140819, 0.2509137161935913, 1.18541202538126, 0.0194393253302993, 0.8363013852862689, -0.9425700624497072, 0.6009788399944068, 0.4468710256649397, 0.5882723286968338, -2.587949498770929, -0.1928258047619817, -0.6303753007024449, 1.584225837087048, -0.2772654099797806, 1.027108420131807, -0.1357863646436042, 0.0252396945854939, -0.16522571676269, -0.7176385228250125, 0.4672451699153424, -0.2201269836712041, -1.60042016384846, 0.5150226892169658, -0.9870986636422788, 0.3043363334936447, -0.7280201553729153, -1.149559669163023, 1.204890561766066, 0.0831631319536678, -0.3444564454174216, 0.423281866959665, 1.859356804195046, 0.8586485284514593, 0.4055473610257467, -0.4793595261477522, -0.2305514130726375, -1.396720438257265, 1.21725269171088, 0.0822288071098415, -0.8971307180310353, -1.222313652329184, -0.6935605527369142, -0.7299367255212281, -1.004685038300923, 0.6611204506273566, -0.2156409314444213, 0.0008375695105189, 0.2801389487083212, 0.3053914587046682, 1.435992873562015, -0.732970609291478, -1.374945404244884, -0.6186551268111155, -1.153858926294078, 1.17369410327723, 0.7380571125013244, 0.5143189174945789], "noise": [0.1351581777669008, 0.1899689009145916]}