{"unit_log_population_eM": [-0.903535198679346, 0.4602318665443162, -1.173910866396192, -0.3397278281633475, 0.1688123781856883, 0.2983238051813548, 1.581572852638313, -1.040656871738476, 0.7097473728165883, -1.942520406833078, 1.623021656871405, -0.8383446217849143, 0.0603191917115027, -0.7417741287465252, -0.5735518083541591], "unit_log_population_eS": [0.4518942717744391, -0.0103411255198503, 0.0481678814536452, 0.5591708927071024, 0.1240856134716868, -0.0488209576725263, 0.1622821505291718, 0.061388852854079, -0.411089629344948, 0.6283211513936494, -0.3191723318546596, -0.0036624326154488, -0.0773987376557717, -0.2644726367123763, 0.3379773286710289], "unit_log_person_params": [0.8841454383832119, 0.4331513362615344, 0.190526678359169, 0.6229274572990922, 0.8996598662630234, -0.9914994246497736, 0.1122019699436384, 1.806087776673107, -0.1365195081100807, 0.1281075057946134, -1.097123414593001, 1.143691995787638, 0.0378986592245419, -0.2147469270832397, 0.4749532204007099, 0.9803645174908772, 0.8796132904278645, -1.586323972955999, -0.1863063286503112, -0.2146191940983853, -0.3734434133588158, -0.2773875505433482, 0.3808438354356454, 0.0511600129295496, 0.006039853743415, -1.334257787814924, -0.148129254085841, -1.218058580265628, -0.2149780813164418, 0.7951075892154283, -0.6453894470505072, -0.703043061395836, -1.047708962290145, 0.2589472617152688, -1.519696947059722, -0.0828547744688089, 1.860253595678023, -1.33694737263162, -0.9641867363324556, 1.66114812524267, 1.742610231880388, 1.029788627985336, -0.0236159654869314, 0.1694274052917827, -2.350410064166402, 0.0907701195104549, 0.0506217985254504, -0.489685568337661, 0.8169336060509487, 0.6885231525147298, 0.6549219186364933, 0.4135120803996742, 1.993388170682769, 1.189306449529225, -1.686015723912003, -2.000520684661407, 0.5798663132895954, -0.230518309138793, -1.324248244681195, -1.633806559300553, 0.4629247396926411, -0.6854785866343349, -1.275649825332135, 0.6711029526547581, 1.664546733097035, -0.6730027920420492, -0.4447107624922925, -1.130187577002002, -0.4020100086942232, -2.074930958053741, 2.507490397928798, 0.0962953512586744, -1.973098675371836, -0.4293401383327566, 1.237619390238699, 0.2113930487939531, -0.6577276320531696, -1.7138360977817, -0.0167614006104316, -1.52024304160398, 0.1895846187896673, 0.8665534443481925, 1.102373073975592, -0.9015638587007532, 0.2113514859334334, -1.280872158872348, -0.551862470490168, 0.783838614377958, -0.5456431239708469, -2.553474574158782], "noise": [0.1432886825767703, 0.1973592231959399]}