{"unit_log_population_eM": [-0.1719789540551628, 1.091797831870738, -1.410969917372366, -0.5520525480509606, -0.2151324440018505, -0.1122842417340097, 1.817381279967585, 0.6104146072414557, 0.8818762226934015, -3.37644240375971, 2.070143003951054, -1.333945060212409, -0.3814521098965196, -0.2456460109832503, -0.5409148097602232], "unit_log_population_eS": [-0.0790465827377007, 0.4886163821896866, -0.0429283857219344, -0.095052083806471, 0.0407874466188076, -0.3367248444721244, 0.0966283155294663, 0.8235505027661891, -0.390508991823053, 0.1143751844792935, 0.3374425095334704, -0.3044923839973437, -0.3896718988749692, 0.2944346039426829, -0.0490441224041773], "unit_log_person_params": [-0.4032547506056958, 1.03628132878078, -0.7974228293983335, 0.5990657040898878, -0.047549069147516, -0.5237928331330148, 0.0676854185154986, -1.132061170624285, 0.9330181544628204, 0.7185343826507757, 0.8269500414991976, -0.9050562784943834, -0.800789051074892, 0.76392783381773, -0.3395362939287116, 0.1055556303966431, 0.4723042698918439, 0.211215477531659, 0.307442504259144, 0.029438141231528, 0.0990709619486874, 0.1953051907428889, -0.8871966832960356, 1.624273671388486, -0.929129712988284, 0.6046371293280001, 0.3757627355971503, 1.215485218646081, -0.2280334463905528, -0.3791872332283761, -0.4485823634819717, 0.221901939292868, -0.1599413109504794, 0.4103208441641858, -1.402594735939604, -0.222854367729354, 0.7604819762937199, 2.366073006374558, -0.4837870838458032, 0.0724145626392866, -1.114355578540744, 1.067488451170707, 0.4614096900382539, -1.668767608323019, 0.412009670064359, 0.9329733932847172, -2.213195722217658, -0.2229386302727328, -0.5912819107176455, 0.3175524446739653, 0.0795358717177088, -0.0083258120964041, 0.7479039527129445, 0.7637140073227773, -0.6386287852458842, -0.4417814939101862, -0.8867412920079227, -0.0038862743372656, -2.179879900994359, 0.0075708211262574, -0.6174732271420331, -0.3861634645933295, -0.6190491954804249, -0.1889628811900728, 0.4439091416224829, -0.4930650600518877, 0.6853173291585051, 0.2918659654414517, 0.0810338248118737, -2.185647844985705, 2.493229367638853, 0.2378697047558335, -2.065701056765283, 0.987206631713432, -0.0851094252071645, -1.149663347032062, 0.6956565321908631, -0.7429018802323933, -1.349783368435476, -1.041810511252363, -1.321135234035346, -1.443711862168636, -0.3471534503369685, -0.3431201964558117, -0.5948519616801559, 0.3435514020971021, -1.63801992031924, -0.8269636863465779, 0.4804267852941067, 1.435370948834221], "noise": [0.1794041084914827, 0.1582970481343587]}