{"unit_log_population_eM": [-0.1239325920275761, -0.1077960139493095, -0.6487430884969665, 0.1154556278695876, -2.009136324692316, -0.8576519611528501, 0.510612736407919, -0.3809787472540613, 1.124199588489518, -2.452565447054356, 1.434998308537805, -1.104452805562132, -1.516427932141424, -0.6971596186152728, -0.4449943334195347], "unit_log_population_eS": [-0.0385603435843594, 0.0357213036460505, 0.1112747699664485, 0.179499554165274, -0.2976151410010666, -0.2236641141745424, 0.33230988046798, 0.2047648223413731, -0.2681113716187034, 0.5260575704290431, -0.2447580356526843, 0.2417986602508833, -0.0113974479193539, 0.9319712824878772, -0.1323856328866561], "unit_log_person_params": [0.9338650063668456, 0.1792718576144351, 0.4087222677093995, 0.5342433834977086, 1.686562457826383, -0.1887897917310767, 1.463454355097155, 1.784730827479813, 0.1168083750974748, 0.3922535972442829, -0.1388987513831563, -1.062246660326517, -1.336433117918311, 0.3142829671414207, -0.3918223600423424, 0.0487673386126353, 0.5967135828735749, 0.1014149064496968, 0.1667353134411676, -0.8738749578944525, -1.163513917900302, -1.222887390927996, 0.6505169372195013, 0.617167984044664, 1.500022824920451, -0.4230919147139018, 0.2787337903258769, 0.4678217069463789, 0.9530153968647672, 1.133121016571312, 0.1797456272689464, -0.4698114878202263, -0.8386663751027984, -1.014719279419462, -0.9167471075216156, 0.5029382533403974, 1.320156628485161, 0.3971636107140188, -0.8773983584014398, -1.772462150043961, -1.621751400741515, -0.570542946635108, -0.0927241702616804, 0.8234828565865734, 0.240324710908344, 0.0687091042620103, -0.2476711788496826, 0.6423788706579143, 0.3392835002698161, -0.4681263975069581, -0.3090596502464593, 0.2525846812982591, 0.3117557575355333, -0.576241719760401, 0.0291571397837723, -0.3894324351714809, 0.09957456833921, -0.7798411253023897, -0.5660752564390075, -0.6518373289183348, 0.1733141338812997, -0.6691729553087477, -0.3059167004973162, -0.6207394724070882, 1.830407396685855, 1.306533310311338, -0.4243266512043274, -1.208136468666135, -0.6665502924385097, -2.162848545783444, 1.577082604261398, 0.2839290077206456, -0.156132711110245, -1.403069097634353, 0.1099961685885456, 0.6189227632532863, -0.2820029578889632, 0.8306672628593623, 0.59246433776169, -0.4058572374446777, 0.1845099637515144, 0.4554474602787744, 0.5703542706537399, 0.1827271167191015, 2.384675525353354, -1.950998207313352, -1.149701474473014, 1.339039703091924, -1.018289046251089, 0.5215617423001131], "noise": [0.1545245273731543, 0.1667741511710926]}