{"unit_log_population_eM": [2.22098639542671, 0.6083293226623004, -0.5854413564883523, 0.234125310495945, 0.0594762526594821, -1.996007644691777, -0.5462925953522378, 0.2289996119394613, 0.8921986477613836, -2.911544173530385, 1.356431990838385, -0.9030489882818504, -0.3907672207128852, -1.102757600431361, -0.9528030236222316], "unit_log_population_eS": [0.4612140697727811, -0.1891196903954148, 0.1183489919005374, 0.071870228433295, 0.1578297474007787, 0.2869306129119901, -0.1042036407891301, -0.0922689796806266, -0.2110101291399015, -0.1819868738143656, -0.0316725415625718, -0.0712187860195634, -0.1428554104325686, -0.0911909570944293, 0.1939178286781573], "unit_log_person_params": [-0.89491392183691, -0.6473518951207852, -1.571588229153634, -0.4460660068376678, -1.330679465878413, -1.359054705890706, 0.99517656431029, -0.6845620814554534, 0.4591882434759238, -0.1823606618332069, 0.0081274121508946, -0.2446443713678032, -2.624575419254843, 0.0105766289711366, -0.5242355513528582, 0.0901410937547199, -0.067680026201711, -1.2647017137053, 1.237611452169777, 0.2427151389831849, -0.9746951756680962, -0.4825533818053532, 0.2133822411182474, 1.355617673965598, -2.010764418449833, 0.2026271386869785, -0.1175441384270383, 0.3464696990973701, -0.994587469533014, -0.6534304367787805, 0.0410814587964569, 0.3608693586108506, 0.6984211596573888, -0.1021954310351547, -0.4787195132295269, -0.0129710956892616, -0.7647868852914549, 0.9575809335516372, -1.635354601480654, 0.0342167586671121, -0.4541843687410136, 0.4755600446924471, 0.3740136805345597, -0.4969083087989715, -1.002688440871714, 1.066404016922576, -0.9788888870404407, -0.8401050604180242, 0.0609090826940976, -0.2297642660772359, 0.0121749913126291, -0.2593519915413812, 1.318361484972659, 0.222051536605898, 1.531213451874801, -0.5116641214893002, -0.8177799164937946, -0.3618786663066101, 0.7669800132772147, -0.6194588235163979, -0.5180804408088783, -0.3236731685827094, -0.1087120887736671, -0.2598507453043509, 1.708790094761089, -0.7227257523837965, -0.0854304952389329, -0.676131696825985, -0.9392534276161972, -2.769588682944627, 2.644109757721762, -0.0666116949159459, 1.209284187584617, 0.0963567331985106, -1.308767039562084, 0.1314345947007199, -0.0359912165830484, 0.4096191928294734, 0.0627388076058947, 0.079856186521746, 1.718946548269781, -0.2333002559191908, 1.916954424179206, 0.4027208089903503, 0.4122667749292548, -0.2222130676392041, 0.7342881960955576, -0.1088383658169887, -0.4492465452877965, -0.4403796308099335], "noise": [0.1301130332735115, 0.1598875300107502]}