{"unit_log_population_eM": [0.0068209343227373, 0.7289154779852924, -1.83192345931507, 0.3090322168065244, -0.5221634017946648, -1.624116815128469, 0.8537753593948814, -1.550797988357304, 1.348184623063266, -3.424572978096271, 1.401476188852399, -1.057926745382152, 0.2033922998459281, -0.5672685345855746, -0.3717332990603967], "unit_log_population_eS": [-0.4603806915852189, 0.4884997470527577, -0.1269657583004301, 0.5452424017473597, 0.1002588269039913, 0.0128505921039483, 0.180347867255364, 0.3932428788743836, -0.5819400294867405, -0.0389561455580312, -0.5310885607904609, -0.1425020369638959, -0.4209590478972693, -0.1205044138931526, -0.7527538138848664], "unit_log_person_params": [-0.3559312994179985, -0.3737429087410183, 0.2757400452520644, -0.1290684657271311, -0.4805267667288594, -1.207379687588487, 0.1239398312085731, -0.1740014159445727, -1.20033805045045, -0.1217694098388513, 0.6625531365795261, -0.8855449821724761, -0.3002966119408202, 0.1913288120371627, 1.657936278246209, 1.366985381743238, 0.045504481414664, 0.194420593023066, -0.6046607186106893, -1.542678039452398, -0.8671528655818743, -0.9225663187431732, -1.44603335181298, 0.4970639127005361, -0.7086630899830721, -0.2478102884236264, -1.034841706211966, 0.590371781377126, -1.019390500093705, 1.891951084935785, -0.3094718029511907, 0.2681776977081869, 1.322136471720993, 0.1691933806366775, -2.005414245390087, -0.2141003930364499, 0.0121670010355786, 0.3413743741029144, -0.2646228769478032, 0.6377457093296028, 1.894714067068371, -1.132052598330211, -1.033841230229905, 0.2485924421870043, 0.3493816534585483, 1.227679813307893, -0.9988331088512948, -1.591131614535138, -0.1900341106950773, -0.5586934133388513, -0.7837894290211006, -0.5370919321454034, 0.7160629012562374, -0.9314414828719624, 0.554129045122607, 0.4469408271508203, 0.3800498957600763, 0.7023194236491448, -0.6461235012984645, 1.842414328616634, -0.2421223369784969, 0.3579539520967601, 0.8497768567310882, 0.080009668402728, 1.885661868848443, -0.3550856568551977, -0.7917585146939996, -1.073357594925439, -0.7106317299869401, -2.041261539435945, 1.624508101195886, -0.1816547313597325, -1.960802092171848, -0.0769133829189363, 1.606073926389307, -0.0977817954236356, -0.0805258972444446, -0.6006923706785791, 0.472588702044812, -0.5026087102041807, -0.5128300189888725, 0.1782422688805781, 0.8136300725647376, 0.7888498984002402, 1.045228134082455, 0.7852015094947034, -1.205347688698049, 0.2489847462457514, 0.4653833283050679, 0.4869704248745829], "noise": [0.1687080848792713, 0.1478122612801775]}