{"unit_log_population_eM": [0.0499885858122975, -0.2043894415867284, -1.406677729296317, 0.2334635484225192, -0.8109448427612553, -0.8250702298483168, 0.1136693976689409, -0.7996182694959239, 1.36149045262371, -2.602930952623957, 1.577276848857835, -1.239912897925534, -0.1258692613566106, -0.7731529743882652, -0.671749303431541], "unit_log_population_eS": [-0.3167550520845355, 0.1420621155240238, 0.5470600431646447, -0.1670519380524609, -0.1811325167813926, -0.4756314468810297, 0.1544068806414059, 0.5173416310113024, -0.1637398159259126, 1.411848833388958, -0.5074539239450929, -0.0847071591405909, 0.8781264024293821, 0.4009840559678999, 0.0485591787028109], "unit_log_person_params": [0.447925676816708, 0.7777349545105685, -0.7311172190822902, 0.8998070892253798, 0.8428325388894091, -0.6889183196829576, 0.5951208794651777, -0.6143424019764092, 1.772868745612088, 0.817011709331283, 0.0501919756546204, 0.4655016469443155, -0.6092229982617745, 0.4471590709789499, -1.870337341706647, -0.4997159886047681, 0.3537567656353763, 0.0426250993999596, 0.0723184593074042, 0.250500427245169, 0.5723830103495023, -1.031259602778948, -0.8823317856187368, 0.8967152151949265, 1.545484276140261, -0.2450313383682762, 1.05475420187535, 0.5015835382993216, -0.2162951225764432, -0.7087926746992698, 0.0823380515656879, 0.2240902913216549, 1.030866072312084, 1.563213517738431, -0.3152662525664663, -0.823753072476457, -0.1611748360881445, 1.312199441526229, -0.2520237073217331, 1.482053209479102, -0.1963544188005314, -0.0912446348656336, 1.396661905551705, 0.0526827680078863, 0.5656684020432703, -0.9216491335306114, -1.720527885190045, 1.093545148513605, -0.3701421744615003, -0.4963361584070521, -0.5361487680119233, -0.4842750117153382, 0.1631803821027451, -0.2887719264967291, -0.5683362865910487, -0.86138826638696, 0.4952818060581067, -1.13817378067863, -1.074896291649121, -0.6265646873252148, 0.1828623624421196, -0.1825777200009189, -1.860260061127222, 0.5310447844277714, 1.338491000588236, -0.0336649045648074, 0.0533674358948856, -0.0100459251365024, 0.8774387897359865, -1.483801682491996, 2.842586354651297, 0.8956441592328162, 0.3948032473764178, 0.7922238147429245, 0.1483375576015331, 1.552048325434247, 0.3188200770567124, 0.060903479149744, -0.0929657426557158, -0.6654493338863469, 0.2762507772857069, -0.6499117738967162, 0.3458372302615547, -0.0526260291663715, 1.38747184754544, -1.360230701977295, -1.034891096340436, -1.258838321794633, -0.3311015194918537, 0.4371061923541272], "noise": [0.1287071418594531, 0.1991961825079716]}