{"unit_log_population_eM": [0.0372742335175389, 1.176502556005267, -0.3226885124001646, -0.4968810555250814, -0.1965861921942556, 0.5351287985589934, 2.163950388128462, -0.8211248753930733, 1.091545971760376, -1.144260306214107, 1.186942286449476, -1.019022332860121, -1.809706805957585, -0.8088217199208866, -1.139077374847925], "unit_log_population_eS": [-0.1522967913537881, -0.3058992823549214, -0.1341915500474422, -0.3282151466226972, -0.3529078657674421, 1.958955563258149, 0.4193134233852669, 0.3701896635102312, -0.2063241737047642, 1.043788752808218, -0.3607037216180253, 0.4145184889429992, -0.0688189388248158, 0.0624100139271276, -0.1734302370661169], "unit_log_person_params": [-0.232891905289787, 0.3959994902994937, 0.0090193863451134, 1.062625410129665, -0.2428136810370104, -1.228746265090792, 0.3662419129109519, -0.859317106739945, 0.0060203642762522, -0.9709188239482336, -0.7149185047879592, 0.6625832315102671, 0.0371170589400934, 0.2220620788931737, -1.277635528297361, -0.3527446758031074, 0.0220468065203279, -0.7487277704415598, 0.5813971004812315, 0.1262261674536908, 0.2994531262342345, 0.0978261040477706, 0.9940579238386484, 1.279665129268813, -0.0049053119285644, -0.5891854098128326, -0.6171688875057924, 0.3545673909520082, 0.2913806966274497, 0.7731922413066148, -1.125035123654607, -1.429562407019115, -0.8770308399682851, -0.9666308127423904, -0.7896048095177997, -0.7475387070599337, -2.154490990088856, -0.271874090446225, -0.5151561773654136, 1.358029289340247, -1.086625169360456, -0.2568549935403193, -0.8877894040893409, -0.5010802704371349, -0.0587196463737694, -0.3066477813282971, -0.3037797787215591, -0.2885365430886315, 0.0212880154041701, 0.0131077567565456, -0.2385625603887295, 0.0342785560055, 1.125694851061469, -0.6515176824097316, -0.253589037995873, 0.5114992933630891, -0.4240867470294984, 0.8509418840712737, -0.6881311796673089, -2.234918004964786, 0.7677349695956132, -0.4483466790271275, -1.053516693422399, 0.7083117008651179, 1.357557374442617, 0.5800638190450057, -0.1414659267635815, -0.5117133821937194, -0.1709434933951745, -1.341642735287003, 1.754290571590434, -0.1609902416435706, -1.118519812346982, -0.3957902911088301, 0.760378648579667, -0.6064765530781718, -0.6625779468871839, -1.266925609632902, -0.3942762063902894, -0.5355290582763572, -0.9701367971145356, 0.2271704303830357, 0.7145111064658389, -0.0013393363482225, -0.7851990562873413, -0.7528384328938941, -2.262573314683397, 0.0913699479994526, -1.671047401331966, 0.92515733082648], "noise": [0.1263472316609144, 0.1828680737636978]}