{"unit_log_population_eM": [0.9680786791805788, 1.034647194238496, -1.391429903294611, 0.665604382988627, -0.558415142242034, -1.985166428127535, -0.6329261346309711, -0.1117195169340029, 1.01639225621058, -2.655044183974071, 1.627006607233638, -1.090259881303734, -2.136458987579967, -0.8755642375856758, -1.268334210615328], "unit_log_population_eS": [0.4298181745937029, -0.0794673862171339, 0.093107202345587, 0.7170174578440641, -0.0717741364090834, 0.6750249001066853, 0.4757550824831009, 0.2275114488202749, -0.5386751772334577, -0.3079751696852253, -0.1091828899561843, 0.3746746143562138, -0.1218746631310657, -0.2036854469141529, -0.1507515716048775], "unit_log_person_params": [-0.548965933699068, -0.1021542778327491, -0.7649778420544071, 0.3885682094311894, 0.0819316745452091, -0.6225926360596842, 1.338513283313979, 0.121521533313587, -1.068640458643575, 0.8496247122371842, 0.7646667760253264, 0.1734838955890285, -0.6646699497667766, 0.6966637769386994, 0.1779935062579638, -1.466181464767157, -0.6722974187810372, -0.1641097217839494, -0.5648782829634537, 0.2547461514507166, -0.9960206586307356, 0.2577385751701735, 0.0752531955641117, 0.6847114469878857, 1.059851182619307, -0.5734267973783882, -1.559225862347995, -0.3721562715853366, -1.470146594223941, 0.0970168962006242, -0.872152758259461, 0.932671959067957, -0.1666389107990744, 1.396851296229719, 0.0330365820179652, -0.5818281250402333, 0.3574398146706634, -1.264778880464364, 1.446399519756794, 0.2915967985565728, -1.038056637272573, -2.332078433953389, 0.3873222433375904, 0.7364057996438087, 0.2444261290421425, 0.2017065011860349, 1.469447138412013, -0.3435857492361316, -0.1322727442294939, 0.1897085871517995, -0.1624817366376213, 0.4754474266717654, 0.5658021896596469, -0.0777946105151322, -0.2315686715743928, 0.462547277836895, 0.951826069883906, 0.3442603989283668, -0.7511968651813731, -0.1925118516649563, -1.275584094805691, -0.2808880044209411, -0.5970472259758145, -0.2857938670550448, 0.2118073546071584, -1.763594528757283, -0.6177867797127647, 0.0244258380806936, -0.1433663127647884, -1.445228340362277, 1.345942930173355, 0.1030158786705422, -1.798928311160684, 0.8997004916434345, -1.385332612962062, -0.483372737020299, -1.101885816759141, 0.3025340490073931, -0.7818037853385384, 0.196378878624648, 0.3702816747320359, 0.672887895973141, -0.3026919065691673, -1.000164827208496, 0.5930029325413103, 2.0603940033677, -0.6101388370818693, 0.974512406571341, -2.350968552966993, -1.979191993954066], "noise": [0.1776084913254255, 0.1516391310188167]}