{"unit_log_population_eM": [0.3872689093222819, 1.40851116280476, -0.3307062571254241, 0.1981357682516754, 1.135247480375832, -2.232476838851229, -0.614608638326928, 0.0739557148808784, 0.7377347865738797, -2.168961035868871, 1.261297458316094, -1.596266735832792, 0.1385675439886634, -0.3631520255882236, 0.1588490177811303], "unit_log_population_eS": [-0.6751677235417066, 0.2229741301459, -0.4479954404237531, 0.3088546214325399, 0.2936543403196837, 0.076801236869089, -0.0926539250138345, -0.3046306398832997, -0.3343044110850327, 0.6477135224094531, 0.1203613962792594, 0.1512186986466421, 0.3426055075494261, 0.4528825603227192, 0.1182289366904974], "unit_log_person_params": [0.775600770477133, 0.4406330931469434, 0.8249225892706759, -0.4112507691594349, -0.4529269944569509, -0.7758188341392405, 0.2641676241380531, -0.1497451522116423, -0.7444430760604692, -0.0415888422750551, 0.6517883947889952, -0.5758915931814634, 0.7145397158096493, 1.042091785034631, 0.4823664866865239, 0.8751496580180137, 0.3255769273618843, -0.1214948507800621, 0.6848072571393362, -0.8432072984386216, -0.0071712726096751, -0.3213736994234109, -1.202251969002593, 0.6148120686228813, -0.6862178452132665, -1.115702118641161, 1.608553387393126, -0.0550163302085539, 1.67426367405087, -0.520163463718307, 0.3846526625393922, -0.9663267330383272, 0.7827626739928863, -0.1003744583393421, -1.544754114398712, -0.4212874625061985, -0.1306782327261528, -0.1012981623461459, 0.4356397930846546, -1.208418823274851, 0.6359397407216354, 0.9609639488778284, 0.2024211265349439, -0.7584860252922088, 0.1967868708983256, -0.3817184902237476, -0.1526395443432369, 1.731580142999981, 0.4683432397058769, 0.0288569782715897, -0.1721498689448363, 0.1666825081745668, 1.77093710901851, 1.173645092811143, 0.0339953334524209, -1.046595655953717, -0.285297503375412, 0.299727645510649, -1.953498224185622, -0.0794728056120964, 0.5654038352368664, -0.2343680088697394, -0.0583884884966955, 0.0205499507492871, 0.9109186750810208, -0.1415544719914948, 0.6182056925959711, -0.0805465175417793, 0.0326327578836892, -0.9913591153560128, 1.753811265682112, 0.0701322965127873, 0.4096343132823239, -0.3543192150717004, 1.488363115106366, 0.2241769814508624, -1.338306754916692, 0.1666631208760343, 0.0780923425429143, -0.9061285744303332, 0.0090489901133178, 0.4711654747756133, 1.06231444177825, 0.6556686891590792, -0.3617714104427576, -0.6609072409803112, -0.0359794403356428, 0.3748932143721523, -0.3940850113386281, 1.076247373408748], "noise": [0.1592194803081652, 0.1746726959656301]}