{"unit_log_population_eM": [0.2936588643714386, 0.6417001197801091, -0.4865182462655252, 0.2997049905868693, -1.522684892478742, -1.580718651772025, -0.7370122837237125, -1.03215010184708, 1.16368034222432, -1.85352156067692, 1.221851237014838, -0.6254076565252961, -0.2968601662103153, -0.655041926353139, -0.7544344696690046], "unit_log_population_eS": [0.3699402765168125, -0.1005168338132098, -0.0640489599332046, -0.1293963241954725, 0.029078126903853, 0.9618854809273584, -0.5030662508075653, 0.2260972547827468, -0.2523478750372322, -0.1411813726838703, 0.3434860114515562, 0.4291206135584864, -0.2963261179423604, -0.2259924678245047, -0.0239570986648735], "unit_log_person_params": [-0.2266727430367466, -0.063262075910184, -0.4981259497128066, 1.162443255326823, 0.2557864969411174, -1.162088663378004, -0.1810986188889558, -0.2230681959832753, 0.390412077645209, -0.2626460642400598, -1.490200860629205, 0.2689641777855138, -0.3154554170482461, 0.6793714632966622, -0.4365025532895567, 0.8292432236438023, 0.5374284029616434, -1.924437829359973, -0.5483339212315912, -0.8941585220672189, -1.194241502234114, 1.032077939182931, 0.4073263791556104, -0.0950970189656306, 0.8881590848493099, 0.5870324808676968, 1.471382897045635, -1.374979215906926, -0.2938549380757796, 0.6269998144487823, -1.17402506522638, -0.5394514781194464, -0.7644068116243989, 0.8950851375734542, -0.339490358994852, -1.974836839024892, 0.4585109007017757, 0.1960149172867032, -0.2765716887107574, -1.343908275331672, -1.198855514067698, 1.531612027403196, 0.6889095587918965, 0.2444318865896778, 0.4505433104186254, 1.102587603254323, -0.1088014283155401, -1.861154039604817, -0.2414971597400508, 0.0980713983483935, 0.0782758519606456, -0.5511746467909173, 0.5979891283071336, -0.4866904568833192, -2.337126471459023, -0.8635154230485972, -0.6484773405978703, -1.265714045486199, -0.9986927274708152, 0.2708110284882937, -0.4837652627375483, 0.1396064061858128, -0.6183115953039074, 0.2823854489693801, 1.135026036478416, -0.5634689087486505, -0.7034973164108441, -0.8667143116176295, -0.9365035288368097, -1.903816884588724, 1.59043761648644, -0.2702161733726595, -1.525307090340594, -1.179643730554324, -0.0048451531009673, -0.1271726406936568, 0.3429484727177818, -0.4038952855562702, -0.1784222450076093, -0.24475430101716, 0.264498802816694, -0.5978816784515453, 0.1063154032937178, -0.3031115000236224, 1.590535796245514, -0.0858222168821952, 0.9015374471413145, -0.2203910478780137, -1.378421259244518, 0.7365202659659366], "noise": [0.1071656424245264, 0.1784558913946347]}