{"unit_log_population_eM": [0.1419858519910566, 0.2098639708464641, -1.099573048820741, 0.4360968648365572, 0.5354394493834055, -1.198489839544829, 0.3425751469629474, -0.028235233198636, 1.105839693865635, -1.39817748012769, 1.242141166333739, -2.317493294352689, -1.527777929820059, -0.7552571659338512, -0.724993259576675], "unit_log_population_eS": [-0.0424546864340349, 0.2300379098549888, -0.1740891914470752, -0.0593438089663704, 0.2313697250230483, 0.5276771011380104, -0.0151748619140009, 0.7557398920259434, 0.1417970681344226, 0.6739023140969906, -0.58525909773799, 0.8732001362533568, -0.5357887229785123, -0.0767542733899102, 0.5217398386935117], "unit_log_person_params": [0.656666868677723, 0.9211362428867726, 0.0798287524166247, 1.325059008168982, 0.6682258259387819, -0.9657924461519624, 1.334563915795092, 0.4018133652253966, 1.926264387813673, 0.6815043721447083, 0.2314149517032846, 0.1880987993552906, -0.0876927884410389, 0.0099621022590569, -1.370754244839548, -0.1187717105806667, 0.0318216102594814, -1.304754204818141, 0.4831366769946954, -0.3728080573323934, -0.192179240469179, -0.2671844923168837, 0.5148367016391838, 0.3916895068930264, -0.2817943499137841, -0.0308753548358088, 0.8465840102810975, 0.3557221413437029, -1.022654019713052, 0.0058988630015981, 0.0149194626528964, 0.088760611422983, 0.9062572567619048, 0.4403609249920567, -0.5754221403824379, -0.2551161977313948, 1.741807546844472, -1.079472160140089, 1.781915200836687, 0.8043822190409609, 0.980201061808167, -0.5500877640009599, 0.3417591154430613, 0.4640015279495986, 0.4885578675314544, 0.3245427351156514, 0.3657759483417233, 0.3052445646573338, -0.2572088941551905, 0.0720773289101881, -0.0663613829074861, -0.3180955410064558, 0.2907331062172988, 0.2008530764599301, -1.10596848484943, -1.3299675506407, -0.8386324839734272, -0.8663421656025235, -0.7237513193582437, -1.176824564204126, 0.3922285217034732, 0.1762634957253381, -1.117917552704147, 1.526785768510297, 2.285181796170677, 0.122593084683617, 0.7948658565662821, 0.7331623318180792, 0.3479551548793832, -0.1719533305683509, 1.901323359064119, 0.984161535897612, -0.1560034327409053, -0.0526256909855421, 1.247992736300813, 0.4713971116462935, 1.673009059861691, -1.164586530376818, -0.44709747872095, -0.791052182896485, -0.485339465830559, -1.150969251430265, 0.2474908117626848, -0.1477497685733648, -0.5683769521137727, -1.148017986222205, -1.378976595507502, -1.726147166931481, -0.975909662289677, -0.8993290802339486], "noise": [0.164560662517715, 0.1745290605264095]}