{"unit_log_population_eM": [-1.837526657172396, 0.6174554949984256, -1.637585066578431, 0.7276903774746597, 2.147589997265567, 0.7858464333642279, -1.562906845751084, -1.280097137529039, 0.7203160812451989, 0.429158391649716, 0.3036532478215218, -1.203435615189373, -0.4453845069284287, 0.1053840448541386, -0.6837649006005049], "unit_log_population_eS": [0.1232823721949954, -0.0638971745257364, 0.1241506004948253, -0.0881737870682316, -0.2589269561207408, 0.0528566219628642, 0.0442049342330238, -0.309380152502661, -0.1762884234489357, 0.0508786549299917, 0.2063248186745915, 0.0710940556437352, -0.2631289148298788, -0.11856804636135, -0.0646447466047401], "unit_log_person_params": [1.064299563144784, -0.1362606300257034, 1.717541281554447, -1.232954180258626, 2.036868054550337, -0.6064065810658162, 0.5080564070177603, -0.3981670323818287, 0.9999966339103358, 0.68593125700033, -2.148094991567066, 0.5099395391630794, 0.159483433116913, -1.649577954702906, -0.2118624017331007, -0.3919499250750149, -0.3569607808962714, 0.4289418550930066, 0.6134420522297788, 1.683798214358396, -0.2889849890633266, 0.0803028231113315, 1.50646315904794, -0.469584480535747, 1.855307933496421, -0.3545850491508676, -0.3847139283259224, 1.042528994888679, -0.2695259156961124, 1.230083777374952, 0.3500320404741713, 0.338878301814072, 1.376760939922752, -1.751738491722389, 0.928910699613756, 0.1525129408072659, -0.3220433555200795, -0.2390202539314724, -1.122679509435236, -0.7592358584233858, -0.5713587237369107, 0.8319462277288192, -0.4094307347522435, 0.4312092238981108, -1.014332809178679, 1.575298569922775, 1.093510039322615, -1.45525453661164, -0.8631510115154708, -0.9795308407675328, 1.599438167718003, -0.362837237603251, -0.4834876999152693, -0.1310384235386081, 1.093699387006833, -1.781634742646197, 2.070143035549997, 0.6705298951003016, -1.276837323234417, -0.6549638196961011, -1.45598237046826, -0.3000486938501431, -1.408710012743495, 0.2534251165243023, 0.6144600979661802, 0.0468877957044624, 0.1198720521316517, -0.9731506322468072, 0.6593392816631699, 0.1614760753531879, -0.140573640655993, -1.271838272075691, 1.145747779063794, 0.4712147228963081, -1.048373781900114, -0.7802540350309568, 1.442736450762412, 0.6092087585341424, 0.5004365465763753, -0.8064076246182639, 0.3837678087508529, -0.638886420074772, -0.0658959395325051, 0.7791382219572249, -2.079609221858129, 0.7463330476052865, 1.761599499551021, -0.6748126976355884, -0.1076257075629124, -0.4259595327892426], "noise": [0.0469361589158089, 0.0028567209613922]}