{"unit_log_population_eM": [-0.149939752172325, -0.8588813326141624, -0.3347986647063749, -0.0427704398460023, 2.560609681996668, -0.8653533272905537, -1.011141247297417, -0.186391324898153, 1.568771066641857, -0.5189929820850935, -1.632831569447775, 0.6771844641893006, 0.4344024986185165, 0.6858587481803011, 0.997795834046142], "unit_log_population_eS": [-0.0434626806880728, -0.1514245751742599, -0.1036231633975652, 0.0162606603368969, -0.116750862481373, -0.1921913076106123, 0.2936069461503903, 0.7640019067299446, -0.1187893957038201, -0.2633187528464441, 0.0014603129183735, 0.0475110877209648, 0.0844951596141878, 0.4703389398512101, 0.4455601375734645], "unit_log_person_params": [0.7334042752219663, 0.1405614743117717, -0.8817104126824765, 0.6493568788636637, 0.3623815129580389, -0.3676950277019512, 0.1086686740525331, -0.5562727370852553, 1.437398318843318, 0.470018947481846, 0.906406714264098, -0.2165769988301672, -0.1055116241273078, 0.4425370948870956, 0.5207231572319118, -1.101449909229115, -0.5320462615898459, -0.2607558426739794, 0.2479536324122953, -0.1899735820104212, -0.6415355251613667, 1.281054504108128, 2.02086808220451, -0.5340502882868559, -1.619841180622149, -0.9019454579624956, -0.2302729691195611, -0.6309329611302184, -0.1789256571811, -1.212601671595837, -1.211913874038079, -0.2385567971024494, -0.5958731676860896, 0.0520958199686572, -0.3199694398165029, 0.5767906757874824, 0.2886041773784705, 1.490509046904262, -1.778054912862153, 0.2927399135891138, 3.3399609956115, -0.1509056981505806, -1.032413438857509, -0.1184339946582617, 0.079596634024877, -0.9359476353598406, 0.8353282775124535, -1.46523885122042, 0.0920928831878512, -0.3728420670378223, -0.6358855648218964, -0.7271115746457368, 0.2910373323402158, 0.5171739060788139, -0.6593989769864004, 0.589099847848636, 0.2659194348885084, 0.1827963661716966, -0.8669789705325603, -0.7510540674584152, 0.0348889817878385, 0.5277570312332991, -0.3348411170335584, 0.1698213489016036, 0.060002728803246, 1.673008687133829, -0.2349910587783842, -0.2541485470639979, 0.0662193866161532, -0.4562283012065079, -0.1180960032171808, -1.432511231923401, -0.0649916237994002, 0.8664977650253634, -0.0890683037670301, 0.7356750767332696, -0.1344977570740571, 0.7638591965392534, 0.981859683436676, 0.0942009420261778, 0.6297698891447487, 1.266977856301398, -0.0586804023566155, 0.8650933911321566, 0.0100695157177506, -0.7272774289532549, -0.447613914001736, 1.375031089353488, -0.3123376706682637, 0.9965739384253102], "noise": [0.196359006292535, 0.1739475948928967]}