{"unit_log_population_eM": [-0.9336632481149076, -0.3825299249450397, -0.6807243523689346, 0.8157100017811558, 0.0854518554816577, 0.1195242666399709, -0.2982134846132184, -0.9231191080353544, -0.6863922850716346, 1.159966754313136, 0.1357949244625811, -1.481543074629811, -1.156732453907439, -0.694180181486035, -0.0387715690875348], "unit_log_population_eS": [-0.0761721063915891, -0.1626590567819879, -0.3399516520034581, -0.2540906266214641, -0.1693971819706188, -0.1389729010165124, 0.0686074459440463, 0.3556006068898742, 0.3134083488378919, 0.1615437357374062, 0.2645610054490123, 0.2895242900098774, -0.0586261963421832, 0.2307174804851927, -0.2789258277631302], "unit_log_person_params": [-1.354932802398596, -0.5714823336163486, -0.4927378396631765, 1.442845141033608, 0.9156652003752764, -0.2694701936960893, -0.8943132375677263, 0.4355992842166263, 1.009040825074331, 0.7940234269496738, 1.12724864628363, -0.6188758318774304, 0.1499524678326007, 0.0272384084672789, -1.196731754247276, -1.767381605430152, 0.8262117536635389, -0.984381697352182, 0.4127100973586211, -0.0161272671447126, -0.1586470151083887, 0.4162239820627939, 0.1672888909117719, 0.2565833652453009, 0.6583335950594987, 0.0191128490620325, -0.7614307824201576, -0.836278461990761, -0.1143079845139547, -0.6708704003562099, -0.3631201872612939, -1.142893336785973, 0.7399638618579972, 0.8942289686704756, 0.6076521077636495, 0.7849427592174375, -0.3625449133872214, -0.7218416974445498, 0.7030615811112958, -0.25355285443473, 0.8154442719768146, -0.2653393219133168, 0.0471415155311656, 0.7708887174876103, -1.425431350463337, -0.5905363627474203, 0.9744138173650384, 0.0647310160418061, -0.3404755285693517, -1.469258324741627, 0.8611664881656896, -1.343203303836359, 0.9680786742363175, 0.3198143615952691, -2.047281026379277, -1.418789333898816, 0.0639120815252694, -2.533085718729027, -0.7996984262935306, -0.0448934592233187, 2.137646086472015, 0.2424913126024356, 0.0413040122570094, -0.3930642534888932, 2.361094982435573, -0.1595064793613696, -1.344129963790861, -0.774339890711241, 0.5522593830441784, 0.521285005687791, -0.1226907948986958, -1.403458464174332, 0.2982950277890155, -0.3585019935999313, 0.634783731771982, -0.2648650461569124, 1.688497984641109, -1.406663297061697, 0.3900401980499486, 0.7974728717968793, 3.044052503475351, 2.246074390688583, 0.2719596716244327, 0.2200546457738675, -1.37932606661645, -0.2634365079796832, 0.4882070614151782, -2.266603155967704, 1.2388914292514, -0.7848275562127554], "noise": [0.0748465130538518, 0.0175850472850155]}