{"unit_log_population_eM": [0.7488663089762283, -0.1171288101189396, 0.549063284145416, -1.260247801037648, -1.920831723756885, -0.9631862189226634, -0.5086157870571941, 1.757575590875931, -0.3513426741914823, -0.5165247313839835, 1.914231905428488, -1.673023728757004, -0.9317358128584526, 1.42625064143251, -1.368466708328115], "unit_log_population_eS": [-0.0650279302760525, 0.3334115131310009, 0.1448837119977845, 0.2219240264642539, -0.1805609377423848, 0.2292372147012545, -0.167835632599914, 0.4897936669592513, -0.0997324178687953, -0.1110544750662216, 0.1065279502278028, 0.225487124082178, -0.1502394152081779, 0.1968819573798333, 0.2493463609923487], "unit_log_person_params": [-2.013240558212956, 1.554344799259126, 0.1119647120477079, 1.639040711907384, 0.4713884560283735, -0.5602092385133906, -0.1459743462966692, 0.971726948637462, -0.1930142339740653, 0.6869821454086731, -0.4821401848455449, -0.7116130849816575, 1.447457234875285, -1.140657092546124, -0.2759035742998848, 0.9741899134711482, -1.02364037819986, 0.586258731585347, -0.5378034999039696, 0.3098847314995615, 0.7602058169749514, -0.518940959226308, -0.0757690431803622, 0.3404095649789545, 0.6113784333053479, -0.3764708861932521, 1.309019445458361, 0.0540791940057676, -1.193293269093726, -0.3586236691312145, -0.1654950619930677, 0.91629880197499, 0.6311469243928158, 0.6839611803769226, 0.0491472527153064, 0.5780095850101044, -1.408404101792568, -0.4032675954635965, 1.726590680752037, 1.002279851585135, 0.567262616187749, 0.4962644967790258, -1.340193345927007, -1.697437783509866, 1.149367552685565, -2.177682060584582, 1.087402234420669, 2.164978676556112, 0.0114070856912575, -0.8225295533195008, -0.0918492706881972, -0.4073263366518921, 0.5167808292768592, -0.1325172608881821, -0.082961648530499, -1.202351409478622, -0.5311118502624523, 0.785714348922814, -0.3121654042084898, 0.4689447392025559, -1.202305250098095, -0.0309886648293172, -0.4873999850919254, 0.7439120347628093, 1.443910460762091, -0.6994205513251334, 0.8218699662800164, -0.8140494792659382, 0.5637232140176468, -0.4077913260787444, 0.4397981110754685, -0.687885151654195, 0.2574375709246233, 1.280966887856428, 1.286869936973946, 0.1949190504157406, -0.6074108597380757, -1.099580972360533, 0.2835610394819199, 0.9155450426979688, -0.4645375772351046, -0.6016330675593007, 3.021290456177181, -0.5075257459291053, -0.255913241807188, -0.2493798369715253, -0.1846000059062025, 1.107709872891969, -0.4294369364991019, -0.3171934982044286], "noise": [0.0846598284506575, 0.1104023807487034]}