{"unit_log_population_eM": [1.110368294854473, 0.7491468913867422, -1.21912565051453, 1.0415588474852, -1.273830468457777, 0.5463567013526579, -3.688064290406311, -1.405540439454855, 0.8295413350670202, -0.6113769729833508, -0.6424172042136902, -1.407714523140537, -0.2153981896036614, -0.5434383865040953, -0.0135433441342502], "unit_log_population_eS": [0.019106065060121, 0.1681901534940171, -0.0942913216144304, -0.4275497683237995, 0.0934931158822768, -0.1218853273614143, -0.1630653116005373, 0.0200133026598533, -0.1124667162199002, -0.2350380894216885, 0.2973357587426128, 0.2038758740663597, -0.4020791345832288, -0.1056272018027969, 0.7495491149919156], "unit_log_person_params": [-1.003033002912491, 1.353786790552685, 1.184907336938338, -0.9378237912312462, -0.2175255030237329, -0.9696384659722118, -0.3356081916604869, 0.047804700037545, 0.2183281293813683, -0.4720016446092688, -0.2758925014768341, 0.9388970424779564, 0.2806600765066766, -1.037206124038597, 0.0275363196464222, 0.5705869756717733, 0.0146147485118866, 0.0952184796219671, 1.021082139363439, 1.786865231883736, -0.6798688967542605, -1.611514055534252, 0.1170224484901785, -0.4694694231211278, 0.3480111409406579, 0.2714321135796474, -0.0481316550636317, 1.175521199101672, 1.088483298740121, 1.147339106426206, -0.6279609178221197, -0.4582798669808133, -0.9203469377525894, -0.1150977235321781, -0.4089087887567514, 0.8737411047893393, 1.311652407365224, 0.5775465599103656, 0.5792427425661693, 1.009716019209774, 0.2680532765349682, -0.2668761984021979, 0.5502848376184705, -0.4609129208188757, 0.1340173997965025, 0.194210436420155, 0.7831280353282531, -0.373760317344489, -0.4564311299519413, 1.337060559696512, 0.514228034666911, -0.1074900278726082, 1.120566171326011, 0.7100041633963345, 0.0934354496700003, 0.0177931310383691, 0.1939043005845925, 0.3793293452934077, 0.5041567700613917, 0.7549736996433007, -1.022964299140867, -0.7760950645246836, 0.8452774485868861, -1.503963542755366, 1.048159855932971, 0.5814730221556245, -1.31764435128311, 2.120837642181891, 1.250163324504278, 0.8947983759736833, -0.9630696985512252, 0.8520654873652521, 1.221607905762395, 0.506653316485527, -1.031052537372542, -1.09959538771806, 0.6172677941725264, 0.4953256380022389, -1.72110513764521, -0.4862086851452779, -2.334422402830216, -0.5876976461318449, 1.505991629200536, -0.246116215937876, 0.93224890716007, 0.7529252309403679, -1.825643236880282, 0.1085956705600324, -1.296702220553703, 0.3933344411309603], "noise": [0.1349686501665927, 0.2561269363457375]}