{"unit_log_population_eM": [-1.378510273628908, -0.0979822016439703, 2.052529695133861, -2.960091701165214, -0.4091924405097462, -1.022320018366375, -1.212874275516781, -0.1838288900053673, 1.075146886172784, -0.0964672789487097, -0.5588802252339373, -0.4333404045606879, -2.400063747744223, 0.0630729549854273, -0.1248722802278177], "unit_log_population_eS": [0.1769995654946022, 0.4673878409795128, -0.0677760684272076, -0.0558281134599662, 0.7318045179446515, 0.1606690096752376, -0.1029099360230762, 0.0581561196440518, -0.186643342688215, -0.0067920124716719, 0.1542217924165901, -0.1169958823805077, 0.1438739399158528, -0.0475086748385143, 0.1464363408891891], "unit_log_person_params": [-0.7988819136650439, -0.3122588210872963, -0.0410441764083016, 0.978927461163586, 0.5132288107645038, 0.1541066359277333, -0.2968255797862038, 0.6464388550339729, -1.24765417540792, 0.5509476220121687, 0.4664715593039271, -0.1253700674111868, 1.387042687260427, -0.5359208996235962, -0.734975026051277, -1.987990084621005, -1.162129141954941, -0.2323243129152016, -0.5545114268308198, -0.487553262258428, 1.426777855569908, 0.2854436694544783, 1.011732343427793, 0.8334319344544379, 0.951543204954182, -0.4083726959108361, -1.034263783523732, 0.6280800349201957, 0.3151480047199872, 1.070670670340172, -0.6438282078270495, 0.0010240715158789, -0.6392492946221318, 0.9785481503701146, 0.3315493260165829, -0.2373105668333573, -1.11944808250092, 0.4043532546969355, -0.6967774054427209, -1.233571649016173, 0.0657511453721068, 2.448147507687834, -1.307362641646091, -1.771557169259281, -1.209730313944002, 1.525014973812538, 0.553679160479352, -1.685921181868409, 0.1155697261923693, 0.3938764782698008, -0.9403994232519116, 0.2033640209706164, 1.055547678459114, 0.3472498853194534, -0.0418590817920944, 0.1140639316198529, -0.1396493985259345, -0.1069792944237181, -0.9131979257058024, 1.495462826360181, -0.0466100132623337, 0.3115163557969443, -1.399895819620318, 0.2281982035571133, 0.5086279658603735, -0.291818183208963, -0.0564087371512936, 0.6886126559923839, -1.823469636503057, -0.8844705830940034, 1.28690256193673, 0.3358054075545432, 0.6040569745251722, -1.14176320049711, -0.2219715217501666, 0.6561318872728683, 1.125722804229231, -1.003186145763617, 0.9260967258367072, -2.394382796042368, -0.7393290897444192, 0.572380956255479, 1.681893352900988, 0.7936569500322663, 1.305743685649169, 0.4257935360594626, -2.307597251654756, 0.6609243094149577, -0.250471368386574, 0.0150874295659839], "noise": [0.1052997549984507, 0.2313346030381556]}