{"unit_log_population_eM": [0.2596514649163857, 0.1473047468101431, -1.383933273828148, 0.3665163408559199, 1.15723929453145, 0.3375433747972022, 0.2934537920797566, -1.195145197849377, 1.040335401255121, -1.307951115368065, -1.075738597681731, -0.3170331014071368, -2.196447625845039, -0.0715694004130839, 2.433062167498753], "unit_log_population_eS": [0.507801966383031, -0.135741052596028, -0.5131403087975941, 0.3259341552425266, -0.0923152323910937, 0.2644540290294263, -0.0242340445315905, 0.1161910842320053, -0.0296299262203144, 0.1875525120393017, -0.3403165885975096, -0.0590062063995749, -0.0159086688649149, 0.2583677108763622, -0.1226314861686077], "unit_log_person_params": [-0.4103689110894809, -0.482074711699627, 0.8256576562751177, 0.3747198153533713, -2.260915318710441, 2.570787438297808, -0.8064411917861808, 0.295785357576998, -1.267084582415822, -1.355209656340404, 0.4955508674633392, -0.2075231385553793, -0.0155769241947533, 0.4263127403905713, 0.4239694480551524, 1.086486272931781, 0.0614724750323976, -0.4980818798960236, 0.8020274521269491, 0.2602978326316054, 0.4077904851968953, 0.7493288790161078, -0.0222719792916788, -0.4132937345408749, 1.260431028586515, -1.232024619258637, 0.218630003332193, 0.4867979537806915, 0.0333201165605954, 0.2120493411368717, 0.0366328911583132, 0.0483337644142415, 0.4557923892613028, -0.3395327503884069, -0.0735864018909121, 1.267776050777955, 1.438775385773713, 2.415999025557387, -0.2323724183085651, -0.93433295053165, -1.176383249093006, 1.263645287344939, 0.849255888014172, 0.5492019205331776, 0.2059326714452613, 0.83640069789399, -0.1770767908968961, 0.3608269240745647, -0.0799647905713424, 0.2494104721962893, -0.2657404986308575, -0.2078595967317465, 0.9865683672660984, 0.0939189502991066, -0.9023408323683828, -1.295443433613802, 0.2869304663983078, 0.2768229694974143, -0.0648233410558452, 1.810100971723337, -0.9097074403033664, -1.467810418506174, -0.6853832132957848, -0.7040551062822383, 1.255757683615938, 0.0777107105087217, -0.2030727246476279, 1.580989445778521, -0.6599161674574638, 0.1019904345581416, -1.075220840753946, 0.4607599137104793, -0.199959380434954, 0.1889251447847659, 0.5555487670718522, 0.548563224038994, -0.0876447159953045, 1.403655380141515, 1.758385685293206, 1.007655409936576, -0.9914026207096632, -0.9379174537413456, 0.2280502012110421, 1.157218802091284, 0.0698158734638912, 0.4599606238265621, 1.01284245524154, -0.8783400519664617, 0.2514355111175877, 0.3932796498037506], "noise": [0.1063754069154683, 0.1842833798341239]}