{"unit_log_population_eM": [0.0258258836073357, 0.1151650971725263, 0.6294016802529565, -0.2917873333695276, -1.399790440970079, -0.0726676845114714, -0.9161658784059163, 0.0433573233562494, 0.9541864732662696, 0.0915439118163436, -0.9960451255345216, 0.0667638541582471, -0.6718031841303613, 0.4914154628856729, 1.048740734164284], "unit_log_population_eS": [-0.1741890739266584, 0.0794589371324898, 0.1682871208402872, 0.2302317920314961, 0.2510960073782779, 0.0528772407339386, -0.1240620431066033, 0.158494548694847, 0.1379330184484116, -0.2750317374538852, -0.0168749607814919, 0.1303012988313948, 0.0962556757167501, -0.2332527470588307, -0.1893463462258015], "unit_log_person_params": [-1.049332145836708, 0.3769743096112789, -0.9464144951128064, -0.2851406994639651, 1.051583276171772, 1.051226951728177, -0.2526907011517636, -0.2418167641279838, -0.0471342855229753, -0.1024912849064666, -1.613219590359004, 0.3075002698323941, 1.814304302558583, -1.309762149655142, -0.0320137010938343, 1.414376857050352, 0.3148226900952001, -0.8675136788928324, -1.714924872810414, 0.050827137516771, 0.4836835587816509, 0.9756961353470492, 0.6841761326375663, 0.855336141307538, 1.139992261411884, 0.9866411191138812, -0.0156289472264411, -0.9707048570934176, -0.3347979855696633, 0.9806448643652392, -0.8004010800268774, -0.2164054321192279, -0.1901760443600448, 0.068640080580201, -0.189146444245956, 0.0613305900477003, -1.893029131597847, 1.223093766031985, -1.234909107125118, 0.5442157848289088, 0.4737425802311424, -0.3389563508424456, -0.6872246012820203, 2.680102286079808, -1.181512707597897, 0.3424512466606843, 0.2168812657367669, -0.2140977293380861, -0.4581896336685313, -0.2321131756056095, 0.4197493634175188, -1.478298657650057, 1.044497569017237, -0.4908551402931202, 0.2383274769922571, -0.7766049879775412, -1.637980927999629, -1.177418534468831, 0.0432221433189038, -1.277324379600045, 1.590044836435567, 0.7091700097115154, -0.5488845166539597, 0.5741218633893074, 0.9981046570152752, 0.5873553037097035, 0.2912966014681148, 0.4753516846859857, -0.0818207371573211, -0.1721567447279117, 2.579096860825174, -0.0107084255278629, 1.270580465360871, 0.4962318436385373, -0.0506878503064281, -0.125074351830588, 0.4963308272579726, 0.5048230273698316, -1.595570990270268, -2.231494568831669, -1.23693377775204, 0.7961107362575839, 0.5421984115597954, 1.271900023274473, 0.3533245203941361, -0.6581484665712821, -0.2956918533668384, -0.4944535863055632, -1.004558728427984, -0.5856323397094405], "noise": [0.1751894768891679, 0.2068175941818506]}