{"unit_log_population_eM": [0.329555652811061, 0.9986813745795468, -1.100853624952598, 1.538502396071833, -0.1615198192712399, -0.6069686764724396, 0.5738852932453576, -2.671169240418651, 1.683481818594895, -2.236751292928817, 0.7997741230950708, 1.720760921819908, 0.0534992869302091, -0.9823036107021572, -0.2489024007932809], "unit_log_population_eS": [0.0157553535786322, -0.3700161994958027, -0.0894607227760201, 0.3038675879756538, 0.1243123603859417, 0.5914973282760924, 0.2719253587707555, 0.2133880287593477, -0.1404479903810023, -0.1364925986300547, 0.0910032711954575, -0.2786183497169137, -0.2822268783268807, 0.0720550708770249, -0.0826546085775567], "unit_log_person_params": [-1.194788701624689, 0.0741453425982195, 0.7199208201812005, 0.4147222740542156, -0.9799247342925348, -0.593608044934491, -0.2455328217310496, -0.3383451516388155, 0.0984181751978359, -1.31889059472052, 0.1131925065867548, 0.519404688435672, -0.1427654852761143, 0.9765030612845688, -0.0415860222196027, -0.3082533714704971, 1.169403703854423, -0.7321891134955117, 0.4926881485955902, -0.0130980613156454, 0.3302764582108522, -0.0096429988457215, 0.2084742586390323, 0.6796436768717, -0.131534476611162, 0.4169539593756466, -0.637414521938841, 0.2047686065635548, 1.621428423329726, 1.988011825082104, -0.6586473693263042, 0.6545125297369974, 0.4783074347545923, 0.0914972527339037, -0.3917960241371887, 0.7516726508153433, -0.0725203360022917, -0.4774892348660117, 0.1804775856005352, -0.2328861733072959, 2.693643983010498, -0.1537092703397359, -2.090043090852423, 0.0614408940735326, 1.448234761376479, 0.8676353282454535, -2.574760539919101, 0.1966380528307576, -0.5467770781502465, -0.0545246630067995, -1.202992295455642, -0.6440646408176876, 1.055582120029735, -0.842432392455995, 1.008050669960106, -0.7699429029685618, -1.435455508184847, -1.446187684036754, -0.2227652350835129, -0.2478939483092542, -0.8927450107210873, -1.249406987858372, 0.0690955327325035, -1.044610184048512, 1.008966064222253, 0.6727966889918833, 1.080662530273073, 0.901246086744946, -0.6140674969089434, 0.6103571395413496, -0.7907321544782012, 0.3389865112050179, -1.692755113457022, -2.508051734720405, 0.5056502311090436, 0.1208646889562608, -0.233494792289618, -1.254267311573879, -1.636718220402641, -0.2156054007653388, -0.1696521404284498, -0.0434893424229118, 1.446208031191544, 1.025937905456034, -1.683267948198147, -0.0621231719431066, 1.067401410027567, -2.507414801632437, 1.375962084768992, -0.1760306918008139], "noise": [0.1027838202384271, 0.2291433652666657]}