{"unit_log_population_eM": [1.286124307062245, -0.7829804470500665, -0.4818474360311437, 1.045845073718124, 0.7741397757012121, -0.7635073784183264, 1.766222523380473, -1.598815968683113, 1.213818009900384, -3.678005104371886, 1.00235712331322, 0.190951256046155, -2.241659508372035, -0.5809313296385841, -0.637189843574716], "unit_log_population_eS": [0.0520343560067836, 0.2272921647286369, -0.1492779134168079, -0.1008106119867052, 0.1366880356138838, -0.0568464532308794, 0.2319069723565289, -0.0665158131275404, 0.0740155098415251, -0.4720613665304648, -0.0445824490650567, -0.0392917790279213, -0.2317716246935097, -0.2678730347653732, 0.0682939067927042], "unit_log_person_params": [0.6857625333169427, 0.2382752143249211, -0.7315091369075374, 1.508316160460143, -1.177856578462336, 0.3984919964741712, 1.266253373613114, 0.1427063207566761, -0.095995804382729, -1.435615145831013, 0.3950879557434911, -0.2903658749268155, 0.1993878984517053, 0.1428673870410854, -0.1152804129245067, 2.912613057627869, -0.950453314823834, 0.1928327610240124, -0.8105601123381699, -0.2279455692312452, -0.2230218328861591, -1.045407814871497, 0.2446397661806839, 0.8122230970225786, 1.152228984664843, -0.1225593702087965, -0.2214335997408755, 0.8683775095508899, -1.051105926804929, 0.8096677654511516, -0.5025145287269844, -1.39940876749507, 0.8767282522935658, 0.3570065413076525, 0.3972403398084673, -0.850042420717019, 0.1699873581069438, -0.688098994037727, 0.0939658287091726, -0.1400777615709623, 0.1541463403185551, -1.341981546166964, -1.058754611460667, 1.058374649146617, 0.6067907426625316, 0.1416448074230254, 1.267987885540762, 0.6265860405058322, -1.268065122003942, 0.2098428816940596, -0.2911815710040192, -0.5756251622780795, 1.085751541198097, -0.1539954574855298, 1.710305470242112, 1.346619375929922, -0.266997255680486, -1.429205382717175, -0.1773661118838785, 0.4261001189968305, -0.6650223707815237, -0.5979978347008199, -0.5312539233729929, 0.1706049265023993, 0.3230905122838683, 0.3708498923800942, 0.2471213584701352, -0.9909525610627216, -0.7197884856367154, -0.1901091644540895, -0.5092303593536155, -0.6487431604278209, 0.8680363289764439, -1.152219643844035, 1.387457214039976, -0.5152421101487896, -1.203758620483467, -1.136996369991369, -0.4501059921312236, -1.014666643134911, -0.1321970927281766, 1.731161319229419, 1.523593636934383, 0.2792805210006802, 1.529696611511144, -1.555779492424415, 0.2378786191719874, 0.119599833921082, -0.6761747795860191, -1.97588220074289], "noise": [0.1232938599820376, 0.238400893211702]}