{"unit_log_population_eM": [0.3955490289208008, -0.1420975086984789, -0.0308350162028355, 0.3448323288425901, -0.7520212632924426, -1.28963823956402, 0.7469183901178653, -1.495088976036751, 1.389814788811164, -3.322984922620079, 1.308955744071746, -0.8059036330956083, -0.1082122689478044, -0.2475745192002599, -0.1022165812441419], "unit_log_population_eS": [0.354392490013354, 0.2587957687378786, 0.2843766860772819, -0.2963264941573059, -0.3521720362598534, -0.1983473843261257, -0.4840961655378286, -0.0490836787440802, -0.290382243809604, 0.2284019865003306, 0.507960233016173, 0.2001851110782503, -0.4041754494097611, -0.0250157855034797, 0.2455714434032333], "unit_log_person_params": [0.2339723318502939, 0.1902083087915562, 1.222162495157028, 2.370785905020233, 0.1456571536344835, -0.8196705825121657, 0.1848396630077656, 0.6892520469907569, -0.3599691089377705, -0.3028776220844088, 0.6161899611402272, 0.3580605041774619, -0.6285258844877065, 0.1702194233353205, 0.6759175986775858, -0.3352044670266072, -0.3548844250885514, -1.106751503800349, -0.2085208645244062, -1.017068478532838, -0.0432061528416065, 0.3975232040010237, -1.975862265890931, 0.8540055897888121, 1.387257734622368, -1.115869636995343, 1.535234916490267, 0.2271170412204108, -0.9487611247331298, 0.8192594404990914, -0.5550087960501255, 0.5677198644079545, -0.1520323828108833, 0.8965137273761682, -0.3608448889538645, -0.0378676921927742, 0.9268910627267476, -0.2448857583253278, 0.3658435824947154, -0.5059882924545092, -2.212076022380303, -0.6433031742883727, 0.655015656180047, -2.306237511595375, -0.1227633554524656, 1.265370961915957, 0.0549967078301254, -0.1642912034188659, -0.3835646354141657, -0.8400252654046201, -1.436650893793469, -0.9298298330955548, -0.0847183201422084, -0.3815872802316509, 0.902199195701472, -1.265434872225474, -0.6605965087069949, 1.559713357399423, -1.033690436271186, 0.0284299703209345, 0.2587380504138248, 0.450387582870621, -0.2768951999371197, 0.0299682324630115, 0.9409619500777856, 0.1913347440660935, -0.7139180613084756, -1.281277675961981, -1.400656887719711, -1.769186448531414, 0.8645213397427464, -0.0210645625475923, 0.116735660108111, 0.2576950791262022, 2.169159916677606, 1.47068878308652, 0.6004690249761653, 0.1030489894905487, -0.682902535482228, -0.8226730881914566, -1.429290997238023, -0.8567990084210496, 0.1279601499966019, -0.1549214349079678, -0.2830275362221702, -0.3212181957802118, -0.3934427023043863, 0.826736917460395, -0.3405739312252689, -0.5657808173681791], "noise": [0.1375996487580932, 0.1825854771613068]}