{"unit_log_population_eM": [0.1655522403994453, 0.1739703627175221, -0.0790442372348116, 0.6444292871789123, -1.045997686444494, -0.7648202929911959, -0.8948714477785427, -1.026299912509786, 1.011471776317361, -2.857022758670881, 1.519600249028861, -0.8514576552416768, 0.0738702015102419, -1.221016918667854, -1.182583832380567], "unit_log_population_eS": [-0.0880344286759507, 0.1152825741192762, -0.1779809108227798, -0.2069351750726304, -0.0164893559235508, 0.2073485283909127, 0.0165249835999435, -0.4842643023070822, -0.1662658858978332, 0.0526764595073092, 0.1071431747142849, -0.1595695332496712, -0.1499935315546716, -0.1405607618706684, 0.5127174256351327], "unit_log_person_params": [0.4089195441804311, -1.177006080901141, -0.709032540943725, 1.459767094943343, 0.8176735216192453, 0.1226414373627633, 1.10052968177412, 2.410795466434263, 0.2275308505720094, 0.1213810876152638, 0.6061643250843333, 0.1965607505556559, -0.953138829844537, -1.176442613294257, -0.2280520172338364, -0.8488174724383243, 0.2174609815571993, -2.247982039694655, 0.3222135862254274, -1.207609639130209, -0.1154316312792684, -0.3343109067194603, -1.098145600780487, 1.033314196397384, 0.7809613983923648, -0.5863384200217123, -0.3007593921972848, -0.0079246050492888, -0.2009403599802643, 1.294432911497311, 0.3004244146397584, 0.9657315613811408, -0.4582409880859464, 0.8089234722702532, -1.263803547635034, -0.2559074947247066, -0.4832770059464311, -1.497779342249091, -0.3580789455421017, -1.123556812604482, -0.1747434888332405, -0.650346829933068, 1.359144811116538, -2.560799365641595, -0.4999543537732113, 0.8766605741985658, 0.3120952085920811, 1.127679931082232, 0.7965441809151508, 0.1218682787534081, -0.3231919955301194, -0.3350107379140576, 0.1507658596714924, -0.0518390716088498, -1.178246693114177, 0.3558578358987862, 0.8255211400835838, -0.0797517590025502, -1.156595098276501, -2.131061001450661, 0.6602978864356089, 0.4758499751234426, -0.5529041216809945, 0.3541204601672488, 1.496268713336106, -0.2528819140544198, 0.1566068936193353, 0.019260620496014, -0.2195211173029961, -0.0083608139629419, 1.544512023147942, 0.1226681028415878, 0.1085948423125522, -0.6684964090697405, -0.0750411708299917, 1.019493574010951, -1.418213206261167, -1.940292972080767, 1.182311073947582, 0.7599974071546204, 0.8622082430122192, -1.019506348395326, 2.467725526905505, 0.1414694722931725, 1.092012016798946, -0.2100698931258942, -0.3522198967989741, -1.312969977063207, 1.469497504564891, 0.1790972608507161], "noise": [0.1563232374840265, 0.1853528774931902]}