{"unit_log_population_eM": [-0.0221562345212357, 0.6787306606199018, -1.037695178831687, -0.6190387306531294, -0.174586700736306, -2.140172133042468, -0.7389586427542952, 0.008711523992649, 0.8216746571191819, -2.82968895556059, 1.125510455207664, -1.054513855366168, -1.06778929543636, -0.1879610739196518, -0.1603319811303967], "unit_log_population_eS": [0.0976949823030034, -0.1014572932268617, -0.2340657602682573, 0.2942934198285039, 0.4747224538619393, -0.2447137226064761, -0.248303231098871, -0.1250853764693556, -0.3116342359422422, 0.4741145380277907, -0.0961437821803455, 0.3313253765653211, 0.3541471390653978, 0.1829270975098061, -0.1367177790213077], "unit_log_person_params": [-0.2255103401971281, 0.127751497709041, -0.7447424539764116, 0.9172398368797808, -0.0626093492730805, -1.365603076044245, 0.8915957125327383, -0.6953337943846214, -0.2246877948568504, -0.7476264888546612, 1.00400268905101, -0.4355118911331732, -0.9334106248419792, 0.7068099535531126, -0.0208159388514038, 2.231284348376691, -0.3337064432181738, -1.636036878308332, -0.3707483643103718, -0.356159994197627, -0.5176157429526629, -1.003933477345963, -1.250064050534955, 0.4533052426497912, 1.965794423406092, -0.5011907409988214, -0.321019765483987, 0.302151546125729, 0.1455150461663902, -0.2659182406067449, -0.1784756670814165, 0.2522529935336758, -0.3450174786480958, -0.6498152261558227, -0.0357682535677991, 0.2031093421563742, 1.00728573357069, 0.0408154937203857, 1.302192836524558, -0.320290997985093, -0.3560013374189648, -1.094395488423823, -0.8825501782988414, -0.024524884963675, -1.619893702312081, -0.7456641225447677, 0.842855843091739, -0.8573886826506353, 0.4051700437806625, 0.473116390269367, 0.3005025092566481, 0.5648317828920492, 1.471399801536206, 1.181151559225664, -0.51737438689107, -0.8180309474425234, 0.7295009723965868, 0.0930295591913521, -0.9287815572387664, -0.0379419758937026, 0.5822911627123273, 0.0098954266190222, -0.7713372216197997, 0.373441948616587, 1.487608980929957, -0.3372555305115006, -0.4867377306113825, -0.7046130383953265, -0.7500916617858708, -2.025204896516124, 0.5397756044920052, 0.2862909338568965, -0.9493595576433792, -0.4875667254105159, 0.2565135704503944, 1.04138057933605, -0.1308902257794242, 0.4436698926083975, -0.2846341013669269, -0.819303962343937, 0.7038800239154814, -0.919471376338678, 0.0875203132537544, -0.2322271805700477, -0.0818883499835267, -0.0762470730667949, 2.348809352680698, -0.2216897297465344, 0.624028344277938, 0.918514089747248], "noise": [0.1478485352112536, 0.18800998728718]}