{"unit_log_population_eM": [0.8560031462688531, -0.4258025056734475, -0.608066873807087, 0.9240723784365764, 0.0088206482588645, -1.807166877775065, -0.983830120492631, -1.994754503344475, 1.159003116097471, -2.5244274981937, 0.9448659477829842, -1.650765087769949, -1.424907495792487, -0.3494640731121391, -0.791472692956347], "unit_log_population_eS": [0.03942205849914, -0.4300958898355113, 0.1712858498799564, -0.1387287453017194, 0.0036596737588442, 0.3231978278410961, 0.3206791218940866, -0.0041712436336022, 0.2818755940640693, 0.0454554460782196, 0.0615653728909985, 0.3343766145041771, -0.3655230777939695, 0.1945198978447585, -0.2159741728148293], "unit_log_person_params": [0.2675550113707019, 1.148949783508612, 1.94457662460275, 0.8987357794978063, -0.3332701136626205, -0.9813467681667736, 0.1640535119734982, 1.170533710150674, -0.8292371468205348, 0.9309303089082684, -0.8489728949085582, 1.703161786845603, -0.1180971636187064, -0.409251321648365, -0.6968721670433549, 0.256375109622751, 0.958180235452696, -1.294121027960097, -0.4588582127364929, -0.0236122532116755, 1.164358865147122, -1.387813085249012, -0.7848713590896996, 0.5111728767174728, 0.3356444524695975, -0.2874032603587923, -0.4438977365487243, 0.551971898769016, -0.365887525580312, -0.2102537273028734, -0.6570393242493823, -0.6783295747398806, 1.009991021118953, 0.0117538490634166, -0.8526030073881539, -0.2736953523965253, -0.6321456877526078, 1.134467423556424, 1.661438455175872, -0.4882955804309316, 1.417171577480688, 1.288143278913259, -1.620526307923891, -0.620532091856761, 2.36393968229675, -0.9740341871781611, -0.1306460706797615, 0.3024009103157013, -0.2427678526022624, -0.0770589195609231, -0.4903370137082723, -0.1287604024551187, 0.4044016240873056, 0.2924114384288383, 0.3034229977648395, 1.619809789100568, 1.194588862617782, -0.5399114059267042, 0.2253874409784072, 0.2417958949624445, 0.4641772107171356, -0.7380573748453447, -0.5168797316408023, 0.4496331607764337, 1.739773636753987, -0.5589297756285554, 0.3798964157418039, 0.1032222400623379, -0.1692307056894806, -1.352307713759316, 2.059444796740756, 0.6871607252842067, 0.9992245890087266, 0.7033362191099112, -0.2643852427966599, -0.4175688939584691, 0.0101626114291141, 0.6683204427752687, -1.193270426129428, -1.671107878334179, -1.183118521119435, -0.7006880879610302, 0.1422276539386955, -0.6444154327636734, 0.2422695682464985, -1.700242990061752, -1.212433201344187, 0.2386033539037792, -0.8690652683673796, -0.024947655022661], "noise": [0.1247863758893666, 0.1369253239345688]}