{"unit_log_population_eM": [-0.2684745132739402, 0.6311693203981825, -1.161645673184459, 0.4556868604400001, -1.543976626023337, 0.0534282203733926, 0.4495634591649276, 1.003779570246507, 1.256139875934369, -2.748954291057003, 1.808129457868419, -1.421415896256811, -1.460972598248424, -0.9226705390968708, -1.160440448737811], "unit_log_population_eS": [0.1517513404155476, 0.0341019046329503, -0.0703609206753282, -0.3512557845148385, -0.1513998415771834, 0.0301925691843701, 0.4058868246729468, -0.4697649482729568, 0.0084447196614818, 0.2339954744388339, -0.2175236215918087, 0.3146394953345012, 0.1159689257217841, -0.1217095460319812, 0.0041523176232004], "unit_log_person_params": [0.8523791347165198, 2.064732882151105, 0.5167900947056191, 1.570504894281901, 0.438044196387621, -0.4124653975498546, 0.8782168491864473, -1.678186170584568, 0.383121282460503, 0.2735689788549517, 0.7630681646665034, -0.1105739976861201, -0.6263034782574912, 1.352701538017766, -0.315989449804542, 1.782446609254317, 1.605933577295202, 0.1934284110522579, -0.6697122307023278, 0.2101908886597706, -0.0812922253968465, -0.0475540045690178, -0.155515353059141, 0.4773481263922829, 1.121287997858713, -1.34915302578936, 0.7364604390819706, -1.260310236806622, 0.8430403983215553, 1.587541799447603, 0.7333271442497657, -0.0050688457372063, 0.1548359259090212, 0.1409302417648985, -1.475314846903638, -0.5705447394981626, -1.990279706615643, -0.3137922001685801, -0.3697037006684069, -1.064083896796991, -0.685274648458281, -2.111273273581044, -0.8449369784136964, 0.1901172938552383, -0.0620027098348913, 1.636607551019846, -0.0983710680174032, -0.0053691133884764, -0.5115173161219729, -0.2691138273918199, -0.1138732739594312, -0.7106815824597352, 0.1758208118260098, -0.6554166355223148, -1.95355738955708, -2.460081343979998, -0.829450183448267, 0.8900537268412697, 0.3123777362709723, -0.6451406129003223, -0.0217797652256292, -0.785937388064398, -0.5006585790348983, 0.8436218151913131, 2.033053995790057, 0.4487941263228813, 0.0376148410801419, -0.0750017101507157, 0.1321639206434354, -1.189451009425714, 2.152397902908231, 0.330697946019857, -0.5877100600894417, -0.5739585606046946, 0.1120295684869769, -0.0417982690232384, -0.8909073758470822, -0.2555553502922773, -0.8860040907044376, -0.9354062840096404, 0.1876983103644986, 0.2274588140527221, 1.811343435407436, 0.3375048274321106, 0.8478431637373175, -1.61655316607742, -2.340807211321906, 0.4905928971855373, -0.3601649584440028, 1.335558416986762], "noise": [0.1259917483245594, 0.1793492422145825]}