{"unit_log_population_eM": [0.7268064787727802, -0.2006279886737791, -0.3849444374518398, 0.6336236266337311, 0.3784748879370056, -0.2644969966573747, -0.0301421824836975, 0.4726785415375496, 0.9261358314774008, -1.713238629283509, 1.349567452461177, -1.207340626751363, -1.540795575293221, -0.6890783712263288, -0.8434705958737696], "unit_log_population_eS": [0.0232979674200432, -0.154406418220526, 0.1871591685067868, 0.0832159955281019, -0.0206319724337289, -0.023991377494742, -0.2476875041040345, 0.5916138302005032, -0.4843954202865721, -0.2893479852561873, -0.4874568554342775, 0.1253536632981162, 0.4255043999283978, -0.1442801639590202, 0.2973947030681036], "unit_log_person_params": [0.1120741050657954, 1.071070244329106, 0.3340470791574771, -1.012135999918742, 0.7069425631756482, -0.268325204677587, 0.7207061822912542, 0.5962282182172631, 1.126609532431031, 1.290956385491954, -1.02669900994376, 0.3972624814158259, -0.8549799216434361, -0.5411092944936167, -0.6628985684359817, -2.283170343003596, -0.896386772115413, -1.548108930378952, 0.6585334092796498, -0.098804237317965, -0.9365089084261334, -1.716376191475832, 0.1171719638966441, 1.250123643546215, 1.986260108835112, 1.522865376975464, -0.4247842671411218, -0.020281198970482, -0.4290486790168915, -0.3018473046879336, 0.1396430653882428, -0.4137275578329132, -1.411059568465062, 0.2339917401669631, -1.184270812101991, 1.156347914511092, -0.5325393177978257, 0.1978906710872627, 2.918008007614412, 0.048489173377315, -0.6599375002077628, 1.023176649738483, -0.5311994993712706, -1.123554940186677, -0.0524585112139426, -0.3896581890236033, 0.318791221066735, 0.3744158527292615, -0.0304473890860228, -0.0376458018278595, -0.1317906034157776, 0.3435024846942342, 1.482998385878236, 0.5796925516974322, -1.098083328188529, -1.634667898320806, 0.0746383783590887, -0.5915732469925497, -1.529559801518646, -1.28591103581127, 0.1746184347138012, -0.4799151684070646, -1.670867042171341, -0.2262649561774665, 1.474176475056038, 0.5125110647962806, 0.2583771101713684, -0.6953957188631071, -0.6600179213984688, -1.464691858020216, 2.106356213642671, 0.4523830067239163, -1.499824266800728, 1.269675205988457, 0.6664904217636396, 0.4510460679605951, 1.588052267005807, 0.1403133449440407, 0.2213883095186563, -0.8634069562541892, -0.4105173276366982, 0.0562556415082475, 0.4538643960016171, -0.0226101413428754, -0.0957715736214448, 0.8279909512562678, 0.6396669036654502, 0.4945122427144303, 0.5424319421721968, 0.2750641552282766], "noise": [0.1266048337012874, 0.2012706191631256]}