{"unit_log_population_eM": [0.591678437966788, -0.4311318829119575, -0.6902750006559342, 0.1509335167138535, -0.9293174519659488, -0.9531827074694276, -0.7665031327193458, -1.416582821711877, 1.2519897865367, -2.240953320819211, 1.413720485139235, -1.451887834827357, 0.0840191545924843, -0.3967410858055873, 0.2549143963132787], "unit_log_population_eS": [0.0616800440089795, -0.2772436352068655, 0.292236710140539, 0.3033649125013833, -0.1274710844441782, 0.1627702288080642, 0.4291280439019812, 0.167531559879266, -0.4975193032882347, 0.8280046426893473, 0.1175855344457157, 0.259676664621233, 0.4403155419246086, -0.1347603002758882, 0.4183524286403494], "unit_log_person_params": [0.4673989148083454, 0.0768159312526152, 0.2555532428688532, 0.1341866291439803, 1.555138166965235, -0.3748457177415577, -0.4105235362082895, 0.8029697740958586, -1.638294986613611, 0.45082742520323, -0.4008737166599073, -0.4007581711004867, -0.4434068540161957, 0.473407579379673, 1.510418172002348, -0.2695239710831896, 0.2433981776326073, -0.7503290570516207, -0.7923294128250763, -1.243392608729879, -0.1240946879229705, -0.423386671573601, 0.8352922879787801, -0.066927468501281, -1.402813972651664, 0.1315523556840868, 0.7740448191770278, -0.1172115787687134, 1.214067345037312, -0.0369530513870398, -1.111135468382396, -0.4310676558835516, -0.6137171345864633, 0.2939462739182619, -0.5263578991337626, -1.372820092832105, -0.334070719262508, 0.5004149694038486, -0.0915875591633861, 0.3319967808863323, 0.6537589186719409, -1.386140351963776, -0.3131982129252793, -1.742159649625918, 0.4029130353819111, 1.446347199672702, -0.1864941352472715, -0.5235427210715596, -0.8020180529635537, -0.936778744406399, -0.0960523460669821, -0.5882987939967181, -0.2622128063070975, -0.537649356059212, -0.9147056696112228, -0.7967115882326133, -1.185120564064368, 0.5468001766231751, -0.0512556590718121, -1.254667581804128, 0.0886567683409303, -0.4114314788301032, -0.0991405020652873, 0.2449232590770081, 1.159807678211183, -0.3794637726729302, -0.2933108353604811, -0.5147002632538626, -0.4590639526033675, -1.25422340540977, 1.980768425318431, -0.2692011604801102, -0.3994118383353473, 0.3460729435697054, 0.0954571925660296, -0.4761447560242603, 0.7731603273737822, 0.7666645525077286, -0.2807932122578281, -0.9588252533965288, 0.9738900094593154, 0.3117678945033751, 1.042968671994526, 0.0118932766114958, -0.8266349307793797, -0.7755230659776293, -0.6922805285442475, -1.394156094046317, -0.6884252291859925, -0.365053971190707], "noise": [0.167117017206815, 0.1844324508531267]}