{"unit_log_population_eM": [-0.3656037811546636, 1.748937308753525, -0.6556433331450442, -0.5820409909780068, 2.354503483862838, -1.023093703579311, 0.3101407703094012, -1.398713728727304, 1.466102569836571, -1.971307065148469, 1.421925000029054, -1.006668233410241, -0.031354704366756, -0.8406383150849053, -1.249130313616116], "unit_log_population_eS": [0.0232148194073055, 0.2361495358716538, -0.2772845384233673, -0.0018362031397436, -0.1454304110561484, 0.2264608704050564, 0.3378466847037122, 0.4932012483348706, -0.2859152323177672, 0.0569094273503125, -0.2782188817673938, 0.0813670285126736, -0.1108790211769887, -0.1535564695917988, 0.0268691578482923], "unit_log_person_params": [0.2341948893327803, -0.0355536645526895, -0.5089750540709428, -0.6570761419701132, 0.5207759978232994, -1.358706287585663, 0.753091987028145, 0.978011825813348, 0.4106697174438599, 0.7208887850569178, -0.3477459221718399, 0.1210898768103074, -0.4255010991888413, -1.000268494433999, 0.4104819316519225, -0.2340916745670818, -0.7140049601453452, -0.5698134630087317, 1.855978471602448, 0.2253680168179324, 0.2836764224333182, -0.3910926570776776, 1.613073805125177, 0.6222732854949129, -0.475791891874602, 1.112270668543858, 0.5511383199048275, -1.095098897503233, -0.9287167686189296, -2.295826680557157, -1.348040698184216, 0.2513981085009711, -0.6294767818921816, -2.016824196531587, -0.1485782004038483, 0.1375606439337576, -0.5947039596867648, -2.219195999647317, 1.192800767504915, -1.110999746315496, 0.4279851996823901, 0.9374947004040736, -1.196914957610254, 0.5694299902479971, -0.8947224042793848, 1.037316954202523, 0.0511332983372168, -1.335745324907492, -0.1887530168902014, -0.8654681487472098, -0.8484579627492622, -0.5950666191531434, 0.0182990160884884, -0.4627451474053959, -1.23329190712202, -0.6154976352809268, 0.3043484730260563, 0.6905387834648695, -0.0097413525044755, -2.100380441244888, -1.544740427800684, 0.1946622549907214, -0.5168488788581105, -0.5171982583988916, 1.743430482407184, 1.270318554618713, -0.0665224989666151, -0.5369185741904239, -0.0834182588501293, -1.283091591571422, 2.361043528157591, 0.5617042587187389, -0.3252379440242338, -0.3668743141399399, -0.2883557577595931, -0.7145023352352176, -0.5400344844159228, -1.35520239208045, -0.2303502986008958, -0.9583071766557232, -0.2663592224001418, -0.4976501023632959, 0.9313526920735162, 0.4828178688558129, 0.7030383380199525, 0.7368385418811529, -0.6982319792820137, -0.2188723263463573, -1.804930516771872, 1.660747234439194], "noise": [0.1521692490331728, 0.1703828058429877]}