{"unit_log_population_eM": [0.4678117011553516, 1.465123161549543, -0.975665664292888, 0.2589871891473431, -0.3970960301031479, -0.3212038867519073, 1.028739207382927, 0.4694646874207698, 0.9825184647648736, -2.977936478535423, 1.595996862561299, -1.376926140820623, -2.616806652317851, -0.9759997581192992, -1.122990509244653], "unit_log_population_eS": [0.0045510877404043, 0.1236756384197169, 0.2048772809731898, 0.0692303588214048, -0.1993483052657111, 0.3841207741890847, 0.0542177505850378, 0.8289479968703518, -0.2661466422708079, -0.0114783226035989, 0.2149044611169834, 0.2367280480224843, 0.1097515520538286, 0.2248854959229284, -0.3968518554289247], "unit_log_person_params": [1.13849733153224, -0.1214253044835754, -0.1401532743697715, 0.7434404834023638, 0.0589879159318959, -2.101353204868944, -1.173134572966539, 0.2422332196405821, 0.1688825332942304, 0.1134338833889077, -0.3856368849034302, 0.446940185311653, -0.0790866536478346, 0.5552792102594936, -0.3086091820712952, 0.7842716982329517, 0.0549136771787103, -0.7810246733932361, 0.8312341163824475, -0.2975142708016765, -0.3030521351579947, 0.2126008808462898, -1.173574576331602, 0.8579662082266192, -1.567007832405256, -1.720691510150729, -0.7756041561872965, -0.3505544911960752, 1.670596789120072, -0.3416196218007417, -0.8456569371516861, -1.241635366546418, -0.3244036145286084, 0.3656365098352044, -1.086346286747196, -0.0496792593823833, 0.0974482124707495, 0.3708071959734848, -1.302349987490959, 0.7816233089202983, -0.2797220709639515, -0.1282398189888476, 0.5492084262116969, -0.1764721616252766, -0.4382339163148242, -1.563345858437876, -0.4499954583875623, 0.5546871787067124, 0.1810943164093101, 0.3633763389331888, 0.3473076390873945, -0.203190547301346, 0.8946599033425715, 0.5791352095890009, -1.269557021315541, 0.5610667784884934, 1.61103005002394, 0.5322381217044813, -0.7298372636954054, -0.0503697719232747, -0.4240926581051803, -0.4764580018957214, -0.8054138870118017, 0.4535723398731071, 0.2761396331641165, 0.5630767578814608, 0.0503725697651339, -0.1161914741190711, -0.3305406684040303, -1.447346351232037, 1.250036772924843, 0.5374188971223132, -1.134035837980616, 1.714765346644595, -0.0419729303955521, 0.7887661574568238, -1.750157881299481, 0.2239891636727361, 0.6892807395262334, -0.2378036036475826, 0.9604274546720546, 0.9016126795058989, 1.94040036913028, 0.6122136696124686, 1.169157495424936, -1.519986313276855, -1.663921974231402, -0.8587635000805104, -0.2144863033168652, -2.06425977651038], "noise": [0.1451935837751155, 0.1729191261909378]}