{"unit_log_population_eM": [0.914189295479891, 0.0499573547889875, -0.806811771947317, 1.68476246477814, 0.3864626104116484, -0.9607140014098658, 0.2967686849126957, -1.079312991335565, 0.941951269787206, -3.081690356688118, 0.9915896699646056, -1.144640269551297, -1.229982464407359, -0.858233846373669, -1.123358450177022], "unit_log_population_eS": [-0.1294893651667648, 0.0366578743846253, -0.067561641803813, 0.281937498901759, 0.4032657044107125, 0.1076606865248818, 0.3000780116342713, -0.3852297970332675, -0.3007255946711365, -0.1229228010447321, -0.1444014615269252, 0.0480950894697914, -0.2367037013533419, -0.0708129076266594, 0.1051854243069778], "unit_log_person_params": [0.468204362161485, 0.47618882346951, 0.0857546270193816, -0.0518196863965641, 0.1137688039476253, -0.1887848137645718, 0.696511725978095, 0.4194609751387494, 1.129958961797001, 0.7187108836212304, 0.7118614143145312, -0.0222703507373786, 0.0014779193041039, 0.2528442154374712, -0.6980206263322128, -0.186020081293745, 0.1272069654051346, -0.6024335779637443, 0.4148283497562614, -1.076793853382572, -0.3379594588907476, -0.5493217564341221, -0.4955393601285246, 0.5388529615027526, 1.201787512441046, 0.3154694234038517, -1.819947116979592, 1.672763793131623, -0.1302361174168934, -1.862518987909833, -0.3624683443088599, -0.0147526601947906, 0.5815586396469242, 1.739553743121499, -0.7530362779296743, -1.219495851265736, -0.3771737240873929, 0.2770093443690221, 0.0821858616716462, 0.211592898373946, -0.1144793083861904, -0.9609005583081568, 1.659342670973641, 0.7416402733443958, -1.065061267084508, 1.020641839530493, 0.4259256083508505, 0.7532181984532681, 0.4977492848749965, 0.0909102950088781, 0.0025475861615977, 0.1196657060334903, 1.300250401032005, 0.3715357122131441, -1.001331452821174, -0.8306420475810734, 0.9191145403951348, 0.3304993300990856, 0.8607821659943089, -1.449282013695811, 0.2062883874379999, -0.3477293624122106, 0.5656264233769815, 0.87734253215889, 2.135271634208635, -0.9697316734234228, 0.344812875571241, -0.6992758080022247, -0.2667983319438639, -1.143885068795441, 2.574720512724476, -0.1894962759869405, 1.280664504159898, -0.6237587219824722, 0.4011089212381916, 0.0885090084634454, 2.445333823348693, -0.4346648010014172, -0.7000335970570319, -0.5840890488573744, 0.2327616974100469, 0.3091196235793999, 0.6015351555027161, -0.6006058474240654, -1.242331182626242, 0.4776211943902227, -0.582874341259937, -0.0334975261585544, -0.860128867293898, -1.539777153942984], "noise": [0.1357051190132694, 0.1702125474811018]}