{"unit_log_population_eM": [0.3290772320728831, -0.1190025128893661, -0.8352703975720807, -1.102363621146454, 0.7344474375346611, -1.067111673259985, 2.139253918406246, 0.778695192205309, 1.00814535775393, -1.70601420475571, 1.562785336810189, -0.5379763076854155, -1.996014398443256, -0.6734806920078938, -0.950960757281976], "unit_log_population_eS": [0.1120682586617762, 0.1509432114965144, 0.5259212573174596, 0.021578867056791, 0.2161226274516915, 0.213537093976978, 0.2225213531095812, -0.296828392831174, -0.112452033301789, 0.151536464310145, -0.1816224633723019, 0.4014584469461282, -0.2413349919217388, -0.2386951335455742, -0.325615478506453], "unit_log_person_params": [-0.7907209009569967, 0.1714957232350874, -0.8629399569099061, 1.991557834912214, -0.6469283473735351, -1.973371671960513, 0.7760458096317654, -0.5536165136978156, -0.0722740060036553, -0.0631195921378864, 0.7190010557473361, 0.0703728051563766, -0.9982937488718044, -0.0419689902019857, -0.033998717972479, -0.6616933983692102, -1.063307780691118, 0.2733309778741861, 0.7964223806062278, -0.1944593203156716, -0.7899142816554401, 1.517395204853504, 0.0171068300619389, 1.050518140979156, 0.6237795250844642, 0.4453157048656389, 0.1378273857894666, 1.468090940217521, 0.5360625389436686, -0.9697333914122775, -0.3856767481683799, -0.5872510855764783, -1.347448736337818, -0.0870902520207196, -0.7935351309230126, -0.7840322820658903, 0.0828248972985114, -0.0422007737416903, 0.4077628937599571, 1.478456103668735, -2.118304367598002, -2.312754454938326, -2.423207153983435, -2.470562439276057, 0.2010758477907516, 2.584520714225292, -0.2195132186745133, -1.127866921407038, 0.5558722873233755, -0.0112312476873944, 0.2221437739218133, -0.0077953339912624, 0.6958068482848767, -0.1124909023803817, 0.3591358680803213, -1.719726736730875, -0.7840228597151773, -0.2365596506719879, -0.9264947733594684, -1.02263085790916, -0.1619527691970358, -1.081073704009913, -0.4586214155512952, -0.0265338597971808, 1.067189667243293, -0.6177460688558709, -0.0002666939383061, -1.296417316921709, -1.049110656402114, -2.194127748944655, 0.9286957653265842, -0.4269065826152573, -0.9825702811936454, -0.1383465231459379, 0.3652350376250171, -1.032517480359005, 1.025036677455252, 0.2112064937074694, 0.4153048662441751, -1.822490413222439, 0.1800606483835253, -0.583037257564794, 0.3125274198152719, 0.5004843622393587, 0.9199592354216476, -0.4199885775687298, 0.7084095581868263, 0.0511918657514974, -0.6713716513055958, 2.125191753115543], "noise": [0.1371152009542638, 0.1540505624997814]}