{"unit_log_population_eM": [0.6542858863844601, 0.2107221970396759, -0.9540904861691104, 0.7742737643402304, 1.163147956444331, -0.7696314084473287, -0.5242698107695793, -1.290158946628685, 1.177486013048977, -2.921645178672243, 1.533357502923635, -1.401189458943598, -1.134553459168834, -0.4731400210983409, -0.43593538852657], "unit_log_population_eS": [-0.0980219631563897, -0.1837628374616868, 0.0548412948471409, -0.1853150946742581, -0.2346194688570857, 0.7096725928195381, 0.0973362884306756, 0.2827710239099331, -0.1852169819073362, 0.0804441621390867, 0.4554421316362801, 0.0758828733301231, -0.5561062865369875, -0.1707304355496252, -0.1981187350919496], "unit_log_person_params": [0.2691740625448908, 0.1584862793957241, 0.2552772758651781, 0.8826959672136283, -0.7694157625358911, -1.088113014841155, 1.665107487724793, 1.904097748533105, 0.0473887911505318, 0.3588803342756423, 1.644567109017586, 0.2021733300689308, -0.1089727300033105, 0.3838717563512811, -0.1550677894940924, 1.51671281712325, 0.1677294642912554, -0.5887661457201797, 0.5722121643368944, -1.183853274437767, -1.060303121290168, -0.7958935442141212, -1.480809627905574, 0.6820096796580658, -1.276837410857407, -0.1871817614988936, 1.341686834027612, -0.2610677254348097, -0.8232138732147808, 2.16029756517861, 0.2477721279993801, -0.2531522350375311, -0.221975677478114, 0.7548626846556977, 0.4028536489206461, -0.2080838626718104, -0.5572173029990093, -0.3821298607409996, 0.8051752937693105, 0.6298052882292672, -1.007865575404042, 0.2005721139609665, 0.1914584101985195, 1.049793883785859, 0.6075320800217918, -1.736997081851657, -0.4629392782219493, 0.8157833892244297, -0.8905381134239171, -0.3090682214920482, -0.7505875691804026, -0.740657922750349, 0.7887269688065849, -0.1600566102753009, -2.578722086148668, -0.6611770702930465, 0.2623356549411625, -1.78793328679285, 1.097412290145591, -0.7915188627792041, -0.3393113030798947, -0.4741732292814977, -0.2552737433056063, 0.501077286422384, 1.800462168857491, -0.1407214719766036, 0.3944677832044734, -0.4780662578534197, -0.4859884031602321, -1.966875468994703, 2.514772078607128, 0.8295456839608486, -0.2131280812121212, 0.2815838255623823, -1.067192399214655, 2.639568375252529, -0.8488143867427841, 0.6760792712868355, -0.8491878720808705, -1.57042470284731, 0.7567182078616339, -0.2715173448010387, 1.374938530044158, -0.4509407104696366, 0.8300746346922238, -0.7175655132530105, 1.182382911831455, 0.4177769522088419, -0.5531490232250363, -0.2527942773588739], "noise": [0.1645369985544946, 0.1551639887520018]}