{"unit_log_population_eM": [-0.0193459539989538, 0.1311365689208658, -0.9233731698538314, 0.0327941310771311, -0.6274330228088127, -1.943879507687076, -0.5423203019488783, -0.595817683233814, 1.10636255660822, -2.907438861841901, 1.153311260033634, -1.202162159775985, -0.6563250174190627, -0.7204584850088973, -0.7859588921771378], "unit_log_population_eS": [-0.0181372352262644, -0.1757931397183401, -0.1379542369069681, 0.0604826245964695, 0.1519009487443502, -0.4294906431716521, 0.0684450120271188, -0.0790597167032618, -0.3809999938014907, 0.0911691025213289, -0.0282408531303707, 0.3713848350473824, -0.2204725502382916, -0.1816193500920036, 0.0734841292499963], "unit_log_person_params": [0.574845485557721, 1.193521171289613, 0.0116752460592713, 0.701511516006504, 0.1127554920158431, -0.1815708348694606, 0.5106943981763925, 0.2789519523482204, 0.2644343038516557, -0.0396296497755568, -0.4117264479893729, -0.4079145831568508, -0.3864953726936288, 0.2038139060075506, 0.0362354282204461, 1.035348108601549, -0.8922416707577059, -1.073072861633206, 0.5317919715503261, -1.000302506465028, -0.9621549704899788, -1.043891009144823, -0.1203843654955964, 1.195303085747976, -0.6988775588134978, -2.911315408452833, 0.0710315932954402, 0.556793259183991, -0.1262125634807527, 0.8436798745573353, -0.3104231216006089, -0.7890048888209678, -1.346444113695735, -1.190524903298675, -0.825565342584725, -0.2904458832864285, 0.1404018146623051, 1.278499154002084, 0.6112264726991619, 0.4812480436439556, 0.7538658405579268, 0.2461242300460303, 2.756861076596901, -1.728634761109966, -0.0641064562711565, -1.035361441338448, -0.6943934883033409, 0.9720458464547852, 0.294404541401985, -0.3065152299339916, -0.3675900698328042, -0.0700073613672661, 1.10045704646782, -0.2152100862784034, 0.7069631605363136, 1.67819369056706, 0.759045812373785, 0.498877189486983, -0.8507532639670689, -0.0181309745818175, 0.0988248769641227, -0.0754600450969528, -0.0103249100823212, 0.2363591567059514, 0.6545942912902747, -0.3788569507633312, -0.0180633439566422, -0.7408792335109149, -0.171882996451004, -1.529806980647166, 2.011933945231282, 0.220868200270379, -0.2747436050466274, -0.1085032212272136, 2.90386321748659, 0.1344499277025228, -0.0190894979923457, -0.1003610849272852, -0.3449241391801248, -0.089333948302684, -0.7117403166324372, -0.8410885105239267, 0.4967105364627469, -0.0526387555231309, 0.3901643687953998, 1.785760105268914, 0.6578979329092716, -0.8994098287045357, -1.429185982250031, 1.020513736432889], "noise": [0.1409434367400915, 0.1553520560739214]}