{"unit_log_population_eM": [0.7278027003649931, 1.10678950684947, -0.2838904059769365, -0.0775980708508049, -1.059455093634602, -1.110981037022612, 1.239860929882222, 0.5180462902326126, 1.11014440919604, -3.177995443996824, 1.92108508559734, -1.090168847765962, -0.6887152557108782, -0.8410398282663369, -0.8360609592210203], "unit_log_population_eS": [-0.1884081630864602, -0.0445664775639779, 0.1901652497769123, -0.1410287747558946, -0.0248632638225575, 0.7378776973691369, -0.0476448429191798, 0.1048109473772411, -0.1332419832240275, 0.0553805001454288, -0.2128378369684312, 0.3234434245059919, 0.0465703160630054, -0.2371826190489, 0.1592814029547287], "unit_log_person_params": [0.0454571725482459, -1.165741733710778, -1.22584112777289, 0.3907801211081044, -0.8415531214222668, 0.066272584463332, -0.1123165535891468, 0.7907980814910647, 1.122078172601486, 0.1662769346668342, 0.6882127987158244, -2.025683061902326, -0.3627896014978596, 0.7336779030441263, -0.4640425417802444, 0.6239227629130898, 0.1887792298062144, -0.7316930562741836, 0.1102131011943091, -0.6519512874109932, -1.134591060972467, 0.1394055234330857, 0.3906955966504747, 1.676008832930919, 0.0777344657505284, -1.535979526422227, 0.2944637422227659, -2.103497303220854, 1.402899228080348, -1.218043204878655, -0.4998907112375734, -1.467842797410125, -0.3341993950273007, -0.6819289236233701, -0.6057898254114182, -0.426720260309252, -1.744579006933066, 1.1014672704207, -0.2524995509358307, -1.647892213475547, -0.9519363118727496, -1.772625172090599, -1.28305944707688, 0.9644727081246056, -0.9821374345836564, -0.0404100826147026, -0.7497583374730893, -1.017639183921618, -0.1318788171748478, -0.1660954526613698, -0.4016442039355617, -0.0088025976064489, 0.4378013208319105, 0.3706652238809292, -0.9482958810657942, 0.709389912436401, -1.35279446523292, -0.0924036385273957, -0.0127287381640609, -0.280575389407929, -0.6992087439460757, -1.766395318917844, -1.605191140837757, -1.89091112737069, 0.3938434500362494, -1.54419194959668, -0.3982436865467727, -0.4545687610707159, -0.5276089923570729, -1.684397739072171, 1.951365324969595, 0.166542559734123, -1.352985743828189, 0.648233527159763, -0.2346536374567091, 0.2765675975351305, 0.9198250495101096, -0.5102100537677593, 0.3805002540372853, -0.9103162313147852, -0.7079031352607354, 0.0813622007348682, 0.0304493393937033, 0.5596977054257157, 0.580926902872245, 0.0771867286038352, -1.303952086107527, -0.4016429921691409, -1.674225010872846, 0.6183733373368561], "noise": [0.1206198900129661, 0.1717792528242324]}