{"unit_log_population_eM": [1.466468324801682, -0.2124653443867267, 0.4903522657356656, 0.6000015169175649, 0.4116468684231857, -0.5811805462252965, -1.260017391184738, -1.393092368335351, 0.6986861365881644, -4.370267179219817, 1.562226882551126, -1.720111506457673, -0.9192046675423234, -0.3947779844086592, -0.4387576048929469], "unit_log_population_eS": [-0.4623486971648137, -0.1498535229853403, 0.1732999796070362, 0.6253773551402818, 0.0155784644745413, 0.4255022509213642, 0.0512767234385976, 0.3381111223635277, -0.1613090488631423, 0.2217330534882408, -0.4770076519176745, -0.2032382044037745, -0.1421921868685327, -0.3460509842609884, 0.0964493575500051], "unit_log_person_params": [-0.1305735287735827, -0.497310988902623, 0.5956169008188222, 0.6419709644673329, 0.2633130214475457, -0.0268920570655305, -0.0388812156234404, 0.8756111644713456, 0.4243000534533228, 0.6625703947095086, 0.5883204503659599, -1.550595097073604, -0.5138048370003596, 0.3592102596360063, -0.3949391792556385, 0.3276089342859898, -0.2299850131740262, -0.8873740315278507, 0.5880345655425852, -0.6883604762950686, -0.7030109421732118, -0.1630779637065586, 0.4877149405124344, 0.8935844836153236, 1.037000117958377, 0.8417999506275878, -1.582524143713498, 2.471329318722562, 1.757191601506481, 0.9706211752103074, -0.1625538035625185, 0.3125370014610155, -0.4128551801007361, -1.046855596292056, -0.5405341776473735, -0.3128365275746577, -0.5653789215287789, 0.3856577901114971, 1.18538121524597, -0.212599329282285, 0.4859538474036053, -0.175933819930048, 0.7247641909160791, -0.9323981957125148, -1.491207106760592, -1.747957199822517, 1.414418600799982, -0.6115301722904926, 0.5884992894245246, 0.2112004732213897, 0.4495818841270421, 0.5553240251882003, 0.3833990286174158, 0.6360834587933165, 0.0700266110262497, -0.0132009561900201, -1.446435978059619, 0.8404598462712345, -0.495800928250043, 0.2908238142569164, -0.9634104507256408, -0.0291547942704108, -1.460934355176249, -0.644999058028906, 1.842635859371007, -1.393481262459072, 0.9519540596932932, -1.281288794427275, -1.436025371846795, -2.303683877570804, 3.464027260028508, 0.0870676361959633, -0.7139816257522356, -0.825379429137228, -1.970631401765264, 1.350833143447117, 0.7388439409010287, -0.1253535296079423, -0.1207336828595321, -0.2617338291831461, -0.8562418222056444, -0.0154996318313052, -0.0771805248149978, -0.1963827001343274, -0.0494102747122224, 2.035215759069545, -1.076797141645411, 0.7223713759751851, -0.5152939491786062, 0.4566813998948354], "noise": [0.1560056929733893, 0.1830513064078079]}