{"unit_log_population_eM": [0.6911596215634982, 0.1334920808530553, -0.8974364670442068, 1.457101123077917, 0.5305700199812801, -1.036489414764525, -0.135441501552202, 0.8542618514862553, 1.292563774223098, -1.920091543903944, 1.450595904149303, -0.7035840214002748, -1.991785452127077, -0.9276834826675548, -1.260360110082747], "unit_log_population_eS": [0.1221125299831962, -0.2573581878512137, -0.0913507746151344, 0.1323128478590984, -0.2754192381972668, 0.1384961408602853, -0.1820016502294367, 0.4209892098380376, 0.0708343430754884, 0.1944039887708296, 0.1152240796645519, 0.237292529175385, -0.160024592867322, -0.0644226793137997, 0.1455960218591942], "unit_log_person_params": [-0.2916032070060472, 0.065751206376192, 0.7272446168689563, 0.2700506878983382, 0.0876021334131835, -0.1196205655516181, 1.296372770155581, 0.3869115457653869, -0.2348186739415009, 1.303859606457296, -0.3292552302372692, -1.137696759423836, -0.4799094568692198, -0.2076420843040049, 0.3143038953520795, 0.430457967259353, 0.6795571558648263, -0.0345880960283037, -0.92094610806178, -0.6788336270668638, -0.889795659913557, -1.600213347474295, -0.5991527537854904, 1.39298065037502, 1.711307082660269, -1.567059076625684, 1.30613398256759, -0.3458530353541216, 0.0957068708719316, 0.3036292086629228, -0.092231165709443, -0.916671337887836, 0.2236978194450641, 0.7416916357664115, 0.0710878335330009, 0.0297260141183393, 0.0867145559050641, -1.170838673395195, -1.825949892542408, 0.3721352554503446, -1.169393124299121, -0.2372631009799392, -1.203351900553773, 0.1928226110251318, -1.61034315918406, 0.2185806477764076, 0.3808874973008345, -0.8881406493044914, -0.5109515760862159, -0.461040500317847, -0.6601273063157344, -0.8577531330489209, 0.1882168295450014, -0.2934710926066005, -1.147194770901271, 1.412694123524961, -1.550631080268738, -1.635571252418975, -0.7187336928047392, -0.4956987683382774, -0.2047574643270842, -0.1203501577698842, -0.214267955544076, 0.3438224686958724, 0.8055485054848315, -0.0585457318251328, -0.3318318269192174, -0.4235598469057754, -1.20230888625063, -2.317805473385198, 1.55516188136788, -0.2218733918863571, 0.2804528347394059, 0.1789061785714738, -0.8607180584772289, -0.57814765103162, -1.677727305143496, 0.2753769883756509, -1.142046254846838, -0.3293214554483979, 0.827951345473686, -0.1191758453050007, 1.088863023923099, 0.0690127734041159, -1.227091949226058, -0.4634618581859037, 0.3914606247369564, 1.039229985318292, -0.3129281668925909, -0.6031002366655368], "noise": [0.1568572466665101, 0.1786407480747578]}