{"unit_log_population_eM": [-0.4206119145657505, 0.5124227025988127, -0.6558917752418653, -0.2325088906278209, 1.276850092556286, -1.05414150393971, -0.7856157812662783, 1.299085291830584, 0.9641175837474952, -3.251020541064807, 1.277388911425319, -0.9536199414384612, -1.998895495375352e-05, -0.608490714455189, -0.2180532428841917], "unit_log_population_eS": [-0.1407431146362619, -0.3959245617123623, -0.0436893157723355, -0.2673717853974528, 0.2452385177819189, -0.2090059890020464, 0.0811858458945308, 0.1392094789752252, -0.3047085621091128, 0.1836290311975341, -0.2509896157999225, 0.4206952062750973, -0.1719870706274123, -0.0315039491805059, 0.1942937285004007], "unit_log_person_params": [-0.4494155868911747, 0.901558924445356, 0.9975423637909088, 0.7380810203176256, 0.8527195092282456, -0.4605906660536356, 0.0976458546438181, 0.5525069312969964, -0.5147427049845822, 0.6466701801784018, -2.321299488503663, -1.466119007418625, -0.0965333397440521, -0.1346037626358736, 0.0070991245098398, 0.5140875679931406, 1.17570669211872, -1.049069735124027, -0.2899421344330549, -0.4284137031221338, -0.3574292584127932, -1.486904367578141, 0.3855713362171721, 1.89250929849019, 1.99468504337113, -0.0698606190412039, -1.505551099724552, 1.157867302791951, -0.9835002029948527, 0.6416360268212915, -2.102560283018473, -0.966750461801376, -0.0927545294401591, -0.0556461297104124, -0.2851177856957563, -0.1231362582004575, -1.574268232289621, 0.9532647907435832, 1.48656924384031, 0.6682381289834054, 0.7932936510981865, 0.2497090203849203, 0.8620234553509194, -1.637751345677247, 0.2075301806030056, -2.21862598777074, -0.2711235002240027, 0.3650683599432262, 0.3206023235403571, -0.3739750765463007, 0.1713387037557528, -0.1311572836906704, 0.733669500785457, 0.2075485299625046, -0.1481058293634296, 0.4109805246612147, 0.7693020133883629, -0.1948825104586104, -0.5607540920777098, 0.067608882812223, 0.6535276991261287, 0.2197755900968652, -0.632548020515671, 0.7651399133362676, 1.875223775280809, -0.7881291820796495, -0.101727445961185, -0.4373268188648297, -0.6411536435571248, -1.74884467580932, 1.328306407924106, -0.0740616312292456, -0.9407175662992584, -0.0363802480574912, -1.25192467657341, -0.0307474575676545, -1.284579132399669, -1.747248133046532, -0.2682415624213704, -0.8834696581045542, 0.6905908223656023, 0.1507197937875628, 1.351938102234559, 0.9127956650947155, -1.029129193290279, -0.9630939639416322, -0.0276437015959194, -0.6565632987425574, -0.3626323674086694, 0.0873907267935736], "noise": [0.1432312863609218, 0.1742355887135947]}