{"unit_log_population_eM": [0.4297090795740966, 0.341224154429472, -0.8720912523240294, -0.2533218315399285, 1.127169928047406, -0.5534393429509559, -0.5717334596931785, -0.7986922131204052, 1.200062494863894, -3.135425136463315, 1.476443382049634, -1.394085292395221, 0.8841484815814492, -0.0053120176634689, 0.1321718113407902], "unit_log_population_eS": [0.11637764059921, -0.0495816190861978, 0.3920764272387615, -0.0201513382457594, 0.213788524685067, -0.3368911712234379, -0.039426002679894, -0.1293921814242719, -0.1365777086064534, 0.1599561895076311, -0.0095901553571907, 0.1287674808507913, -0.1596804200226696, -0.5068990955454525, 0.102057221467187], "unit_log_person_params": [-0.8749289984579249, 0.6000667745240471, -0.9713548785001028, -0.2585316105237854, 0.400419368093915, -0.7245186665835215, 0.2516763543586548, 0.2615471045610959, 0.9574234629389236, 1.303955545144027, -0.2246416266255324, -0.9058906231805934, -0.6597391508665735, 0.1739403196940943, 1.097226715840742, -0.9114933562578418, -0.2577948765990082, -0.2441583371298775, -0.7745525540052433, -0.8308162737814423, -1.099217721063821, -0.7471105438878224, 0.0694328847165346, 1.135650906778172, 0.0514706457764785, -0.9559241711033096, 0.3289991553195067, 0.873286899590811, 0.3929951716637662, -0.009345605795065, -0.169211713064258, -0.2335178237596054, -1.541957574383846, 1.075140666738223, -0.2804533387984176, -0.1035072138003075, 0.1246709399481748, -1.495081215148433, 0.0085510404020693, 0.0952731053419166, -0.5470776397855268, 0.0654760711005618, -0.5757845881852836, 0.1838629465464952, 1.931764046522099, -0.5425608348965882, -0.5989537278913157, -0.4725675852151309, -0.3238309049219042, -0.1692589366948552, -0.1857982328098832, -0.0019472710838408, -0.0500383166417604, -0.3117834848329883, -1.157250834508837, -0.1055576934112258, 0.8515725363908577, 0.7822368689357599, -1.042085988091296, -0.2763245986382647, 0.1272212430659211, -0.1561665406955347, -0.0101907628214271, 0.3366736778837656, 0.8690411415421213, 0.0279048600440246, 0.1875922027390368, -1.261197286720426, -0.2669765336888097, -1.740324301504507, 2.143677157091119, 0.6909430587141245, -1.637587235843895, -0.844820621621276, -0.3451609304503719, -0.5717963117249151, -0.7818748665678148, -1.985537991748109, -0.7544312269571368, -1.127934232830323, -0.4509389519909103, -0.6879980068919492, -0.8631524118554511, -0.0427678539008916, 1.174083150820289, 1.799736749619001, 1.124053799435348, 0.3791940848052885, -0.9009813929690004, 0.8809138543999168], "noise": [0.1364384054463987, 0.1974444730238002]}