{"unit_log_population_eM": [0.169762939560778, 1.26286724370453, -1.016878856279634, -0.1348751690418203, 1.403762717361112, -2.259434179602057, -0.3499731053506014, 1.029037476725023, 1.383937808176392, -3.274192419471074, 1.377927177890981, -0.1499305111552947, -0.4601282577596558, -0.8285494967804272, -0.5654340907138189], "unit_log_population_eS": [-0.124140404419077, 0.1627493936140951, 0.1090554917840859, 0.0083129091660608, -0.0611970253325319, -0.0404755136662987, 0.0690966998443417, 0.3027669234691978, 0.0264027178354271, -0.0754545865780901, 0.1334649296188255, 0.3418259642807163, 0.4523692942521506, -0.1717969095967918, 0.1276313145320684], "unit_log_person_params": [0.6700941454078557, -0.0553631662041676, 0.0523292178442684, 1.643491307764261, -0.9829158164576356, 0.0934747368140388, 0.8358205955001787, 0.0486418142049217, -0.1954556793583719, -0.4650102540254268, 0.8334076713453648, -1.207045307702749, 0.4066690694627628, 1.158585761051196, -0.7568774749648236, 0.3327056242801292, 0.4609158127034161, -0.9569159376156642, 0.409325658622488, -0.683362677324158, -0.1678251497727518, 0.7947858050351496, -0.776871909883148, 1.626339414277462, -1.301426612844113, 0.4141282326338584, 1.925189496649555, 0.0770285226500733, 1.222659570645867, -0.4809264064937439, -0.8039492197332674, 0.3916254733409866, -1.019041060113113, 0.8957355534162519, -0.4816464367014316, 0.7544534998803778, 0.486666225000919, 0.926445974777074, 0.3184973720610895, 0.7002440137886748, 0.507317702361052, -1.532604466636091, 0.4759395335665885, 0.3496241999384849, -0.3989603865159906, 1.667696611003275, -0.2690619594312346, -0.898908177442092, -0.6597670861236953, -0.751428886540746, -0.2869418588649705, -0.7751885802255992, 0.3779511384253519, -0.3277233338007934, -0.4299915163956908, 0.1858126437857931, -0.515313937222375, 0.6466170357023187, -1.461763845918651, -0.5926781845938434, -0.199681805947463, -0.0486797741194333, -1.41992824130323, 0.7450327779056094, 1.034716259525088, -0.1839792348185922, -1.639765097628927, -1.45590904596233, -1.679810603453442, -2.181898051828888, 0.64596552256786, -1.241150433516738, -1.342590144573469, 0.7038455117650427, 1.992353848973072, 1.310075752032844, 0.7615639108795713, 0.0861303144448671, -0.3520349284839487, -1.277050378206561, -0.103545356836042, -0.0184795435958042, 2.154667163039824, 0.5166032660024003, -0.493878498576363, -1.090660046370352, -0.0604131603228079, -0.7264401978738766, 1.36088528967731, -0.2644636167427953], "noise": [0.1553765537138856, 0.1737911429969206]}