{"unit_log_population_eM": [-0.1906484602016478, -0.4075298142148169, -0.6272153049110696, -0.8533405904901136, -2.630668454199057, -1.568151164001234, 1.229759073833691, -1.20426176943883, 1.169810856641107, -2.704611340344166, 1.986168156778633, -1.660121410623025, -1.078253596470854, -0.4190763245734525, -0.0945887301393991], "unit_log_population_eS": [-0.1421678811713164, 0.4790969577046933, -0.0173221378525771, -0.2858740142229952, -0.2005634002683883, -0.1234957062010936, -0.0442236980520905, 0.152452251285022, -0.0948126595494402, -0.1324801906194176, -0.3315401632427937, 0.0456379963774651, 0.1422398296125575, -0.1703790269197576, 0.1992849956110641], "unit_log_person_params": [1.019422594255101, 0.6574681644302132, 0.5442218763649583, 2.026609362209246, 1.146695401804581, -1.51406292626849, -1.005551480491583, -0.6226982888809554, 1.016267800224286, 0.447205917697712, -0.1710100763468526, 0.9458158007065554, -0.8129406418488918, 0.5612349481530847, -0.1623915019012318, 1.168084934037167, -0.3347985024476547, -1.823401075980241, -0.713483269676096, 0.0754251750575024, 0.2710544835689205, -0.6874408308139781, 0.0737448588797725, 1.125312891829877, -0.4379821425096379, 0.6156298628624038, 0.2007771791619414, -1.24151760625245, 1.128976687567485, -0.3609372099578963, 0.3080474987241225, 0.1892318281713787, -0.308259433023274, 0.026632830968995, 0.2057348092836128, 1.114926418595121, 1.549148473399987, 0.9727551717352692, 0.8321232776677544, -1.078492930646059, 1.167530106396026, -1.259176862628775, -0.7521005667057962, -0.4985510243048316, 1.184263482273091, -0.2105048257462729, -0.2449308704418558, 1.872111924301737, -0.4765531749001656, -0.8201012779408189, -0.6279730801577382, -0.5867422955930172, 0.4904966945004878, -0.1831118951848937, -1.870912454076401, -0.4586999468296208, 0.3463878495643549, 1.297020718127196, 0.3248755453105721, 0.1549959796998802, -0.1367276778607365, -0.9933151660154405, -1.618544991599649, -1.199396351316421, 1.069098712212586, -1.655274188666672, -0.163582325507681, -0.0797210688542631, -0.3920225088087416, -2.382508719772204, 2.338082160743577, 0.8993856832253968, -0.5021562976571076, 0.4667211249794046, 1.61933396829291, -0.3797685795429289, -1.974828909224241, -0.1058913031933678, -0.141040950472087, -0.21878167825195, 0.0580077566516918, 0.363214996285309, 2.282776638465369, 0.1983322299219299, -0.3418898280053929, 0.5862951680970567, 0.4540726962260394, 0.6100110006556486, -0.8268868339682149, -0.8229408155289171], "noise": [0.1455176348358355, 0.1681841299982601]}