{"unit_log_population_eM": [0.0615793642815183, 1.076946054160725, -0.1066820115005669, 0.410570787300869, 0.0775974737235044, -1.059050458741318, 0.9007193279363085, 0.7044703358167939, 0.8411410396918747, -3.433697253982406, 1.226485929291174, -1.384870391772673, -1.678317897076361, 0.0272760067066255, -0.0898589218566484], "unit_log_population_eS": [-0.2526196391899619, 0.4207436153026417, 0.1071135600476789, 0.4549379987045301, 0.1428264486824425, -0.2639313471631578, 0.1456069380238542, 0.2001869078519997, 0.0479751068341782, -0.0251769543740614, -0.2033006909863722, 0.2716890915533437, 0.1277292086628496, 0.2307180545752791, 0.0795305223513732], "unit_log_person_params": [-0.3148816121637886, -1.420509898032475, 0.2749183702037298, 0.5416632574453616, 0.8714090594755111, 0.4457478020998646, 0.8656389354035277, -0.5188237904739538, 0.5063460538888107, 0.1711977019100188, -1.366259001056537, 0.5614511725430924, -0.2612713658660319, -0.484643075746385, -0.2542440951311191, -1.14542976025169, -0.3543801510842971, -0.7282742320498035, -0.125173464626879, -1.548685818497902, -0.8559372289335474, -0.5436338680881976, -0.5373925291778642, 0.8331532556788114, -2.179673237919793, -0.1978956710616779, -0.0129442775501099, -0.2375272594988077, -1.193166983680271, 1.170093415431322, -0.3554783033680765, -0.1327948274828578, 0.2888639841249912, 2.448516721071088, -0.2570155384452414, 0.5494262171746304, 1.657595617286586, -0.561531679067278, -0.3899813866866286, -1.107896026969481, 0.7362870796560048, 0.3941029120906813, -0.4514375762891224, 0.5943911253035239, -0.6338100985483323, -0.8291777076841563, -0.2320474914819026, -0.6932144991052571, 0.3187737402816896, 0.1147294449598394, 0.3519649748478516, -0.0186964870681896, 0.9910979113856168, 0.2406911241913972, 0.0588097763618156, -1.28103093745252, -1.064488395915759, 1.467953473209436, -0.2696680118126514, -1.006564509404801, 0.5660074953841517, 0.2321297805321799, -0.8620787430662779, 1.921217641450556, 1.406654358622228, -0.6858068082795147, 0.061703466173325, 0.1026811786450629, -0.7070879196014527, -1.118493585544093, 1.778090368949248, -0.2494287325755674, 0.4721818639201781, 0.4826514971425443, 0.3862774596457439, 0.2427161843458377, 0.5719108823460795, 0.7690333375182354, -0.6255314902236873, -0.9952978494629188, -0.7398930987576975, -0.9798508117252124, 0.1870179809990649, -0.7637246521453537, 0.151512120502859, 0.4456949306357209, 0.4718155218676405, -1.22731234932927, 0.4381614551581278, 0.2746706614572011], "noise": [0.1302979592807335, 0.1909312937165631]}