{"unit_log_population_eM": [0.0527402305411361, -0.2606959950440293, 1.215937794308607, 0.0809970280341744, -0.0085751358976254, -0.0181883278809004, 0.810012843867523, -1.528779061192191, -1.13037624918662, -0.2757224150251226, -1.11986141167708, 0.7131213544149742, 1.607425240575215, -0.3388069013444388, -0.8115575809808204], "unit_log_population_eS": [0.0179139536648969, 0.8094903990203958, -0.0346069276505389, 0.0552979346419022, 0.448373457033742, -0.1929238646457203, 0.4880000165940674, 0.0327532520556158, -0.0401761846570536, -0.2021776217246877, 0.0608085641063198, -0.3961282482208126, 0.0151965996012994, -0.131699773186479, 0.9014095156033128], "unit_log_person_params": [-0.5532683518663318, -0.1101579400061193, -0.1876053082184346, -0.2015941662841264, -0.5064602076988794, 0.4755800816629841, 0.1089559336455202, -0.5703182938935059, 0.4219377048919833, -0.4640964358730129, -0.0262888179743061, -0.3110876877852697, 0.6584925815190762, 0.4335462664968511, 0.7310875503108163, -0.097746364014939, 1.109871013154994, 0.1016053785784425, -1.18434846867577, -1.32319308530725, -0.5881536570139796, 0.1573057906045096, -0.6148773491264669, -0.612055552309082, -1.773884547656457, -0.7474598970051789, -1.078040465698404, 0.9260714120786732, -1.025129542729392, 1.521944397904154, 0.2947371823478001, -0.1657121990442683, -0.941628940076999, 0.2137101294505826, -0.4397794508459454, -0.1238728592411797, -1.49786997083832, 0.0572431427872321, -0.792227884376912, -1.34274218388869, -0.060851180933786, -1.51264844783824, 0.5078159737907786, -0.1219180178994696, -1.219562222686754, -1.874577680853796, 0.0211671954570265, -1.002743464379555, 1.233741340369578, -0.0931589210643773, -1.044538715483505, 2.565484522412484, -0.996196805237571, -1.794290054991716, -0.0189824667360457, -0.9182352953012984, 1.183626196269854, 1.176653250447725, -1.295126991556455, 0.3919902714757697, -0.949769030162418, 0.4814878770843235, -0.2255847450878255, -0.8870930986547356, 0.9897654411423208, 0.2561179382338579, 0.8300978273205846, -2.162345640578292, 0.0723185188054133, 0.2952147445700886, 0.1880028248735836, -2.032099265414324, -0.3453840354512966, 0.4042714259599899, -0.7643798983105435, -0.6691499604904232, 0.3155146684754723, -1.236678531169701, -1.601834188701194, -0.3946113623113234, -0.428192884298621, -0.1292684788608977, -0.2966543637591901, -0.3830702938915123, -1.468442465268704, -1.292521388488059, -0.1852953354746112, 0.3518907887605898, -0.7354642725103823, 0.9358221022638472], "noise": [0.039092040087116, 0.1107917617222919]}