{"unit_log_population_eM": [-1.223768166613731, -1.007344491656575, -0.3133250450739669, 0.824051746297346, 0.0018770426989748, -0.2941317087886099, -0.3932204150555809, -0.2004836420419319, 0.0121780952317287, 0.7523618901340375, 0.682313817791408, 0.2997239649369629, -1.191727523721396, -1.300597711222422, 0.3108992234130837], "unit_log_population_eS": [0.1586865742038986, 0.2822617454829873, -0.1312000264265276, 0.0985727245654666, -0.1686759548106832, 0.1771209936313519, 0.0458058291333221, 0.3178188890785514, -0.325922874050415, -0.1721956106271702, -0.0351222968571851, -0.013626590405573, 0.2211150844262388, 0.2901209004203524, -0.4351938356500311], "unit_log_person_params": [-0.185761601937749, 1.196334502161492, 0.8514951834882947, -0.519175940857942, -0.0348458014067664, 0.4926094541470042, -1.301037630925303, 0.6789503732383175, 0.1305910634244311, -0.0433174099181962, 0.5710817108431042, -1.552055598685495, -0.0102930299142161, 0.2664536077224518, 0.401471520557288, 0.4295672051129474, -0.041839362854452, -0.3824480726298755, 0.8133315834242139, -0.4980723061700822, 1.218634930475377, 0.2786980084650788, -0.2014515716758, -0.0470833311096139, 0.6349236903062301, 0.3169721625241884, -1.908829458694232, 1.22107394986281, 0.869832668206571, -0.7785810041430011, -1.143108581955607, -0.4540630851063132, -0.0518910816528301, -0.1413689052592925, -0.7897909422889147, 0.0169890222218669, 0.9433188816999476, -1.949198259990572, 1.830821722220422, -1.5245905031839, 0.428936211507108, 1.300739083288473, 0.2833435605055479, 0.2332136920761483, -0.4394694517124866, -0.7239430355715472, -0.1342192613119482, 0.9324386320722132, 0.8375372432502596, 0.2116233013961303, -0.9540005567078016, -1.005655109877554, -0.1381077593571671, -0.4819379513578016, 0.6590254905584118, -1.864604311235849, -1.358501988357781, -0.8198313951551515, 0.0353901099813701, -0.3246397325627537, -1.042119286269623, -1.146416961860109, -0.7512598280332203, -1.139651546119629, 0.7418339374215431, 1.536942316670988, 1.824140638459199, -1.031655538447918, -1.04865970185065, -1.085061861435952, -0.6332966529908429, 1.751049660046921, -0.1413206951005254, 0.5168001721272489, -0.6758944378736668, -1.768198797193106, 2.079373499974701, -1.099254957541614, -0.0711827428529301, -0.1538551169444938, 0.5929876378113723, 0.8829820702194167, 0.8365606089350104, -0.0489490367511572, -0.0677878720028086, 1.713845933319854, 0.2465706924851912, -0.9767827331861788, 1.524074199915214, 2.012052111727511], "noise": [0.0621351007264011, 0.1225871437894062]}