{"unit_log_population_eM": [1.817345711912696, 1.024768922016352, 0.5658984161984972, -0.7530198288296927, -0.5797306439320906, -0.5964138676442279, 0.2305982416085473, 1.430583609489206, 1.270226588018764, -1.0624685546547, 0.6051584551307706, 0.8274995733608833, -1.068843305698205, -0.0624477469563189, -0.571492741068496], "unit_log_population_eS": [-0.2579139831902471, 0.6307518260861646, -0.0794326169815808, 0.2230428201783196, 0.0756543282377162, 0.1343882356194083, -0.0952869124074472, -0.0478260760438742, -0.4303035223396752, -0.3897767318549306, 0.2929345565067368, -0.0431088734670571, 0.5556479694825057, 0.0571569967564987, 0.1715826674886421], "unit_log_person_params": [0.1802448950749537, 0.218797710073149, 0.2294237194517127, 0.5199452734761496, -0.1974062808621049, -2.298783119305881, 1.08658951344536, 1.055192533771325, 0.2608051424708036, 0.1922832581994747, 0.153480147317435, 0.1603171162134302, -0.4944233715485302, -1.690471385707363, -0.2013421245930431, -0.8801181784346226, -0.734922958186796, 0.754567075020173, -0.1875494360307928, -0.4860165942743715, -0.1616313543290229, 0.1764771539227086, 0.8767280293203324, -0.2558490637879072, -2.285376576159753, -1.15163698792815, -0.8899184532887144, -1.78423662227491, 0.8979229351208804, -0.6852678393863478, -0.5210306341265525, -1.427056904295674, 0.1875369104004387, -0.3424183055504838, -0.5598892537527208, -0.1508795956544472, 0.4368795430201901, -1.332172105588887, 2.654208815159018, 0.0628634419007373, -0.6177761030916035, 1.344859245518422, -0.0073745577681731, 2.613609372723734, -0.7379222271412668, 0.6114523042293142, 0.5360402675788392, -0.5437209848958934, -0.5628887118915955, -1.498426938914304, -0.8962834479091993, 0.9969508633357352, 0.2580335237943149, 0.8304296803498232, -1.037312583369075, -1.699279422622966, -0.948377329384292, 1.196644459611821, 0.3799339059359433, -0.4517673082520507, -0.5382804338381908, -0.8576261884209464, -0.6000449550634266, -0.2661346272644553, 1.176537313627992, -0.0912803390793748, -0.2677243617568006, -1.465063487508985, -1.879798100437132, 0.98222076681621, 0.7894300840014223, -1.516012692059484, -0.459342124701822, 1.218886118256201, 1.70373653302261, -0.6191396832901603, 0.3279075885009225, -0.2147769483966691, 0.8522429798295943, -0.2290967330269847, -0.3234341555183681, -0.7090660066923976, -0.2361987925415082, 0.7319579512897306, -0.2362191168698397, -0.4442452467559254, 0.5259863100431436, 0.324469623417007, 0.1773488924557296, 0.6682975181074554], "noise": [0.0966745490597695, 0.2064928869634271]}