{"unit_log_population_eM": [-2.326432142413121, 1.87116966987577, -0.0519874892820984, -1.689585395914521, -0.4648088390796519, 0.0277792353656633, 0.7881843892083941, -0.6587150332148622, 0.9531840023796214, -1.432601438137653, 0.8024766747889015, -0.012905043076348, 1.518837437444077, 0.2020385907250755, 1.689516787881338], "unit_log_population_eS": [-0.065782827601242, 0.4250129988271918, 0.2230499963344409, -0.0962306582181299, -0.1033591657866666, -0.0752303194751481, -0.3575572591581501, 0.0271085425576614, -0.0789374743464375, 0.4310728708524421, 0.4284840736457006, -0.0300048416732831, 0.6337768771417229, -0.0191730916925435, -0.0114819506984405], "unit_log_person_params": [1.26397145054956, -1.593370765702092, -0.6016831203262691, 0.0329908680121389, -1.24337294073936, 0.0923291885413446, 1.20615091424694, 2.306829907844971, 1.28328811616588, -1.015570260684962, -0.8209136883695021, -1.057871922980598, -0.2999366974420595, -0.0442926049853624, -1.817511662925806, -0.6965833134679569, 0.3706702598252906, 0.7463154686573801, 0.421345451704829, -0.9397319293740198, 0.3961741235913758, 0.8123097074442781, 0.897140916316312, 1.637044936180645, 0.1256151375951088, 1.092711340367424, 0.138937725889156, -0.8896786631985374, -0.7883100122641012, 1.511485431389099, -0.246948593626836, -0.2016125067599563, 1.159181949003682, 1.156334483433304, 0.305624144488615, -1.231306389803856, -0.4267471566503555, -0.678877354670443, -0.4408639303416543, 2.049587954263655, -1.720197723307742, -1.546382046887819, -0.1676152600296431, -1.232108492582077, -0.3796943202734565, -1.053171059740195, -0.5204066890054138, -1.557204195541287, -0.8454586307638462, -0.0436550071420068, -0.2535116613175798, -0.5175700215461767, 1.891871579892708, 1.153728628598824, 0.418328684819623, 1.200647164658126, -1.466896025125216, -1.180076263241282, 0.3880133528067509, -0.9412023492920892, -0.8287847676360101, -0.8553022896792178, 0.2936529258736469, 0.2858892908845299, -0.3385477585137761, -0.4822737053983392, -1.711361976958873, 1.555127524995743, -0.1466615828941383, 0.2222841947255627, -0.0383401353570546, 0.1581709072637871, -1.725365085727516, -0.106795094974466, -2.891749574186832, -2.660942309446966, -1.3125668204564, 0.5610098873456898, -1.541982581813567, 2.254383162921876, 1.247291757020708, -0.9089751501748152, 0.9784840463892034, 1.037862368472739, -0.6369447836514031, 1.796467371555536, 0.3464324818193044, -0.820058745283657, -1.076312367664117, -0.9132333469042988], "noise": [0.0973466193005436, 0.2204289717341316]}