{"unit_log_population_eM": [0.3520213552206841, 0.0452590477225946, -1.35427772883555, 1.790354584679015, -0.0885988345185488, -0.536975629445929, -1.049813377723826, -0.2807959428088443, 1.605945630928527, -3.272708423767815, 0.6196416973033244, 0.5129456004831094, -0.8417060705044844, -0.7959027620055947, -0.5443262388846163], "unit_log_population_eS": [-0.2527019393214952, -0.5802141090843181, -0.2227605781811366, -0.1990213321525779, -0.2376443661533002, 0.2190028927800664, 0.3890115789959862, 0.1560698103242027, -0.2061394132904928, 0.0612049625008492, 0.4585709062542921, -0.33079152070419, 0.3222051570251409, 0.1564816018646869, 0.3849751260175767], "unit_log_person_params": [-0.84048892942984, 1.061220637738481, -0.2862653829122394, 1.227055273564119, -1.658347799750969, -0.9139465290869908, 0.8119104769733297, 0.326275803366761, 0.2737864829005833, -0.5567937753555258, 2.467729524323364, 0.66985375207125, -1.373693289235408, 0.3636849686039149, -0.6410852908240252, 0.9187320452411905, -0.6844602676016522, 0.5833183806143497, 0.8576350789892089, -0.8913378447948921, 0.0568711394910962, -0.976079424803318, -1.384010616686827, -0.5103728370636457, 1.364152754042397, -0.0416655313367921, 1.43064499482412, -0.942322112485547, -0.8074435335993393, -2.308752642322965, -0.3028708156108501, 0.8214287410452221, -0.120289472175465, 0.8787586470051413, 1.322432625337481, -0.1653625810366595, -0.5345647098171203, -1.228205931171711, -0.2085215794861369, 0.0672836831456126, 1.175982500751476, -0.8589908047658728, 0.0172282669167365, 1.784797949517121, -0.4207571058521994, 0.3021991120012379, 0.7685585209785732, -0.5944416231367375, -0.7270464284370436, -0.6715351636270384, -0.2979950864698435, -1.296171753492311, 0.7405438909918938, -0.4903442617075826, 0.0253985031763207, -1.384160137444437, 0.0133532240392988, -1.959153245411763, 0.1588652594525742, -0.7275652667722305, -0.962347748043816, -0.137549521746163, -1.546534124174415, 0.3905385152708941, 2.006115260773937, -0.0030552627626312, -0.389176505586644, -0.1887251483116014, -0.2480790715309973, 0.6289011827986964, 0.8190302305789786, -1.043893779091071, -0.972340499416165, 0.3194905907265954, -0.3433817804951614, -0.6674475669036853, -0.4943335852527685, -0.6621257865118088, -0.9219055485099484, -0.2105469909621678, -1.300410636246789, 0.3233259646672471, 0.7594084351720015, 1.305993709530723, -0.1736860431125627, -1.594229015206135, -0.9998018178904948, 0.3586781378794631, 0.7362465975104602, 0.7505799752427752], "noise": [0.1030370539523192, 0.1736961539688991]}