{"unit_log_population_eM": [0.0177367811037569, 0.5159175742287815, -0.8295942575257116, 1.255792755788891, 0.8045008489676021, -0.3942896213543312, -1.512618657189119, 0.5452934207725466, 1.190287625898119, -2.294927717700474, 0.2506140958030105, 1.07857940494642, 0.2279438287444538, -0.1519802326256932, 1.016560192525348], "unit_log_population_eS": [0.2052768113773318, -0.297360515406817, -0.1484758679966088, -0.3237143466901103, -0.126904296545516, 0.0294131888710867, 0.1712086301098689, 0.5344861910107364, -0.1032704138190417, 0.3008015017396671, -0.0261581010309087, 0.220825939966536, -0.4610059115512866, 0.1706677140030385, 0.163676413371894], "unit_log_person_params": [0.4981377429334036, 0.2427769151391911, -1.259188000506506, 0.4383920049736579, -0.0731778338378106, 0.8610500383618972, 1.073982879278237, 0.9109385398378532, 0.84567977129802, 0.0079337759619444, -0.8344972966457449, 1.786375187706644, -0.0076460398778362, 0.5602608238250877, -1.710610520044087, -0.0988990747133983, 0.2830546510526111, 0.2316888951640279, 0.5679052590049761, -1.135442033440858, 0.0826180016555061, 0.0507999889976707, 1.018261302134003, -0.7742496458530419, 0.1915665310725935, -1.208195730365176, -0.6930467993856129, -1.512413589868341, -1.126397586295754, -0.6953005196066273, -0.019339809308345, -1.144711550721462, 0.397717421648167, 0.4943329627288842, -1.346607797907873, -1.708247703849191, -0.7725309795555864, -1.20338692121658, -1.000581753972016, 0.2172699853758956, 0.3750418515003351, -1.527314288175496, -0.7484942375674648, -1.425650436209415, 0.2964200942247621, -1.092541209886278, 0.5017081993860019, -1.634282576450399, -0.6109007423177081, 0.4467680199952838, 0.254791134848987, -0.1902593857135051, 0.8351683977136507, 0.1071771584950438, -0.6358239744481283, -0.1418240963300121, 0.8713387082446327, -0.3632974033239384, -0.932203725696758, 0.0320114376328015, -0.0892523062432654, -0.6882824647540619, -0.6547232410093293, -0.198656813965565, 0.7892658059161957, 1.219086600652287, 0.5277566426629704, 0.2059708342884126, 1.742894331067141, -1.089534832098177, -0.7001592328270198, -1.394396005502289, -0.9681333648973588, 2.068010607160001, 1.256423412230577, -1.56462048905929, 0.7864416630043842, -0.3180373089367804, 1.458938546817065, 0.0545359907004729, -2.131935375030889, 0.5164121995669402, -0.2963045475972611, 1.700915931015632, -1.076323244839869, -0.2320352946195835, -0.6347871056084877, -2.494337618989644, -0.3527131407871237, -1.833159891088088], "noise": [0.1122064331615314, 0.1993091080768959]}