{"unit_log_population_eM": [-0.8336496247692307, 0.1513278576980711, -0.710032836253889, 1.712514457755167, -0.4009514569226083, 0.1662431782626054, 0.4900227329629411, 0.399831127320675, 1.224878137210941, -3.188716717554441, 0.6000898052407899, 1.22129055976156, -0.1349925660347858, -1.162439815002778, 0.5363741275798533], "unit_log_population_eS": [0.1293191640749449, -0.2368801378672714, 0.2076219482658123, -0.0503959179109284, 0.1210165537964488, 0.0738812594991833, 0.2255641567254098, 0.0307423408399729, -0.1444138883587998, 0.1099290035246768, -0.0015135461891587, 0.0385813736550403, 0.1520660990546762, 0.7992426764990589, 0.1203711868957225], "unit_log_person_params": [0.0530750511283291, 0.2311362319023578, -0.7922493121191638, 1.043892900807006, -0.8356388567753049, -0.3543765131228168, 0.7577302246185487, 1.302384147120079, 0.3212083670136365, -0.0495425798765176, -1.443501374979508, -1.098041362195985, -0.9714549483568728, 0.8715817347437267, 1.316987440277305, -0.6471572620113911, -0.2388712292655087, 0.2150004111874827, -0.7960324736865351, -0.2813296098735121, -1.003817905912229, -0.2034045131296131, 0.0236336143628091, 0.6280964394517851, 0.7100969964318642, -1.397295720588295, 1.004537893573558, 0.4495675647532504, 0.6920260133183674, 2.19931539025362, 0.0720648383237172, 1.256398248464258, -0.1634548666572956, 0.9750263185639118, -0.3046269038688357, 0.5989973211780251, -0.1030978889375233, 0.5465359699815139, -1.201945199550808, -1.27708775518751, -0.0620160452543326, -0.7353574026559795, -0.1931039216710652, -0.476458043608218, 1.187263374871778, -1.584139088882311, -1.416073802841256, -1.055797503618067, -0.5977239155833551, 0.1715603926114566, 0.9175082884198408, 0.3754480185722785, 1.924920369619879, 1.167296941983569, -0.2639628787037376, -0.0527584952901449, 0.0648670372054223, 0.1997606132325024, -0.910918818019226, 0.733216719221052, 0.7620003107057384, -1.379566835082713, -2.725481120537393, 1.398118273269116, 0.5419168637311743, 0.2097971775688294, -0.5821861661412078, -0.5652537502516698, -0.7529772201567553, -0.022251796374612, -1.096869500867116, 0.3636231711001373, -1.049844718006454, -0.8206244223157836, 0.9856656634133694, -2.045755426931652, 0.6030188763864021, -1.428248561079245, 0.3938040208433921, -1.854863768881226, -2.242010125121468, -1.302300269456509, -0.1689835455244198, -1.22702934740626, 0.2131380935196744, 0.3850832452146311, 0.0443133660964557, 1.068891758470595, 0.8420214197848617, 0.9812534947942572], "noise": [0.1117609816196703, 0.1822705319714849]}