{"unit_log_population_eM": [0.0691361650028137, 1.140864245847953, -1.930206006868417, 0.5611055813202657, 1.907836879813257, -0.2394382305371553, 0.7405691593375472, -1.34996223842463, 1.103219891170351, -2.007000983518813, 0.3429274897547061, -0.6455204062157551, 0.5904075524599375, 0.0936730853107838, 0.5137068793793748], "unit_log_population_eS": [-0.1616185450757195, 0.3891203511420336, -0.1296554948093344, -0.0602804511775009, -0.1431612822439513, -0.0213778701127251, 0.1624808222002444, 0.3280811845536028, -0.3391297544978418, 0.6241525603127354, -0.3145813367763024, -0.2379465802025537, -0.223016306380255, -0.1046901748101587, -0.0068586200167952], "unit_log_person_params": [0.3074621562891284, -1.310557610548133, -0.3576119011951073, 0.412307699885792, -0.2471984988821069, 0.8721859137374195, 1.210856544981734, 1.318701694257599, 0.3496550923907295, 0.7679169282140685, 0.8275197493171927, 0.5656995945495723, -0.0672995184818645, -0.2775212550409928, -1.233874491542431, -0.5027814658416405, -0.6467468417715309, 0.4353534259864754, -0.0684962154483983, -0.2674880866331202, 0.4793685261114781, 0.4470911183867928, 0.8493153395482305, 0.5221172289443398, -1.186327204830541, 0.3847019636303244, -1.267914493744459, -1.643310695663828, 0.3845313587201096, 0.593186790312601, -2.065583723727955, -0.5269312762178131, -0.9588496874089334, 0.9100942226961198, 0.5770295706544225, -0.1307300493715796, -0.0968089526395159, 0.9459208798812488, 1.078198144457845, 0.5895086958146986, -0.7663278968730737, -0.2273334491746, 0.0302818324813476, 0.859428613048165, -0.3522923442727517, -0.7122334173428331, 0.8429579295830009, -2.037342064416571, -0.3079188027508267, 0.8039648408237142, 0.4613247099794295, 0.907686226383088, 2.083182507359468, -0.6847802503726417, 0.8308341491003403, -0.7157825639443989, 1.179915789884228, -0.1310579110046192, 1.464891829115535, 0.3779665247136381, -0.5003941176898289, -0.2814329489501071, 0.0183441320134038, 0.019976742829666, -0.7563416949376801, -2.385067776710355, -0.4245932581603929, -0.0720680946973819, 0.9454128686632656, -0.4027794921231531, 0.2518733989432725, -0.2963296181265409, -0.131726135508468, -0.0135973223832579, 0.5407714437546325, -0.2410331401138246, -0.0649592060949814, 0.5495202401189023, 0.3145334416552567, -1.352686006400379, -0.2908014319661428, 0.1579593399553744, 1.135235410560502, 1.724377460859227, 0.2992179924200457, 0.0950318969636107, 0.8766670201486738, 0.3584705071732185, -1.293251427812957, -0.1186724716478801], "noise": [0.0938596488478282, 0.2192517378279085]}