{"unit_log_population_eM": [0.5151734482121458, -0.443359213244049, -0.0068255501235056, 0.474585373810669, -0.5001588863683161, -0.8849392007170579, 1.127565111388358, 0.0697801065851806, 1.12668943378613, -3.001988979100819, 1.722403780538675, -1.113227502612426, -1.608035523004218, -0.6745674797006341, -0.7249225599539796], "unit_log_population_eS": [0.2627044602796743, 0.4629423959059943, 0.0896338279533174, 0.4374288886123162, -0.3626971324237355, 0.1290842336700055, 0.4025236092485459, 0.1305346476029641, 0.0051813667683123, 0.3351286529293391, 0.0570077269942632, -0.0042262401062849, -0.0995449516401218, 0.3118382302545842, 0.2576447553437982], "unit_log_person_params": [0.3504163314482783, -0.0116642004236842, 0.2887960103366939, 2.153807703750889, 1.338276256724298, 0.0138309289522218, -0.1410276554792567, 1.406153710391466, 0.6641921913894767, -0.7784744723213215, -1.005789317364033, -0.483009482318995, -0.276503208906169, -0.2512502726296892, -0.7098162068390079, 0.0306332549695562, 0.5347359743932056, -0.7443341628346309, -0.3504965255389887, -0.8986141073291078, -0.4544351704570302, 0.1112249856051927, 0.6518982372796955, 1.108134762976179, 0.408762220481156, -0.9894307596524992, 0.7445806972888637, -2.054977460856159, 0.5509450337167552, 0.4238764911568356, -0.1640472902127998, 0.7058286557951774, 0.1659211977563084, 0.9295221514926764, -0.8036581085078093, 0.2798485770186003, 0.1501570337683555, -0.1003658152312681, -0.5197538700143887, 0.9733517855078704, -1.565832828161984, 1.949138355320866, -0.3139666748544937, 0.1203447163806164, -0.8338973131257509, 0.4862786729981429, 0.6178224419831452, 0.9344182303316456, 0.3936807533658607, -0.1827069514457824, -0.3353453003215018, -0.238986907578771, 0.3308232707301502, 0.2906536833865576, -0.928533122207002, -1.615022683378959, 0.6741236053138364, -0.7921383636516891, -0.0708408244619709, -0.7854398096985467, -0.0748997184798037, -1.268049978413031, -1.089204386023499, 0.4710010487986042, 0.6796285492756416, -0.4561844735347885, -0.1545994762537009, -1.579854840114401, -0.5226874890939599, -0.962675988746984, 2.210840394668034, -0.2352537407758813, -0.6609593755506485, 0.4869398224767216, -0.4762663738673747, -1.034556934992289, 0.4799126122678052, 1.072079221223956, 0.0665572308268461, -0.8557423852438315, 0.6461698140375178, -0.4342314584203517, 0.8644844098265966, -0.4283515672607133, -0.2619925268291944, 0.3328319113366191, 1.372762063983878, -0.3237648532359483, 0.2329397172975108, -1.521730845227462], "noise": [0.173911380387208, 0.193730040307686]}