{"unit_log_population_eM": [0.44403099848538, 0.6522942665967912, -1.115701522830902, -0.4715222303540522, -1.515590224539269, -1.383427737195294, -1.094147162661256, -1.313882057934251, 0.5955598873481016, -1.462525154912408, 1.381052993384822, -1.551375476873792, -1.86828431613354, -0.4722737875384982, -0.736455480279307], "unit_log_population_eS": [0.0020431900107679, 0.4505575404419959, 0.1343434428158876, 0.298516664900372, -0.1234813136951525, 0.2311286812450741, 0.2714883177879034, 0.0667692116368446, -0.2922279423081787, 0.3231443006978543, -0.1086499956068479, -0.1627791610230144, -0.0476467235157173, -0.0197669576977482, 0.332995313690532], "unit_log_person_params": [0.427308675058768, 0.6937427091464337, -1.005206371341584, 1.072616546064167, 0.6945827221608278, -0.3696069766607411, 0.7055246641339065, -0.194293584859581, 0.1088396951036665, 0.3547198875895915, 0.4072944310516269, -1.426706314518756, -0.7659951112879699, 0.2653783537614334, -0.6962601175142229, 0.7916465883193589, -0.2319256860746734, 0.8505952477014961, 0.9634346422155946, 0.5572426026788495, -0.2390168403734673, 0.3890044974608243, 0.4910620259126945, 1.031962630281584, -0.6197104304865351, -0.3347679123281474, 0.9470251380707646, -1.122347236087194, -0.0549498850404578, -1.661773526831648, -0.4047412921253706, 0.0103894300961362, 1.567704808400809, -0.0064329324970246, -1.471837554809148, -1.301524935670383, -0.5611436958826471, -0.4373023952154106, -0.8197075910238415, 0.6366392223313716, 0.4466430648611812, -0.1271327550769738, -0.4430082294364674, -0.5357059065224113, 0.7313122736910552, 0.0881767969888788, 0.751360988342644, -0.6332131705102642, 0.8491751589758771, 0.2036503983994505, 0.2622365980457764, 0.8722112095389505, 1.896452086417638, 0.8662651835049588, -1.021875203740116, -0.4780044079628641, -1.113280556784204, 0.2546014333409312, -0.171370775213341, -0.4084746628504685, -0.3586913452629295, -0.6492869832372317, 0.3922737729780095, 0.6623571620338278, -0.6038434631241458, -0.2780776121842683, -0.119433126061115, 0.215121785478398, 0.6299499966054357, 1.052466848283498, 3.000378237864088, -0.6540251208025636, 0.6553435732093562, 1.36824966976132, -0.3523735706916033, -0.5265874808955835, 1.447459790825349, -0.2147515268806714, -1.061764231273607, -1.570094811483208, -0.5577571657472191, -0.5909940105212451, 1.327108904644694, -0.1494096063050555, -0.7145903113850415, 0.8631958345608387, -0.6392795228357241, 0.5360781547076918, 2.471473558360058, -0.991481963443024], "noise": [0.1433752896384725, 0.2110024226538232]}