{"unit_log_population_eM": [0.1879762321595374, 1.245085921579243, -0.6986306113881289, -0.2049656690316006, 0.6936842774634104, -0.8190688253347959, -0.765295677600589, 2.070931386251765, 1.16460914209253, -2.758346560991893, 1.107690758867951, -1.214531253864348, 0.4659805148620964, -0.2918331961468676, 0.0706696167196973], "unit_log_population_eS": [-0.0677651583979542, -0.2581011561176724, 0.3567284864768284, 0.0119614186052858, -0.2183349481024616, -0.1829428836094591, -0.0418369560205592, 0.1731121863531663, -0.2879447119680891, 0.3178410365421369, -0.5329671161450636, 0.2980315129382652, 0.469736234937571, -0.1010513989153248, 0.3503212814606588], "unit_log_person_params": [-0.277880192228239, -0.2155617048129956, 0.4431790308790735, 1.873849698717071, 1.285453357331253, -1.658415710673765, 1.162277988724729, 0.6874757631350036, 0.527926681717209, -1.173959385684652, -0.3208839983339767, -0.3991919785719536, -0.9803117133352942, -0.6154031353571623, -0.9053101318907864, 0.0556005546139272, -0.6242032956672598, 0.1252486249636012, -0.4820185679262169, -0.9838359820450164, 1.313866943042004, 0.0830842511767936, 0.0271226424058115, 1.634912043088936, -1.049637862763186, 1.063736018874952, -0.2188859583599249, 0.188603293044713, -0.4254882694090719, -0.4544318959988268, 0.6293036940891598, -0.5360620240092352, -0.0805564409867406, -0.2527927023466796, -0.358133067456239, 0.4556258430034989, -0.0944793697520698, -0.2728564859600524, 0.0414705741445592, 0.072424962200815, -0.9264543407961664, -0.128967370059191, -0.6109747024919719, -1.073256124999628, 0.7580157936527463, -0.4363187348322695, 0.7543339287512336, 0.0031440925493891, 0.5290435186699703, -0.1617527407875603, -0.4125220820627919, -0.5635257809146977, 0.4392610013708925, -0.1763035023068123, -0.8343756452900515, 0.2913792393151002, -0.1878634699939313, -0.9988503440099936, -0.5131166672990248, -0.5289920630883613, 1.252795636755281, -0.795792904264267, -0.7959939843889859, 0.2920862111725191, 2.090803022384172, 0.1284165931654909, -0.3922071911624837, -0.8019524711129065, 0.4939557760863897, -2.02041015901598, 1.265216703152605, 0.016132748992443, 0.0455748604998505, -1.54119502896432, 1.82930149265071, -1.619639575966651, -0.9173538607908164, -0.4850319233898475, 0.7056669951810337, -0.4950864344199037, -0.7874900412017238, -0.2865337684410885, 0.5070947330745008, 0.2619897300834877, 1.532664154000807, -0.724604151950855, 0.1330181539227752, -0.0522344821448794, -0.1973446248653556, -0.6357814771701973], "noise": [0.1397666728960166, 0.1678874995412883]}