{"unit_log_population_eM": [0.0083038328282932, 1.014791345025219, -0.6298277940190228, -0.1006162869550202, -0.7826609171574089, -0.604170759355668, 0.4095627491966378, 1.54939068225913, 0.9207064896952526, -3.211507628931963, 1.839618826510294, -1.525372371077185, -0.5744970371348387, -0.7082871377300997, -0.7967635299763143], "unit_log_population_eS": [-0.0084575692459302, -0.2433405942751805, -0.0681350830481468, 0.0527517045071457, -0.0122149854064377, 0.2846349094226489, -0.0022826940733365, 0.2287587261167099, -0.3522694267895158, 0.007437275013077, -0.3263829928018243, 0.1296011245182936, 0.8308011824316907, -0.0726266097326914, 0.5738971581365467], "unit_log_person_params": [0.6457590818638221, 0.0003062692338811, -0.0579338640782035, 0.4043772393523196, 1.715005992209975, -0.7341217935644202, 0.6771880499606281, 0.0174884300068954, -0.1335994829058457, 0.4545013915340944, 0.5540266805362236, -1.655807490343371, -1.250257106116972, 1.190102667612386, 0.549947240342951, 0.25268924411237, 0.8345817119363146, -0.696968853814869, 0.9232768493548212, 0.036524708514964, 0.2692255600957236, -1.208250647175487, 0.8520806092105987, 2.177997694634898, 1.38652826199697, -0.5264768226665153, -1.471287653114973, -0.1270385506359487, -1.03656363338292, -0.4597663064047037, 1.148433876030733, -1.54785519888305, -0.0910114801100587, -0.2633691965871126, -1.615363835934131, -1.75938415434649, -1.274945021526682, 0.3297444019658877, -1.605373964852534, -0.1999254329417946, 1.085259902714889, -0.4768475074012609, 1.345349138488095, 0.5600964278425279, 1.246633680382608, 0.070605983884325, 0.5532253865573744, 0.3266055926888357, 0.7169822730504145, 0.0156069137959223, -0.1654631692714719, 0.3870829772080877, 0.9013826019940904, 0.7827898451324908, -0.1635439832964535, -0.4310540895474584, 0.1184527717425698, -0.2430789460201181, 0.4208833238883665, 0.7041388602848835, 1.733596634570528, -0.5396415570478685, 0.0020888741123315, -1.214673386299539, 0.9026152921150646, -3.704148836138525, 1.273615252503692, 0.553592163101491, 0.8067381142717058, -2.141737042716139, 2.031332079979214, 0.6551217688013942, 0.8271296053521024, 0.1526815134133813, 1.172764830399304, -1.812314849954692, -0.3058208001149672, -0.5850646170849376, -0.3767888384274849, -1.044980086825364, -0.450739189595266, 0.3100240920436924, 1.223230262591697, -0.3535556714174357, 1.182279430783924, -0.4978031540398857, 0.5118635890930308, 0.1691765978746682, 0.7790398874473583, -1.070526853699003], "noise": [0.1591651519331057, 0.1513898389139222]}