{"unit_log_population_eM": [0.5114150801760943, 1.018903074575664, -0.4562112589566446, -0.5248210603093113, 0.5599805309722877, -0.207686259077373, 0.2105011839212227, 0.2864136163716203, 1.15691428864032, -3.043118728506943, 1.568691266289039, -0.681805068819703, -2.249276954286552, -0.5784683433768049, -0.8403721349017534], "unit_log_population_eS": [0.0535374020473637, 0.1983432885353753, 0.0658557616941541, -0.0720898355021254, 0.1556916746061927, -0.0888429907598831, 0.4255286893213512, 0.3785948551846217, -0.0858500061891445, 0.071779885960025, 0.2972427269602998, 0.4101096715059766, -0.3576450211293432, 0.243329167004247, -0.1867417208149103], "unit_log_person_params": [-0.2686233524904575, 0.8928472197277809, -0.181040977365317, -0.0535842393702809, -0.5427678131209017, -0.7896210600789753, -0.6556293982501366, -0.384177012459925, -0.8083122083409343, -0.1067539767033686, -0.04878729815017, 0.0869586160270178, -0.6569680468499854, -0.5576871648375037, 0.6499042760922052, 0.399707346862553, -0.942084488295871, -0.7433480912978241, 1.037372916528597, 0.7856204064017228, 0.6665810057989048, -0.6514910382472492, -0.2984447494921497, 1.49974919738448, 0.4133008292140725, -0.3111509257876153, 0.1460251312956473, -0.1088930363735536, 0.3296691121699853, -0.833438043834492, -0.7413614773520727, -0.4911822399398688, -0.3826936355475526, 0.8014744213402701, -0.2528957124737401, -0.591602964619687, 0.646691479560156, 0.3017380804706937, 0.5821412591947481, -0.411445207591605, 0.3605638810602962, -0.5850718435187355, -0.8641135334513762, 1.030335045896739, -0.4652784927474367, 1.478346794876259, 0.6852848988169458, 0.932631060568457, -0.973380832981776, -0.0664436984538898, -0.1996536370540588, -0.103323069384704, 0.8228318796393158, -0.4710694348593059, 0.4520077016558717, 0.4742475892695022, -0.2254993002608073, -1.818661280701772, 0.6752667520189708, -0.0068307361652302, -0.1823805045324903, -0.0863095550651843, -0.3948391137623518, 1.026434257222453, 1.427716243783738, 0.2296271323964449, 0.0019689953113286, -1.083358921155261, -0.7371859920946795, -1.750837399115947, 0.8553293295941246, -0.0950139501700768, -1.120386059936524, 1.032851114763147, 3.09927595316769, -0.4060770215126299, -0.4569608610266382, -1.591901812907736, -0.0970799405761022, -0.7209023495986586, -0.1868914293349354, -0.140513891689017, 0.8549583197826177, -0.1834258000647778, 1.781970085967804, -0.27321153628902, 0.2755044488312943, -0.6165162283444903, 0.3561573221620582, 0.5122008639938793], "noise": [0.1423328859692096, 0.1853200685492289]}