{"unit_log_population_eM": [-0.4770388816361814, 2.062079969108237, -0.4940359175163963, 0.2033354714599962, -0.8466279717551273, -1.328972100875542, -1.402295804161859, 0.786933343046794, 1.539544666992072, -0.9377368464186374, 1.443068264206334, -1.083569623682699, -2.94892332717336, -0.6514775536817986, -1.617453194579651], "unit_log_population_eS": [-0.15625775692064, 0.3497741563203129, -0.1164514683089497, -0.15541091842242, 0.0795158936272071, 0.1790267529380409, 0.1082062957992946, 0.2921064157591786, -0.3771680971865236, 0.0047788637339138, -0.3757711882815492, -0.0552087856902103, 0.5304235402218743, 0.0641732474273586, -0.121741963445208], "unit_log_person_params": [-0.9726837043129944, 0.0120820510508102, 0.599885834167127, 1.227059894557031, -0.4154221518210279, 0.3163909663881895, 1.18890174327306, -0.3802935662399486, 0.4901378307052475, -0.0706239911267549, 0.4143390685788199, -0.2673963340473151, -0.5897196675639578, 0.3027455240930722, -0.7886178285619878, 0.8037192732050676, 0.8301422011732289, -0.547224056510061, 0.0099166359205229, 0.7125678464689659, -0.1788108179197053, -0.3104489071159436, -1.811980059970395, 2.1930466780262, -0.6789790605500494, -1.011744238993498, 0.227199888242787, -0.074914077449586, 0.7688635306224246, 0.4178076237567645, -0.1067708993791232, -0.2057461889363486, 0.3407916317643702, -0.311355443921684, -1.582531018462915, -0.1270647726729832, -0.1128889928056439, -0.1119301967075322, 1.795144028215884, -1.11709306041265, 0.7441761440625148, 0.0933489321356106, -0.5122180732437742, 0.9134391921585838, -0.1074779738131762, 0.2290955804631453, 1.1343011898938, -0.7021197646752839, -0.8840037338147618, -0.4622482276376462, -1.716216354467944, -1.209285663790877, -0.10544700645473, -1.035930960304684, -1.796055097138126, -1.117184459037856, 0.0473403020920971, -0.6460315442604905, -1.53291084424819, -0.996778133980808, 0.1343015955417987, -0.4826662804375552, 0.054767179128003, 0.6813934673360441, 1.498462986995128, -0.2721928067080692, -0.0732565086635704, -0.1157376993502443, -1.160703132777216, -2.274851170962729, 1.67441334737739, 0.9210640382546348, -0.5581754639631094, 0.4143100261098108, 0.0196253572738558, -0.0604517355439797, -0.3367642449875976, -0.8799190148249036, -0.9407699227464812, -0.4283267553356316, -0.8106805506004205, -0.1374614033532124, 1.431536725474533, 0.0230946001172579, 0.4693331475693779, -1.456029932099293, 0.085427245023739, 2.019585069515831, -2.338599901963514, 0.8256775553131224], "noise": [0.1405599425757612, 0.1860740739388016]}