{"unit_log_population_eM": [1.628046563971353, -0.3265033008001659, -0.3095922361339117, 0.1080126483023263, -0.6874940429066239, -0.9590807860114808, 1.486233690503799, -0.6087183958071742, 0.7211700231809315, -4.066652543061241, 1.611622009977081, -1.067637643832572, -0.5911817229414391, -0.8368082554130657, -0.4606294911382948], "unit_log_population_eS": [0.455705019025997, 0.2060335091102939, -0.1728373361513298, -0.086039120075936, 0.3501681321527723, -0.3177535161350851, 0.2005283277988132, 0.0268621521248084, 0.0094798816348448, 0.1067431055904495, -0.1072066014264873, 0.817002955526078, 0.054085434276128, -0.1007891650974835, 0.3273133966141639], "unit_log_person_params": [0.2499051998148978, -0.7928642738702265, 0.2620641362568255, 0.2988113616116483, 0.8933098368584089, -1.652148560267911, -1.045449817108346, 1.131427062927812, 0.1471767148868792, -0.5582755561843606, -3.007954440072939, -0.8442018183285669, -0.5632207526154799, 0.7390092093975685, 0.131754683210246, 0.8046407951782756, 1.250386821879935, 0.6689750144800064, 0.6938625053942683, -0.8699881413961694, -0.528297672629959, -0.3133321661228347, 1.301218096263045, 0.5039315646921789, 1.807470813441723, -0.8989081571080034, 0.133627675118531, 0.6889370935429432, 0.7391647672630085, 1.271437947438345, 0.1992486315264232, -0.6390602021170059, -0.6489801155916729, -0.198381849098813, -2.090122234527374, -0.2633638088616236, 0.6324148345070777, 0.981538067364576, 0.8778840514500702, 0.054962170849615, 1.777824680024132, 0.5632867702963044, 1.451520425187109, 0.2005143495493406, 0.058400405605621, 1.225668068140584, -0.2142816111503256, 1.974171535253619, 0.2097227884955818, 0.5546412697883318, -0.568361375157239, -0.0365082953327738, 1.206848534944311, 0.5519652362148588, 0.2862066653790108, -2.396659921967602, -0.3258667135790555, 0.3544333027751787, -1.125102471901297, 1.425307283949425, -0.0366983109395522, -0.533509117248931, -0.6839057872052987, -0.2336540612049669, 0.9942820270947998, 0.9298126515938168, -0.2443129769687964, -0.3411772233262303, -0.7928001144197967, -1.309771734960318, 0.8351598408144116, 0.1085447086713734, -0.1125323628491092, -0.8720091870486611, -0.7592168303444324, -0.4549445923223152, 0.4586193997554992, -0.4583933699831446, -0.0573368324788003, 1.200654909876329, -2.157131782726429, -0.0107811681422202, 1.394549631646056, 1.162848945872595, 0.1904804874372685, 0.7059954171786312, -0.7436806278343797, -0.5343038849383309, -1.03806138699815, -0.3221013873851537], "noise": [0.149892166640872, 0.1792589580081924]}