{"unit_log_population_eM": [-0.0061300105261796, 1.219072668755788, -1.533420618739994, 0.1729778405968979, -1.261014432009763, -1.838662900309886, 0.2978673081417066, 0.9953982703572026, 0.7119354757705291, -2.74455886674674, 1.201998176886828, -1.687029426496212, -0.0961425978192008, -0.7238347463553929, -0.6885811168204967], "unit_log_population_eS": [-0.4146725201637565, -0.1118803475874315, -0.2249307305803988, -0.0282169362265642, -0.0762932721272613, -0.1012764883230362, 0.7118645725989944, 0.1120057287132372, -0.0190567642295181, -0.3276203450079729, -0.2682532355018324, 0.4817236117227053, -0.1927491815381139, -0.3575235071503666, -0.0475891460889892], "unit_log_person_params": [-1.343767671134569, 0.675984960156753, -0.1391173971921544, 0.0500587442293244, -0.3785345741050639, -0.9582672172401304, 1.98649289828393, -0.0587224800199086, -1.669745707236878, 0.7571213679054358, -0.1850311840357576, 0.3384814350632514, -0.337425334371986, -0.2125777058791138, 1.380333874551888, -0.3054162836674732, 0.4208747974804777, -0.1815170319255241, -1.742429373738437, -0.4126311241197811, -0.610927780448803, -0.7148865953787775, 0.4759690909201519, 1.264911929909832, 0.7056088759644097, -1.327355802624537, -0.4862705000822271, 0.276394671621293, -0.3506463711834986, -2.624399910542299, -0.5403564502228135, -0.0632197417560526, 0.328811658825823, 0.2189224243805684, 0.2143237183856378, 0.4105733713475176, -2.29653872029988, 0.6436082480626024, 1.26106806349412, -0.2597369254690352, 1.306212761822709, -0.3322013423229382, -0.418947387736401, 1.117169793272781, -0.0214565898679421, 0.8416845651387664, 0.6526940296085317, -1.37716525469523, 0.3134916347458054, 0.3673517653401827, 0.4261176800539211, 0.7709533700471742, 1.317169447865753, 0.7439884965145589, 1.800585657529466, -0.6161156457633981, -0.3537894907370916, 1.498541972072089, 1.116700813235021, -1.517674866277484, 0.6093086662301119, -0.8085634506748687, 0.7443303684870397, 0.0909317915160281, 1.924927824429301, 0.404290243639313, 0.2191118040367618, 0.4751667459337393, 0.4385764907446782, -0.5286434697286486, 2.385533127673487, 0.6156214207230113, -1.081863816478601, 1.92879902351274, 1.430915277347505, -1.456518277821869, -1.069971259875861, -0.2575293324112489, -0.4244345913406075, -2.13940929772201, 0.1947185452964346, 0.1321763777612278, 0.9316406811560556, 0.4072107020760367, 0.8200862665159411, 0.0324460397386879, 0.5855332587084318, -0.8950804525531442, -1.989003671107545, 0.2940270538634995], "noise": [0.1339757753455659, 0.1773230449313762]}