{"unit_log_population_eM": [1.33758454581409, 0.3336587355253908, -0.7298562516602853, 0.6113517293681013, -0.0102653669452268, -1.1172711920253, -1.909539116075499, 0.517807633355519, 0.7710337052611766, -2.995649080348958, 1.093151352218061, -1.782077646404866, -0.8633240594224935, -0.0693114983713344, 0.1147738655000499], "unit_log_population_eS": [0.2562611521729937, -0.1551450632160861, 0.0481930002827214, 0.0269351945348151, 0.0511942915832698, -0.0689896148843945, -0.0506442290064382, 0.3618376319216445, -0.2959241240510039, 0.0055879245013497, 0.0645657853642264, 0.3191074305285671, 0.0005353792791591, -0.37742994833502, -0.2119657509795961], "unit_log_person_params": [-0.0816743540484282, 1.013586398685084, -1.093858551018604, 0.6277801234840784, 0.5083693804696506, -0.5328946401861131, 2.002766271100561, -0.6221594981623992, 0.0750479825659283, -0.6865834000827364, -1.15534889697234, -1.965138892070769, -0.2705072621905563, 0.5612929348132318, 0.5902157080061128, 1.882324107069607, 1.006554482415903, -0.8177135518077763, 0.2099530847787276, -0.8142090473168788, -2.104446846349208, -0.9996334506619332, -0.0147251677133433, 0.7556447103637893, 0.2341234434245608, -0.8506862708077563, -1.271991201429586, 0.2492792978219846, -0.055015827282002, 1.002331817540549, -0.4460351575778767, 0.0104498275723221, -1.203147126579045, -0.8944095535085309, 0.0795107456479686, 0.3461114367273934, 0.8667419875375518, 0.7074117190491065, -0.6401322603071071, -0.0146128985751646, -0.2062111859857199, -1.573479863096609, -1.500742472590971, -1.281434169517079, 0.8185658725458558, -0.7258228171617783, 0.4207185457625931, 2.408591156047256, 1.025717481718764, 0.144931486341976, 0.2731961876091791, 0.0107066283205417, 1.381929631666612, 0.3559696148075207, 0.8596733419494207, -1.049941329022993, -0.7056869014703293, -1.147708089486049, -0.4067910107422388, -0.4648343722929256, -0.903087264003552, -0.4249417891667723, 0.410227206381924, 0.795637168691512, 1.902888363422385, 0.657583588026724, 0.1950367573177349, -0.9658594907142004, -0.2078470940180964, -1.511067243995527, 1.877679380847869, 0.3299221446787864, -1.236052574147651, -0.8950988053101548, 1.358889645540603, -1.196657479036807, -0.9736617043226568, -0.945322459221796, 0.2397648195131478, -1.74855710638738, -0.4018978422361437, -1.214857308219049, 0.9044614403234532, -0.1950609041044138, 0.1518526629941475, 1.558610333552197, 1.248181997407867, -1.199742193256313, -0.8593568583832362, 0.3670756853740018], "noise": [0.1491730945152222, 0.1520682610223265]}