{"unit_log_population_eM": [1.248002667726213, -0.1363195297328919, -1.019302897908902, 0.5582756465430497, -1.344935694877193, -1.134222159072462, -0.9863739622661072, 0.9870516625675594, 0.6871840258602872, -2.83902725907042, 1.515661947177079, -0.8712054159079629, -0.5604866138616564, -0.7809267267466901, -0.9638562336490633], "unit_log_population_eS": [0.2026035671444106, 0.2819557515723712, -0.5060005325567509, -0.1566017038115934, 0.06321897033393, 0.0296889709352514, 0.2794734328213712, -0.0640203727158471, -0.1978279140055013, 0.5747144307195361, 0.1000359691941253, 0.4752958676611676, 0.3360668447122105, -0.0368176761795098, 0.2695432429293841], "unit_log_person_params": [1.681992563250464, -1.317676275826404, -0.791529655537466, -0.0839467343202933, -0.5042918042281042, -1.322576694722424, -1.004427936908154, 0.7505732099296669, 0.8028604631077456, 0.2046463077124843, -0.2041821982766932, 1.889324215471724, -0.4748660630644904, -0.3785511549230305, 0.4633341623598957, 1.312594655416775, 0.5460782323875863, -1.041578791477254, 1.2974520332507, -1.363681300507499, -0.4566773510013327, 0.1164433699306154, 0.09282943175779, 0.6697481911667363, -0.6697140751913976, -1.042074244538366, -1.485793793811818, -1.162232980637955, 1.077311521300305, -0.5225844887895919, -0.2110089084813265, -0.7672482575930757, -0.3248103150779609, -0.7336908168065113, 0.5596375935141871, 0.9431242695411708, -1.494189345693716, -1.240287843062516, 1.327592983883211, 0.6773547159348223, 0.5885859824856621, 0.6513475894960318, 1.320170633112537, 0.9169304284301644, 0.7981595137194922, -0.4779196394816796, -1.239427780930467, 1.30433344404796, 0.2187681925481619, 0.90171732311994, 0.8187443289257251, 0.3825038694958887, 2.405862472432223, 0.849677953222142, 0.4476361689382087, 0.5688206033781016, -0.2852362882910833, 0.5746665726278433, -1.380432037322188, -2.84506664065698, 1.567902376591293, -0.6943762640449678, -0.0026994428222609, -0.7587880437244783, 1.337653357523593, -0.1179290341299713, -0.4053127072275221, -0.2861578335404055, -0.3210760863863377, -1.015250795411817, 1.43575794715418, -0.3326707372706511, -0.6822794456817716, -0.676675028298031, 2.381569552734367, 0.1120242647260468, 0.4873899456836177, 0.1776658603665214, -0.3993969617334454, -0.5506525913512593, -0.4405178890443056, 0.3382680392382799, 0.8477791863518724, -1.683203489001528, 1.32904644121508, 0.3463589789842516, 0.7391393486126127, 1.153185406526283, 0.0047965115727763, -0.678555869063771], "noise": [0.1699274162449836, 0.1634752599242296]}