{"unit_log_population_eM": [-0.4307941093592318, 1.485856474114082, -0.3596930636134696, -0.7521097869465243, 0.4529722334630963, -0.384485331116915, -0.0395243099741303, 0.3004868590987757, 1.40816133611167, -3.299549665133336, 1.36907686300293, -1.376531889359837, -1.483934330187295, -0.9183442046640148, -1.186507120795327], "unit_log_population_eS": [-0.1029906428904405, 0.2032556066680618, -0.0902482953114089, -0.0967138720004718, 0.2074066934748527, -0.01430143406334, -0.0717599105060957, 0.2082620607528591, -0.11116062663566, 0.3507217018993463, -0.3618203752564023, 0.0182419789256612, -0.392182516567153, 0.1693350587313886, 0.4191114244857838], "unit_log_person_params": [0.1729277999116891, 0.2300995134299883, -0.0118064567915929, 0.4931879266177593, 0.2727453155289013, -0.509810376908433, -0.2699464940723004, 0.6813508521311815, 0.6562597971066287, -0.0284902189293578, 0.5355496336426722, -2.183373725966854, 0.3334653350002609, -0.4027748808681696, -1.133814553299717, -0.064617408633324, -1.555767375041607, -0.6029635666248309, 0.2484896544057884, -0.3003679621457243, 0.3884502298764967, -0.4248426336934004, 1.265746993089969, 2.762957506530018, 0.0050332003222697, -0.9570507726423556, 1.533204101103065, -0.2353706488031382, 1.73179829403371, -0.4133449713631678, -1.039131614791386, -0.3768112988883204, -0.1419520069486593, -0.8639206562525172, -0.0732699037354133, 0.3266288875955091, 0.4730934319018981, -0.8452861784039886, 0.2444929449531233, 0.5498840620721617, -2.608240159570697, -0.3912215296777601, -0.0513943213885543, 1.194305212531195, 1.030100186774757, 1.696675561977204, 1.020007042005824, -0.8214670289569839, -0.5206803226516271, -0.9512225043736636, -0.562944245150935, -0.9326081820166005, 0.0840396534156147, -0.4635722331804761, -0.6518624090070336, -0.1468746324707614, 0.0203638983446002, -2.037073178931709, -0.2341973236205073, 1.359610751614328, 1.375039336958606, 0.6375009195689852, 0.5109029208969014, 1.263520225343629, 1.617946598438212, -1.830270283930806, 0.9133334247192976, -0.2934786932249455, 0.2611062399847118, -1.43620534804606, 2.84791176855413, 1.039466855086941, 0.0469888727276064, 0.0852050277779587, -0.518598467587017, -0.2216646265046911, 0.9231710671789952, -1.946007341093508, -0.3415353541084849, -0.546861283179155, -0.6534961197039463, -0.7377818777613675, 0.0618362250954261, 0.7958560172482831, 0.4415338889707413, 1.339095347125908, -1.939513517805134, -1.157766679557505, -1.466365753420609, 0.5213630924474577], "noise": [0.1443818454096945, 0.1797264141086446]}