{"unit_log_population_eM": [-1.232799673035811, 0.7858792369305398, -1.418613600655955, -0.13280627184705, 0.0597676374364502, -0.4833981056262987, -1.111963918911365, 0.7903898077203444, 1.177141509610548, -2.872377266686461, 1.316667194795832, -0.8485738336993769, -2.353717448367183, -1.002054746031054, -1.417294026912521], "unit_log_population_eS": [0.6572056941834626, 0.1490477549117575, -0.1478695571025359, -0.0736875805670909, 0.335076785503004, -0.000601321496132, -0.3637391797822174, 0.3131859882693445, -0.1422163091126711, -0.3481165959241418, 0.320222830053318, -0.1564113029836355, -0.3971121056351201, -0.2183478936823434, -0.1409302996334216], "unit_log_person_params": [0.3525523399565523, 0.120827549287511, 0.7116147823132455, 1.001145145922224, 0.1013226020533631, 0.0715537898542116, 0.5137187414331701, 0.8907449958189467, -0.5004171384415482, 0.0177689715592339, 1.296536864775008, -1.147776410863215, 0.3557069867192715, -0.3751535787497698, -0.4233468124634139, -0.6455901580927945, 0.0358619700927177, -0.2155985362967588, -0.3456493807487033, 0.1736145220766721, 0.7942109461609415, 0.0330674586583028, -0.3891694357433654, 1.433226977708267, -1.248475897850696, 0.5607213873754189, 2.090447120640061, 0.4727247115918641, 0.4940066788123603, 0.7663471053278974, 0.0252906627370531, 0.0890050285831404, 0.8770616957301768, -0.2073825135325784, -0.3883999099832503, 0.4515801783539919, 1.780918069055904, 0.4326995657845729, 1.013994832947925, -0.3095242602024551, -1.204731472112861, -0.6682377213813278, -1.023989815324777, 0.5484586651138897, 1.271006029977487, -0.5785999115165887, -2.151127700489566, -0.9680734832960622, -0.5124518819951018, 0.145207862862694, -0.5046241130666087, -0.4051159465363723, -0.0711205240368378, -0.2284100715553978, -2.499587732197774, -1.077654881582343, 0.222146575036902, 0.1540009989118213, 0.0184254706484624, 0.7840703170796649, 0.8417963623001035, -0.5592806826229773, -0.5364379104815306, -0.2986941755007789, 1.4607087824373, 0.4784341805148883, -0.0815012359054356, 0.4015879110553567, -0.4665356012862081, -2.21184274104661, 2.313620785851667, -0.0404006924416747, -0.9056026729305692, -0.1587657526083877, 1.357844796493447, -0.5062106175902858, -0.2701538105582295, -0.0953444562503916, -1.012294262189317, -0.2157462738557937, 0.7523499269902771, 0.2170382304907364, 1.501380031276728, 0.4639401627030435, -1.414979481179127, -1.609745784074037, 1.505372946973385, -0.0046998638849657, -0.9608585423344156, 0.1166604621127969], "noise": [0.1557116666705529, 0.1682829761673522]}