{"unit_log_population_eM": [0.8079982779280791, 0.0654475961864375, -0.5670277721583189, 0.4483046896470943, 0.5232421857919718, -0.6686584087946621, 1.027251644708542, 0.7792806310701501, 1.184415743147963, -2.712582672693498, 1.218143527750157, -0.7278593941912925, -1.601149402227549, -0.8657724281005594, -1.190434677885537], "unit_log_population_eS": [-0.1609070436899118, -0.3613608262800442, 0.1816545930345852, 0.0212841095933558, 0.2869512150710709, -0.0474473967941186, 0.130402912923528, -0.0834938425293754, -0.2455678684330652, -0.0714129018037348, 0.2352262170785535, -0.0367768321149481, 0.0114173242527603, 0.1245749823207185, 0.000226121884758], "unit_log_person_params": [0.2701640072929081, 0.5697719836010637, -1.580455766654326, 1.383682215211416, 0.3527033296690298, -0.5788384242852331, -0.2768782682073863, -0.7029387333870067, 1.747577098564588, -0.81499264929678, -0.6948016175373721, -1.688478849468618, 0.3330917333402997, 0.087656206154743, -0.3866905385615541, -0.500661327341811, 0.3720313201626519, 0.6127302097499107, 0.0651289042582197, 0.0283333290195279, -0.4663456689018028, 0.4477609089046768, 0.4965146796115837, 1.921482179021791, -0.7885729167507998, 0.484594373844259, 1.664419060262817, 0.4668108652294075, -0.2342323917742251, -0.0490478332968025, -0.1174940929672619, 0.0462287293676309, -0.2377663192384877, 0.5180330274734561, 1.170565290264961, 0.7852581093886714, -0.4757031528644579, 1.788581069968323, -0.088289292296056, 0.03354006663663, -1.184134449153372, 0.197568542270023, -1.156321239017569, 2.279097622697565, -0.5392858231162337, -1.143416710590151, 1.238102140853503, 0.9807193427858942, -1.170017890324184, -0.2967419005405165, -0.7915510461471662, -0.7519598109457606, 0.6317585390202443, 0.0753766410111861, -1.880135428643618, 0.6441583970998433, 0.2086318103524538, -0.2635641963052924, -1.191109845553437, -2.000199780708049, 0.6443875978085495, 0.7109904008283426, 0.0418466853607673, 0.2450016280079274, 1.966110382588017, 1.287147352656152, -0.7515097948571048, -0.655905894386444, -0.3007944733693348, -3.045975295369231, 2.351867159849399, 0.2864840571813797, 0.6158477610252676, -0.3021888759139162, 0.8017109251403811, -0.7361527637005117, 0.7182546519451058, -0.0295983646154201, -1.38599384542606, -0.8298699449266281, -0.4327445359766053, 0.4440224197704259, 0.5176736991328619, 0.1263924438229593, 0.3177652751314276, -0.8069148743491601, -1.28426936676429, 1.53344565719743, -0.671720651443997, 1.128234369648737], "noise": [0.1325358203310272, 0.1773953367631797]}