{"unit_log_population_eM": [0.6173827655045699, 0.0399115178138381, -1.340643387122114, 1.40235756204447, 0.6795228540701572, -0.479315108769077, 1.383215300904583, -0.4398727009206083, 0.0733117663788916, -1.022232620925552, 1.700162428661258, -0.6144822470978886, -1.149678802208137, -0.7408529041018641, -1.145827798430458], "unit_log_population_eS": [0.0085503783204311, -0.1341663432123679, -0.030914174617268, -0.3160151580011587, 0.4974440517998402, 0.2910772339130089, -0.0052939344993276, 0.2447158920401382, 0.0565162068689543, 0.2904360534688223, 0.4486775422788749, 0.2485387386319955, 0.2215849776811605, -0.1620662958763855, 0.0395764934054491], "unit_log_person_params": [0.0248503408386742, -0.426334141419213, 1.004804731224807, 1.537043569472832, -0.1464140938802507, -0.8069912264083523, 0.6324753924727758, 1.81359563236422, -0.7139297061332947, -0.026312768250174, 0.0380670233329024, -1.477821998043966, -0.7226520779671117, -0.193300801252763, 0.5309143904002004, -0.2203488872346812, 0.4432410482027616, 0.4191219098587941, -0.3162481628334658, -0.8515347079143372, 0.4135720845886776, 0.2043769759483029, -0.9042833695998284, 0.2756672645993747, 0.5379030480863992, 0.8124851330682219, -1.448035362803873, -1.57101770657808, 1.603278872920253, -0.256342484268699, -0.2259030052754926, 0.6763759747319774, -0.2464800004416616, -0.6668462266340434, -0.5741730678952109, -1.316547491720244, -1.72729187281739, 0.9357174229295482, 0.690826929336253, 2.139375524917746, -0.2845437660489729, -0.3224286771612354, 0.8359074223545181, -0.6356387182896985, 2.572906994938535, 1.305369972420398, 1.073491703166609, -0.0997987056861842, 1.188706108253145, 1.457705889418813, 1.136139710944491, 0.7399396764311392, 1.719158875786417, 1.373747020670419, -2.082359657279617, -1.486276975283452, -1.180822715897639, 0.127580557665027, -0.214215031693363, -2.490188711135024, -0.1448034495539653, -0.4621918831004079, -0.6578947214758487, -0.5180670607503092, 0.9937143812461076, -1.237993600097849, 0.1559825338629856, -0.4938180327928451, -0.8538457592673865, -2.105590920947285, 1.603954630908764, -0.2453657331536183, 0.5336125968528501, 0.6330335927212162, -0.1003591302420087, -1.075622960823181, -1.708789735274092, -0.2012041477922016, -1.774453809383987, -0.5908277194377666, 0.0066699329505999, -0.6308456694477301, 1.036145699808878, -0.976126977126408, -0.2970317748597616, 0.1621611157139331, 1.421127152944778, 0.3531555617467999, -0.1816337634346714, 0.0187761355379555], "noise": [0.1180778505003878, 0.1595851030393095]}