{"unit_log_population_eM": [0.5200158584492095, 1.160500259653587, -0.8163977991334327, -0.1108331357829281, -1.577153211204444, -0.2592798018138256, 1.742944735597546, 0.4218394172173379, 0.8136903914608684, -2.43583001139404, 1.250843131962849, -1.218364890653203, -0.9296789986072364, -0.2290516871856789, -0.1399465821480423], "unit_log_population_eS": [0.3600021511470443, -0.390048607227206, -0.1613803528871924, 0.1464063125725687, 0.1829852519173399, 0.4022327867783162, -0.1332772602039139, 0.2241999839482432, -0.002249274855525, -0.0818457533391507, 0.3635634552076371, 0.2141678082353172, -0.1344999682568144, -0.2647936629851093, 0.2550351791815458], "unit_log_person_params": [-0.3318885882408865, -0.453449762479909, -0.2588808333819517, 0.1529821346500684, -1.222758395159696, -0.6890971681609008, 0.9423169902434056, 0.6644130051510726, -0.2084376817589632, 0.5306696664320307, 1.433267555447832, -0.6612343401918077, -1.378973496119243, 0.78246611890253, 0.6644833104369389, -0.5871529977249454, -1.024650806843967, -0.3610319846057911, 0.549505576335241, -1.080567113661804, -0.2880720200552213, 0.59743065311222, -0.5894955157863584, 1.14658841468116, 1.048656732525223, -0.4969957654931686, 1.264552611737209, 1.99274950331015, -1.422155271584687, -0.225943399300349, 1.292955479231255, -0.1597387591424703, -0.6563490472877669, 0.2416255380733337, -0.791756663204046, -0.8537798461821555, -0.3409196906668847, 1.045798926910062, 0.3146349727587799, 0.632217342364692, 0.9024398878584894, -0.0892626633271761, 1.211642341713451, -1.29671011694437, 1.346872678211884, 1.453166832541571, 1.222422081123506, -0.5381748572959849, 0.8500846794834065, 0.4906053862783544, 0.3051941458883921, 0.3826055355507121, 1.16483990194827, 0.8499020151959545, -1.355117741018689, 0.8562461432258097, -0.3924725888049296, 1.59925909240322, 0.5097854465520786, 1.13873551681684, 1.290697576476677, 0.6420643833880832, -0.2396348566700912, 0.4422151606935233, 1.423784953302578, -0.4961391044715195, -0.2385349641706629, -0.3042930970406897, -0.2516319930912095, -1.149862091644873, 1.974977363503543, -0.5605629478490374, -0.2552176510270077, 0.9386076373292735, -0.6367730355414929, -0.4442735822770107, 1.85058819968505, -1.225666805024383, 0.1461783972412342, 0.0334508680948452, -0.5623926222601441, 0.2583753444045197, 0.4012794840486265, -0.9907475337599916, 0.8125396089290198, 1.004295425762753, -0.518272840568249, 0.1352527735533384, -0.0067001153108339, -1.965655430261234], "noise": [0.1644822841864668, 0.2004923447704734]}