{"unit_log_population_eM": [-0.925395103498826, 0.5426850081137754, -0.4552889371538534, -0.1974332924987741, 1.065800646821008, -1.646368762298357, -0.1041050428092155, 0.8398082260764987, 1.186948733910624, -3.771401299801464, 1.452151303291518, -0.7300843386106776, -0.7530057778568298, -0.9970993004302956, -1.186950279928428], "unit_log_population_eS": [0.1248461909804919, 0.082717769111673, -0.1471223071946477, -0.0191820716494747, 0.5090786954573258, -0.1821182080393751, -0.4439942099745022, 0.291537113494124, -0.2170058810064324, -0.1639698951380422, -0.3955221454259429, 0.4787770688273245, -0.1478025215474396, -0.4720849952533461, -0.2443397345859101], "unit_log_person_params": [1.218458254154414, 0.8454450795627357, 1.144385573883118, 0.8753797071291068, 1.687715680116512, 1.095372885520664, -0.242176317073332, -0.9738941044953372, 0.3712093768937578, -0.4806657907437335, -0.5216770414664494, -0.6677790932911168, -1.706165116593929, 0.0976507195417112, 0.9241999592661412, -1.006552742977326, 1.068561580614612, -0.6133192483242222, 1.490659283104574, 0.020282268437014, 0.1751538759776055, -0.5066132292500376, 0.6266066852715785, 1.862903992170556, 0.0998448960372853, 1.450258071564035, -2.377426237888915, 0.2083756108767257, 1.17067606021447, 0.2055112554747155, -0.6114309947986277, -1.146323291275608, -0.2303453769297336, 0.6766024743039103, -1.036288933396012, -0.2032181111090718, -1.460054323238776, -0.4988613089184107, 0.9318077903743012, 1.283112029000815, 0.3566566756777237, 0.4694159318096287, -0.4748342429076402, -0.7155367205680813, 0.2648542494816872, 1.206696123306138, -0.2070717651702175, 1.729718038617166, -0.2607697413363491, -0.2869840895819571, -0.7358783535315222, -0.2814302495752407, 0.3986308259892606, 0.0497813500017231, -0.9414307119218092, -0.2124607375297115, -1.753623210942728, 0.2917524486065776, -1.839976128380879, -2.051778169084679, -1.560070497872323, -0.589403105159235, -0.2790896975234385, -0.802518061316272, 2.437980667493505, -1.020179121528923, 0.1399461066692743, -0.055077560161917, -0.5954057473706148, -1.28236969485911, 1.38389292768915, -0.3902095289754746, -0.9727664909899008, 1.896887265087915, 0.1899567852539609, 0.2947598389932965, 0.3586759061580144, -1.414622933632191, -0.3086137362703512, -1.012547988101378, -0.2609569595251104, -0.175102434750492, 1.244418894604914, -0.3332450837376784, 0.7416166450630746, -0.5298478058130719, -0.2484636212064569, 0.5341243464608953, 0.4384507186794108, -0.0764123954820584], "noise": [0.1272840417705873, 0.1618466950271487]}