{"unit_log_population_eM": [0.5991811399754533, -0.7500402498212267, -0.1415481803984217, 0.8969335642959484, 0.9318193509980028, -0.6646404287163964, -0.0901306998002917, 1.280176137030913, 1.230708635004024, -2.287434383438794, 1.678430307331209, -1.20554113445027, -3.027293103586303, -0.6230652200300765, -0.9752005112003802], "unit_log_population_eS": [0.1770685008822538, -0.2944520587746316, 0.0114724122091852, 0.0937617267980644, -0.0669435755284945, 0.1283786264596639, -0.2011190191748203, 0.126844804416748, -0.1433217676251551, 0.6163028624667028, 0.0794979153443801, 0.0515255641122014, 0.1195792925157138, 8.964813130830918e-05, 0.1773877272739276], "unit_log_person_params": [0.5703945945515021, 1.199680797465671, -0.08956547437474, 0.1369117702639476, -0.6001876833343666, -0.3576323514025782, 0.670351815321212, -0.0487042201824947, -0.3482376288168685, 0.6641441050129797, 1.719085419021195, -1.752894955821337, -0.2078556623374833, 0.6426743938299977, 1.015093448408374, -0.2650776934999261, -0.1187868865514729, 0.3654934591677505, -0.6797574280089572, -0.0100714587482476, -0.518474314288117, -1.332406190056535, -1.771069179573987, 0.8662165093894845, -0.3810280972402808, -0.0961854089022085, 1.57983405771379, -1.531022573873843, 0.9444288778707, 0.2938041508521228, -1.093630557884131, -0.1335754242405104, 0.939046072338223, -0.3811502661341138, -0.8624186550337023, -1.340438279155572, 0.4029154877811438, 0.7887479886388629, -0.76427528684733, 0.0022466288818044, 1.224135769427016, 0.305834427682147, -0.027690410387869, -1.857202551932077, 0.8306240897457049, 0.8783991692264027, -0.0278643023556978, -0.4219023486274128, -0.9948114188977204, -0.8630664821586356, -0.2323094693910189, -0.3589043817706883, 0.5937340445361329, -0.0048285741235521, -0.7747957731373893, -0.9380269898117432, -1.195371678156192, -0.2499227921061123, 0.4277704695190437, -0.5901556782268439, -0.446775722849881, -0.8947514505363285, 0.5772243094400553, 0.2246886940277255, 1.139063256037405, -0.894768897180065, -0.1261428648301216, -0.6185101854663887, 0.0063122755501409, -1.583631360427925, 2.373064157553042, 0.4170739801883759, -0.4795450533616252, 1.456805553486686, -0.2731073251491594, 0.1788570068453003, -1.209066148597115, -0.0262338197412853, -0.5800886730787137, -0.5492665332034203, -0.0916676587989302, -0.0919893915372356, 0.816831896619071, 1.088477793618488, 1.142856769626237, 1.819584542279338, -1.160866750185477, -0.0264913238602826, -0.9588245433813049, 1.635606199937057], "noise": [0.1402077436041785, 0.1839390322684871]}