{"unit_log_population_eM": [1.144410970088922, 0.1160158033663061, 0.3958167956446709, 0.0975461550949511, -0.540795399031499, -1.649525670976786, 0.780451253200072, -0.2560238011282794, 1.054019201207824, -1.788229205573717, 1.161758717468668, -1.160499731673388, -0.3815635672615584, -0.441432307085554, -0.229017678146277], "unit_log_population_eS": [-0.3255190392626836, 0.1386010597075749, 0.5264475826365445, 0.0939343453569557, -0.096382370150056, 0.3821653305233009, 0.1674659543553787, -0.0690595938977321, -0.236635577721955, 0.3755790453289801, -0.2459156352195356, -0.1087241432397104, 0.0173205342258854, 0.3448692948249507, -0.0331568120627033], "unit_log_person_params": [-0.2583118440029863, 0.5434375419894242, -0.8148720385775503, 0.7494876659243204, -0.7894796887573123, -1.475017941443268, 0.735741535865805, -1.00556100363365, 0.156000643423797, -0.330048126231564, 1.046429242837615, -0.7328088816383272, -2.280826490902635, -0.810698930011562, 0.3370074560110759, -0.2005883177863975, -1.699688364678308, -0.4996406198216318, 0.0419911351870742, -0.2959014793904338, -0.4405070214726953, 0.345403314160588, -0.6463500060218704, 0.5867400696396167, 2.433731589549514, 0.3690616940332619, -0.3066204041705053, 1.913805524045722, -0.7315048327657041, -0.8464167692485743, -0.4160691918571254, -0.4655383436686613, -0.3529001246970692, 0.0302556140247532, 0.2578122471559612, -0.599021336953433, -0.5215874120313327, -0.4628122037402356, 1.075606325670703, 0.0395678304536522, 0.937455724358661, 2.154395637448556, 0.9965709285763183, 1.807609904453828, 1.391545328265235, -0.0268518011145112, 0.6538239488620601, -0.1885433649921526, 0.5108729883429307, -0.3904659426609678, -0.0292598781063, -0.0067647039772425, 0.8642782103020308, 0.0141032195122334, 0.3087928077572934, -0.7747005888489265, -0.6778896413403047, 1.097348142643447, -1.146143822088511, -0.5285435608982518, 0.3886551324331819, -0.5083142038555122, 0.6589137440894618, 0.5558251872293046, 0.9032952394715128, -0.1543220943001512, 0.0401040000067545, -1.205362463471589, -1.030828098891877, -2.052572621791475, 2.020689172773444, -0.5189250615277893, 0.0396415202850153, -0.8030630929492878, 0.0549790724885173, -0.825802617669984, -0.5628399527852248, 0.3272165291039676, 0.2191260275428345, -0.4205167874504429, -0.0439730875207625, 0.1846516888093752, 0.3687588425256815, 0.3704158492643728, 1.169256334494565, 0.2630391767053373, -0.732419440720091, -1.237760657615215, -0.5045585406351939, 1.282850000603064], "noise": [0.1596162978627161, 0.1865851495823435]}