{"unit_log_population_eM": [0.3752287447083391, 0.6486838609514529, -0.0427437374899833, -0.6673586139984321, -1.004411002437978, -0.8954767021324238, -0.6295926185340406, -0.8085162738005925, 0.7937258998368207, -3.304948268000104, 1.784217218585905, -1.182978706718417, -0.9396002872829786, -0.499099133676942, -0.108113233147555], "unit_log_population_eS": [0.0306561321393499, -0.3816213206647064, -0.1761130534806158, -0.1531550341666407, 0.4262477327792811, 0.1319815117157116, 0.1370123057879246, -0.4818620681437588, -0.1951169452433758, -0.3053924777639743, -0.3326155743229144, 0.6333641593246421, 0.4005942189559542, 0.0248427242741393, 0.2381606618620646], "unit_log_person_params": [0.2744657500506769, 0.1664769470447101, -0.1529583548072677, 0.6133781475302125, -0.7440700657894614, -0.8727712599733762, 0.189487956722221, 1.323098484553578, 0.7104800439677814, 1.163350170893273, 0.1571923309197694, -0.7680073418112454, -0.332561039047829, -0.3889743670630429, -0.3508540686094734, -0.1367831766358514, -0.7229842927929169, -1.80478823900592, 1.175470126484909, -0.5369564119273791, -0.2970667731179523, -0.1272072626870285, -0.0697088574217639, 1.352923391732941, -0.1155966562269207, -0.0420455508589477, -0.773308801323081, -0.3133659425903995, -0.0526228146188838, 0.3914449598534904, -0.1125467938846347, -0.3751012558427381, 0.8298826445780813, -0.5319485198201169, 0.0424795808003321, 0.3845258962892821, -1.228874165434885, -1.133992387895205, 1.790244836485258, -1.613976086597632, -0.7888256780201481, -1.978763264771386, -0.3957444534809246, -0.0260546602875725, -1.472210228892279, 0.0725410619897837, -1.333546957779878, 0.6680023956493459, 0.6004158907972035, 0.3356481121532836, -0.2843455596213756, -0.0603606068030613, 1.20071905777782, 0.8797991324109748, -0.3573688738381779, -2.4884439434687, -1.119792655413195, -0.5574011874508866, -1.1612961219227, -0.7076112265556949, -0.8485279329571701, -1.397439640238552, 0.4795365897824839, -0.19515555739402, 1.484944288731107, -0.6605031407043873, -0.4049407898882482, -0.5216515144482428, -0.5265492756251956, -1.298845082152384, 1.223627577964193, -0.0983823481906439, 1.451320696835792, -0.8153336026952509, -0.6630623771578802, -0.0275580375271259, 1.103541281452953, 0.1183841964901892, -0.3446626241459995, 0.4435537409641196, -0.0313090609944295, -0.1923777380559492, 0.397086846838627, 0.4392949183319643, -0.2757546917389287, 0.2535276274599812, -1.311364174982453, -1.335737416881314, -1.378641416289927, -0.4076910172300841], "noise": [0.1494825110392042, 0.1763300810188871]}