{"unit_log_population_eM": [1.589943266292713, -0.1729963204164735, 0.0850763653292191, -0.1543989353243342, 1.173738206877937, -0.3545545369697616, -0.5792159371885082, -1.711821764650875, 0.7342793492810329, -2.179031101482988, 1.987029839490866, -1.184083916777644, 0.0172601720872508, 0.0072792453110124, 0.1443203993423847], "unit_log_population_eS": [0.1198522686476353, 0.2993423166917992, -0.329500321923392, 0.2740076311480227, -0.1873019176511687, 0.3079674057963262, 0.2845021979072223, 0.0989202211361753, -0.0097555358180946, 0.5625682442795357, 0.0387593465315442, 0.350528762678994, -0.4202537051162, -0.2093294376695654, -0.145459510155652], "unit_log_person_params": [0.9764245319874996, -0.5384741384087075, -0.277601988214554, 0.2759122811101807, -0.6507123129083364, -1.203484673202724, 0.2775095919447374, -0.0729925182230178, -1.234237568251015, -0.3191864439429825, -0.0495500150578004, 0.0286829406056597, -0.7951286721963959, 0.237050082548927, 0.7226820625464372, 0.7872421993403147, -0.9050172829332744, -0.1440281973227562, 1.617660295801288, 0.1683009701950701, -0.1740951220543368, -1.052151094640968, -0.1183520592271397, 1.101130860958719, 0.6698134905865675, 0.327651455252808, 0.716925266906923, -0.9898455632029178, 0.5652686851293051, -1.66205147276553, 0.4779188356612947, 0.3541076021069421, 0.4629911968783429, -0.0813278136131213, -0.3816270181097109, -0.8980763145752979, -0.2984444303514858, -0.2033498328371732, 0.2591165735867672, -1.24479855372856, 0.0894237988521274, -1.217415521509003, -1.52443550713618, 1.245970991799685, 1.223581074944527, 0.0001470004483743, 0.2032770492047579, -0.4066188843967786, 0.2003224743183972, 0.2234270915442506, -0.0930148529403642, 0.2734457617194619, 1.413446520140625, 0.4716487897796539, -1.736174696285495, -1.480441925662695, -2.078733882625992, -1.028675260619403, -1.881905593118902, -0.8434061361116533, -1.153645809656444, -1.024105957686607, 0.2167386228325307, -0.2867456579942448, 0.4078807765569059, -0.3128310296704245, -0.537168363591028, -0.8755539271360457, -0.6820723440635014, -2.37788817482633, 1.228857622943218, -0.2421232681227349, 0.6033654928827998, 0.024234137402575, 1.260641371596754, -0.987511824828122, 0.9297061991192072, -1.519336519514596, -1.601466402812317, -1.191328954202915, -1.163142620600144, -1.273440320603321, -0.0500291487154924, -0.7112855232309467, -0.123752536329364, 0.979838155524306, 0.7062764705635072, 0.0545104959834514, -0.2926748194836529, -1.209783975197988], "noise": [0.1345039986641866, 0.1712680313847058]}