{"unit_log_population_eM": [0.2761117130031492, 1.052973625998336, -0.6392994385920595, -0.6931790380490893, 0.823453949645217, -1.319852921289221, 0.6051930748132441, 2.992614276600723, 1.099575769431124, -2.718460640432635, 1.750966092487937, -0.3065131297109749, -1.697288715459332, -1.043429370851154, -1.409825570821672], "unit_log_population_eS": [-0.1213966263745643, 0.0474265316823794, 0.0175438223813654, 0.1997987263118821, 0.0941388775886013, 0.7580038151333293, -0.2487647042977735, 0.1341740654523904, -0.0008008777452833, 0.3407245927657159, -0.0177006800618322, -0.065748252736039, -0.0017982623751036, -0.3726759573370366, -0.2700968337328721], "unit_log_person_params": [0.1644717250533097, -1.006285023953955, -0.7243341100871092, -0.0528932263729581, -0.0310393960609484, -0.1328344652507618, -0.6200484275108172, 0.8713904362973764, -0.5475964269206283, 0.4874572403882557, -0.6163612394867419, -1.000363363355986, -0.1523284361676726, -0.2675183349599352, -0.0290973950382002, -0.4233706963519935, 0.0375211175362932, -1.434923122200897, 1.331039708953241, -0.2496803974914371, 0.2490227924044932, 0.869253988750686, -0.2690717517680418, 2.319855696241966, 0.3368620869115376, -0.3459925037258593, 1.186800641446848, 1.582237050989757, -0.0911762635760439, 2.105350319182755, -0.2609933549819884, -0.576435659291223, 0.2091515359742424, 0.6347463290885156, -1.416443723874558, 0.1370290988914535, -1.280489493990303, 0.450892934620036, -0.0261533504785969, -0.4298636385646354, -0.4195089618075411, 0.274773502284941, -1.192554960640577, -0.012798870584058, 1.398228856196366, -0.3247878834712261, 1.111277179646505, -0.5966031793568769, -0.2309208350988494, 0.1551900101617834, -0.2239979962711699, -0.1216885719244787, 0.0624890756754737, 0.3091665805929102, -1.287278590229736, 0.3268243006016282, -0.310057660815475, -1.088405134395558, -1.263728916125298, -0.2792764544964374, -0.8672732794935742, -0.8952347519019983, -0.4677198174103083, -0.3836941433136722, 0.5578556017035925, -0.8816730015429756, -0.9932336305464486, -1.48785666923783, -0.6844504884006627, -2.173454961993255, 1.201205979351484, -0.6331930183895118, -0.1636982906914236, -0.1196276358111491, 0.2927644506556043, -0.6094637619183277, -0.8911238726749755, -1.137520599020135, -0.7716720705549754, -0.1377374431388314, -0.1330740341051175, 0.1516076887425108, 0.4016984812710301, -0.2367226773986787, -0.25343820186647, 0.4478483607186737, 0.1561724856667581, -0.6233328139326211, 0.5087304044295918, -1.67911071233128], "noise": [0.1446561387590702, 0.1687287439177392]}