{"no_persons": 6, "no_measured_params": 3, "measured_params": [[62.0, 0.114, 7.6], [71.0, 0.134, 11.6], [71.0, 0.134, 10.0], [74.0, 0.14, 11.3], [61.0, 0.09, 12.3], [61.0, 0.208, 8.8]], "no_experiments": 2, "exposures": [0.488, 0.976], "no_measurements": 2, "experiments": [[[[240.0, 2.8, 0.34], [245.0, NaN, 0.099]], [[240.0, 5.7, 0.632], [245.0, NaN, 0.219]]], [[[240.0, 3.0, 0.34500000000000003], [245.0, NaN, 0.101]], [[240.0, 8.8, 0.6990000000000001], [245.0, NaN, 0.241]]], [[[240.0, 3.2, 0.294], [245.0, NaN, 0.11800000000000001]], [[240.0, 6.4, 0.5690000000000001], [245.0, NaN, 0.178]]], [[[240.0, 3.1, 0.329], [245.0, NaN, 0.117]], [[240.0, 6.0, 0.646], [245.0, NaN, 0.249]]], [[[240.0, 2.8, 0.36], [245.0, NaN, 0.093]], [[240.0, 6.4, 0.686], [245.0, NaN, 0.108]]], [[[240.0, 2.6, 0.292], [245.0, NaN, 0.064]], [[240.0, 6.0, 0.628], [245.0, NaN, 0.193]]]], "weights": [[[[1.0, 1.0], [0.0, 1.0]], [[1.0, 1.0], [0.0, 1.0]]], [[[1.0, 1.0], [0.0, 1.0]], [[1.0, 1.0], [0.0, 1.0]]], [[[1.0, 1.0], [0.0, 1.0]], [[1.0, 1.0], [0.0, 1.0]]], [[[1.0, 1.0], [0.0, 1.0]], [[1.0, 1.0], [0.0, 1.0]]], [[[1.0, 1.0], [0.0, 1.0]], [[1.0, 1.0], [0.0, 1.0]]], [[[1.0, 1.0], [0.0, 1.0]], [[1.0, 1.0], [0.0, 1.0]]]], "no_latent_params": 15, "noise_scale": 0.1, "no_sub_steps": 16, "no_sim_sub_steps": -12, "enforce_constraints": 1, "include_jacobian": 1, "likelihood": 1, "population_eM_eM": [1.6, 0.48, 0.2, 0.07, 0.25, 0.28, 0.56, 0.033, 12.0, 4.8, 1.6, 125.0, 4.8, 0.042, 16.0], "population_eM_eS": [1.3, 1.2, 1.2, 1.2, 1.1, 1.2, 1.2, 1.1, 1.5, 1.5, 1.5, 1.5, 1.5, 10.0, 10.0], "population_eS_mu": [1.3, 1.2, 1.2, 1.2, 1.1, 1.2, 1.2, 1.1, 1.3, 1.3, 1.3, 1.3, 1.3, 2.0, 1.5], "population_eS_nu": [8.0, 8.0, 8.0, 8.0, 8.0, 8.0, 8.0, 8.0, 8.0, 8.0, 8.0, 8.0, 8.0, 8.0, 8.0], "population_truncation": [[-Infinity, -Infinity, -Infinity, -Infinity, -Infinity, -Infinity, -Infinity, -Infinity, -Infinity, -Infinity, -Infinity, -Infinity, -Infinity, -Infinity, -Infinity], [Infinity, Infinity, Infinity, Infinity, Infinity, Infinity, Infinity, Infinity, Infinity, Infinity, Infinity, Infinity, Infinity, Infinity, Infinity]], "std_truncation": [[-Infinity, -Infinity, -Infinity, -Infinity, -Infinity, -Infinity, -Infinity, -Infinity, -Infinity, -Infinity, -Infinity, -Infinity, -Infinity, -Infinity, -Infinity], [Infinity, Infinity, Infinity, Infinity, Infinity, Infinity, Infinity, Infinity, Infinity, Infinity, Infinity, Infinity, Infinity, Infinity, Infinity]], "person_truncation": [[-Infinity, -Infinity, -Infinity, -Infinity, -Infinity, -Infinity, -Infinity, -Infinity, -Infinity, -Infinity, -Infinity, -Infinity, -Infinity, -Infinity, -Infinity], [Infinity, Infinity, Infinity, Infinity, Infinity, Infinity, Infinity, Infinity, Infinity, Infinity, Infinity, Infinity, Infinity, Infinity, Infinity]]}