{"unit_log_population_eM": [-1.473651194028539, -0.342500735410922, 0.6488525860931722, -1.185573909713539, -0.3809930400958125, -0.6996444289633887, 1.807997930652639, 1.016220834651827, -0.6097215084396588, 0.9641916547301932, -2.081570676052397, 0.1826438919177781, -0.6180480657971832, -1.996019624139413, 0.4674257469443867], "unit_log_population_eS": [-0.0553764626039682, 0.188262638330068, -0.0402641632649777, -0.0988216780465068, 0.0834910667221125, 0.1614851584421947, 0.267796069555606, -0.0100670129847169, 0.3082357267398066, 0.3023460039194746, 0.3557580691104135, -0.1579249936205514, -0.045571670514761, 0.6026945275570306, -0.3329468078614709], "unit_log_person_params": [-0.1233701642806039, 1.935754861939755, -1.504298616567836, 0.3695149227670645, 1.064430966457747, -1.261040452212594, -0.7583453243316481, 0.8164211423799899, 0.9068834479987, -0.1239214573796191, -0.0475369000613672, 0.6657086064465523, 0.0106266633138511, -0.0586744759437034, -0.7228777551594642, 0.325082193550621, -0.0938471230152042, 0.489674596787948, -0.5788636778339732, -0.791993798404433, -0.1002114671687911, -0.4153392978445304, -0.420548018326511, 0.7513236618720892, -1.257082300630831, -0.8270121291587005, 1.452460657628009, -0.5569947406303433, 0.8121195779315613, -1.030750246184794, 0.1324527950934363, 0.5940512822947235, 0.3003389680361664, 0.434703809580931, 0.039084666514576, -1.025060310916402, -0.0764296092766294, 1.460003152198958, -0.669694603935585, 0.2591571428975077, 0.3120121555239111, -0.4193194179076322, 0.3113681477160566, 0.1597409526264015, -1.494784097187739, 0.2087855113757158, 1.975298011870375, -0.5032963752737595, -1.855007212061271, 0.0299218426374364, 0.5071995313318883, -1.646957967270557, 0.6364874690260254, -1.503855383249213, 0.1763632402646774, -0.289293471998202, -0.9430016231764172, -0.2119895144999425, 0.2844464637679672, 0.2756106230048047, 0.0177502305279564, 1.363513378919624, 1.09999310866712, -0.4110958761396458, 1.575288883784347, -0.8263153927033292, 0.937644934383704, 0.1190325946953919, 0.1202150078559014, -0.5983785630545446, -0.813935045320332, -0.9826303625165655, 0.0951726763281075, 0.550784531315838, -0.137128721392503, 0.2245659777227337, -0.0155771984068659, -0.0424673528580337, -0.2309789937270398, -0.9583186951325036, -0.0487565018531163, 0.0307635864389157, 1.395968037957078, 1.10761390398497, -2.540579868784588, 0.0795353290046978, 0.2972390789056875, -1.479618848857282, 0.1849077518559477, -1.128027024491905], "noise": [0.0535032733231973, 0.0578986972204325]}