{"unit_log_population_eM": [-1.231594377544499, 1.17492030793153, 1.282402672454908, -1.261412489069347, -0.8690321479628872, -1.283899117107943, -0.3692018831619006, -1.347013679331356, 0.8746045335331359, 0.0095169561789464, -1.067908749855234, 0.4992275234740277, 0.5990214555178501, -0.9205852549892648, 0.1261434393875192], "unit_log_population_eS": [-0.1337192661649327, 0.0330759324857799, -0.0911740293494161, 0.2878431883764623, -0.3745422032184578, -0.0925576357045037, 0.3447859940741016, 0.3946100159029787, -0.0049325778472513, -0.2487724182208917, -0.1666599550006065, 0.0431256478565635, 0.046037621506759, -0.0424134946856898, 0.1465225981522646], "unit_log_person_params": [-0.7077553185639398, 1.488572859956734, -1.307266504263535, -0.0261536495479532, -1.464447512272033, 0.1543197955284404, -0.6059537944293096, -0.7595496360878431, -1.003776691016662, -0.8751277517092433, -1.753168177620213, 1.136478957043797, -0.2625415537327337, -0.4192069910561566, 0.82791991291249, 0.5379550000830395, 1.206071035132756, -1.370335822664382, 1.391004052467308, -0.1050430080530724, -0.369747302579689, 0.9520032906315036, 1.666607110318375, 0.3161552146172051, -0.4176557777401061, 1.309675738636015, -1.414663120402045, 0.8390814065110201, 0.5073127309964849, 0.959135081186396, -0.627958546881127, -0.1926911163268413, -0.2076333819317753, -0.0256890145431221, 0.0597634439714633, 0.0051673853175772, 0.8014742465158159, -1.665313023906172, -0.5765201303443762, -0.6249305798388498, -1.80388150596464, -1.385241291001095, 0.5984585394636031, 0.956927500665043, 0.5928034680749026, 0.0798771505915612, -0.5435865304608911, 0.8663186128770033, -0.5666621186553285, -0.3300373638850636, 1.061833329959092, -0.3004725398962804, 1.005552575960076, 1.904896200079651, -0.1078709114981153, -0.669250315468558, -1.798142878564799, 0.5167125881665573, 0.5741173057262101, 1.491978136878338, -0.0216170710918848, 1.397595117084385, 1.339219638171556, 0.2057240565097603, -1.937789646233151, -0.0349354594233859, -0.8755394180201378, 0.2104051911598163, -1.205333307403063, 0.1619924776412652, -1.098248045916374, 1.065460940963264, 0.4974863798517635, -0.1478913651008605, -3.15419025781958, 0.5892193918983346, 1.827656446339493, 0.5689216247748687, -0.8061373114152239, -2.773355631415027, 0.4274220180944422, -0.1898045767084863, 1.293702594032415, -0.236414739219194, -0.7901367627820426, -0.6838524786639965, -0.4799752146509875, -0.5766575404272289, -0.6231244510258857, 1.111285685528245], "noise": [0.1934759268717299, 0.1760575360501049]}