{"unit_log_population_eM": [2.228515066686298, 0.6769256452631149, -0.666666535263756, 1.041687347978295, -0.4168567883336225, -0.4705124432116536, 1.686729797012603, 0.4757147788329953, 1.161933681243785, -2.585143991630177, 0.9275794000788532, 1.325001031710231, -0.7562337771418401, -0.8498001265243512, -0.3581744996739717], "unit_log_population_eS": [0.2527009521408097, -0.1242794887425991, -0.1166896774514168, 0.5677958672352601, -0.1268194482030312, 0.0199975053026486, 0.2565112459152598, -0.4225639412394677, -0.1384304226364073, 0.1397406981209313, -0.1069693196146151, 0.2200883248117502, -0.0589227941591777, 0.1015650063762711, -0.0552723623550007], "unit_log_person_params": [-1.969359936949619, 2.399753453671053, -0.5465117271077283, -1.264944038840929, -0.1175300017769052, 0.5140900109434802, 1.545813330359287, 0.1913512381407558, -0.1358643406797324, -0.180245505932332, -0.3027706082844159, -0.8332285860148821, -0.7910057801361174, -0.5411398266125856, -0.0028822352248145, 0.9343745282527328, -0.3685712944436306, -0.5419113876179776, -1.217149348165395, -0.535856603467593, -0.0341979265641375, -1.141104398038134, 0.7001304756089466, 2.49234376178477, 1.121322554976243, -0.3856874735465345, -0.3584673289673245, -0.7936928195497099, -1.007333117932165, -0.1937735425636758, -0.5619824388788291, 0.5793370543974965, 0.2575644381462452, -0.120803214951277, -0.9903594404935862, 0.6707604646774143, 0.2921196817476223, 1.016574264386169, 1.9310145687866, 0.1932012327927901, -1.532218327429777, 2.60471919822669, 0.9453318504412832, -0.0233224980955955, -1.061536146842228, 0.1588339120393042, 0.995013532938256, -0.5023857235253267, 0.168474858645371, -0.4316004070689206, -0.3848952585442098, -0.2138552202357683, 1.420175264210481, 0.3602926987995128, -0.3834215191286378, 0.0270456185264903, -0.2287440752128569, -0.2647272755310447, 0.1722582104466079, -0.3753933180319856, 2.450251272205983, -0.2778080671472537, 0.2068312382010705, -0.4217630136727119, 0.6906389799685915, 0.693444189629365, -0.0482069191225447, 0.4808260138852382, -0.095866693865265, 2.058881218329265, -0.355676051340261, -0.0430360708027085, -0.1012927794027095, -0.1643372748870549, -1.766831425726434, -0.4553284689929558, -0.4419081836388214, -2.680330577378814, -1.875097133624752, 1.04733971246016, -1.168818975933914, 1.722017793821461, 1.018644849036309, -0.0101476980543177, -0.8210221034602088, -0.856877720929126, -0.591086835332565, -0.6310632281419158, 2.13734787044221, 0.0927719315188227], "noise": [0.120405955636451, 0.1764725800491951]}