{"unit_log_population_eM": [0.5976909189863374, 0.1018696839086145, -1.270069859464131, 0.7867080875506156, 0.7386679885530214, -1.711002481733815, -1.303348671442697, -0.1058378927801275, 1.01814168425982, -3.455941180308373, 1.562740805027444, -1.180189137179424, 0.1934487750608043, -0.7251073036693102, -0.6669066144264119], "unit_log_population_eS": [0.0832638002591882, -0.0127161838073368, -0.1927959142428674, -0.1947317049425495, -0.2054879440243716, 0.1225247429849058, -0.1531865527483214, 0.3971678952980023, -0.0807316257483179, -0.2398328967643701, -0.2680084421922763, 0.2125773926583664, -0.2211014877044988, -0.127342548421701, 0.7294660681345226], "unit_log_person_params": [0.122453659210369, 0.8145219967174496, -0.5156534804449421, 0.5737788232346951, -0.5057996729390448, -0.8336128738852007, -0.8890679985864746, -0.1017132746225144, 1.186366490878815, -0.2598382138220934, -1.494956790293081, -0.0655645604509393, 0.6510159366895041, -0.2788817332308673, 0.8469602665204188, 1.547052126326787, -0.0425247645933375, 0.454738727784349, -0.5256221170135544, 0.3797598384784644, -1.107395461451259, -0.8640427754965887, -0.922165062939146, 0.0785055854505868, -0.3525290249875853, -1.439406002937297, 1.271520489400411, -1.353969325898566, -0.3194765734449918, -1.518925896424579, 0.4550335052488446, 1.936536667830254, 0.3050144110405716, -0.7661479105180475, -0.3855271048754126, -0.3491441582220886, 0.6692272053791253, -0.8861679317011774, -0.1749321035225576, -1.613375717887861, -0.5630605679620809, 1.480154251287678, 1.318467956282463, -0.4456820947379176, 0.945699766042844, -1.581536280588256, -1.230778467466676, -1.12682772769048, 0.2499297823352647, -0.2286579124514447, -0.0622538067367824, -0.168792691498866, 1.118590220620409, -0.2902069428235904, 0.1570862841769008, -0.2999918005069085, 0.1690000729621284, -1.69635976449862, -0.0449774470991359, -1.428341845999142, -0.1891473306835526, -1.82030638518844, -0.3212144134392413, -0.2097833396869746, 0.598942047918674, 0.2096964164099212, 0.463936368203331, -0.705032355578973, 0.2283337575642135, -0.7067733972109135, 2.387345740379254, 0.477478703118131, 0.1505687878628815, -0.412233830406342, -1.280814037631925, -1.593610799885916, 0.1087076496122691, 0.2837302430131424, -0.8638615730957172, -0.899009867788242, -0.3420402558718433, -0.8625848030706905, 0.682265968681676, -0.3405655218185502, -0.0058810287480263, 0.0353949187493751, -0.472179726176191, -0.9302067468001592, -0.8071024282926169, 0.3215028825313616], "noise": [0.1212123163906616, 0.1791146451749893]}