{"unit_log_population_eM": [0.2828883415162914, 1.084985242269813, -0.9787416952710036, 0.2675973464686299, -0.0672395135125232, 0.0083977113003937, 1.436749084101723, 0.0545999342971794, 1.072326137868264, -2.263950666544347, 2.271589558410648, -1.172140277554476, -1.260686139837803, -0.7481930298899583, -1.130929924609631], "unit_log_population_eS": [0.4011424511256887, 0.6767998450906434, 0.0394233352067869, -0.075723828916303, 0.3110658292008827, -0.0370150492513892, -0.4667077600404398, 0.2631287598001386, -0.1569202538872101, 0.0679307891194136, -0.1995685335730095, -0.1072145365118888, -0.1234530990038879, -0.3056763086439422, -0.0691740733827804], "unit_log_person_params": [0.3745302067776145, 0.0645191113272305, 0.5349105619028153, 1.293353722295406, 0.9846583015179624, -1.531782085583672, 0.1013989686884356, -0.1243547923385833, 0.6191647466788173, -1.269531500294538, -1.36160854703026, 0.9022807763373352, -1.709017205945901, -0.4409188001134534, 0.5505393470074296, 0.2995941611350432, 0.5695151018853928, -1.333489238477655, 1.225072920260234, -0.8998683006612871, 0.8533558627523966, 0.1847458204849564, 0.5080438675593038, 0.322660589404459, 0.8179527361991218, 1.172944585438808, 0.3553670160914513, 0.3867784287904065, -0.660363900307328, -1.191313762770662, 0.4133042324547574, -0.0839507670189453, -1.436671862331341, 0.0437732047434197, 0.8373432967036523, 0.4942798041827087, 2.275668220776395, -0.3786509904129026, -0.2193628488464183, -0.8822246726756253, -0.2170374722753476, -1.561385739938445, -0.541529800240955, -0.3713506083297623, 0.5703063322593678, -0.6559111233127304, 0.672981777532945, 0.5559471258706769, -0.6588895612820667, -0.0921001435221425, 0.0200561546202643, -0.7497649056744096, 0.6966327681856842, 0.4845074766563154, -0.0315705433770302, 0.0701300065216084, -0.0906109047097629, -0.7341089295879246, 0.5544267015993016, -0.2709432869239506, 0.2236997124806161, -0.6387744945328776, -2.437418746504099, -0.7245172953033728, 1.969851111169102, -0.5653853051386555, 0.9974120248925116, -0.1424014047879914, -1.032925916638356, -2.131018551031081, 2.47190486854065, 0.7303649406549108, -0.4560634501032246, -0.6076703274105484, -0.0549664250571869, 1.181404610731223, -3.050243134915929, 0.5861757000619896, -1.360120202130481, -0.1649831449435194, -0.2017822886527332, -0.7675557104353105, 2.279323430955855, -0.0209404085213247, -0.3959791817377938, 0.2348598275625827, -0.4891554243830445, 0.8825079337948353, -0.8143494270928429, 1.463144105613528], "noise": [0.1391448503847402, 0.159438648389346]}