{"unit_log_population_eM": [-0.798634244645355, 1.310816336621614, -1.567977192377527, -0.989726282790394, -0.6291734338432162, 0.0273980220536802, 0.8265477966135062, -1.240975480966363, 1.173605407701071, -3.829791560230014, 1.711540936679249, -1.022290753511613, -1.231657539919422, -0.5276857322215454, -0.685930442712998], "unit_log_population_eS": [-0.2434902412046294, 0.026864067437393, 0.0726343747692364, 0.2018877708201408, -0.120661874476276, 1.185694247969707, 0.0523567412790942, 0.1196568117934599, -0.3088242873126128, 0.0277204314373938, 0.0171382931801078, 0.2466025026979236, -0.1207348624319275, 0.1730680812178892, -0.1473255326227864], "unit_log_person_params": [-0.2342487453798954, 1.05379891717807, -0.2923632410738218, 0.2562915335742452, -0.7329841646783106, 0.6188905771845217, -0.4058153991343269, 0.8409559857702684, 0.036880199471347, 0.6988778572790657, 1.309204124927511, -0.3840176914745965, 0.4084418442649314, 0.0913819151232606, 0.918164827365026, -0.2396063202754294, -0.6561583957391055, 0.3510989011666559, -0.7194441647174291, 0.021620003210568, -0.6309995626000449, -1.22218534321989, -1.13085822062779, 1.310284905692412, -1.483342071232454, 0.425369037047944, 1.752266473390017, -0.2958425239085106, 0.7278361373086248, 1.262948344603739, -0.3498543815577722, 0.8307742006109419, 0.3678538797275276, -0.0775280903034257, -1.005877006624051, 0.4903809773385411, -0.9715635944272912, 0.1687080257095386, 1.022782912205905, 0.8425132639423456, 0.3905413832162994, -0.1776113185885743, -1.258785410663167, 0.5115731082756635, 0.1322457664437156, 1.156779087874953, 1.235622190615515, -0.9445669125627438, -0.1860390362135133, -0.0852792424977551, 0.0467638653359616, -0.3387599778393815, 0.2587199767088939, 0.1248403044405942, -1.645599594370399, 0.9088892698326538, -1.092130318310898, -1.499232358215914, -0.9977412256095234, -1.242921243258343, 0.6654252155810054, 1.346089988361785, 1.022718573465436, 0.2700399248958639, 0.7414232874922005, 0.9109469145720448, -0.1044580624078399, -0.8430406033487787, -0.4629796005404208, -1.920538873984999, 1.389597745416431, -0.3391011310553073, -0.6458466318969468, -1.501536481509387, 0.6044742179370494, -1.019402537665832, -1.518650593794546, 1.308148809632246, -0.6693427850133539, -0.5058386608762303, -0.0225018107312793, -0.450191647773211, 0.9151707448307512, -0.0979026396675003, -1.031459386943568, -1.020807479589328, 0.25289541249907, -0.4359745660210504, 1.344056983477157, 1.419185498627016], "noise": [0.139689888867133, 0.1596960912613025]}