{"unit_log_population_eM": [2.146229253088078, -1.054284370164526, -0.4888733470082791, 0.6610090259271615, 1.647380145396169, -1.971133376609152, -0.5956524699165914, 0.1761390321324225, 0.9769791981478476, -2.554324660719943, 0.8619233497751468, -0.9759871427039528, -0.7027439533790112, -0.0481712254216354, 0.1847596581042416], "unit_log_population_eS": [-0.1705818191593621, -0.2152142006873452, -0.2702220708583723, 0.3038719230949152, -0.1749374048602002, -0.152326101750963, -0.2187964604544457, 0.0883877874538688, -0.0202427714119258, 0.1660691571112747, -0.2456081014594978, 0.2677973841097264, 0.3132570732767909, -0.0415599711784827, 0.6857448697748028], "unit_log_person_params": [0.1472280418099908, -1.035288136167282, -0.1085661940175647, 0.254027753543102, -0.5947963106679008, -0.0538590411401012, -0.7953196359850067, 0.2715950627020453, 0.7852474433577292, 1.05147749036313, -1.249597524317946, -0.8321450323846031, -0.270050278300446, -1.220899787056533, 1.164763625029143, 1.109844189055051, 1.399752744030891, 0.4091945613641434, 0.6267492131050407, -0.915875574380824, -0.7676276449365935, -0.5339130353370982, 0.4372712562173015, 1.91176834822936, 0.4438270109532671, -1.253097323970685, -0.3752274452020027, -0.0629555596584696, -2.837489034215352, -1.07326324905794, -1.005327763066672, 0.5639642269942136, 0.1843591708716562, -0.3329774689927026, -0.4991615270537906, 0.3250706136566389, -0.2628159594523756, -0.2053410226433519, 0.7196560623029502, 1.902160728300605, -1.156265359731083, -2.497099232161213, 0.1580805574189392, 1.299817322311958, -2.602448787921044, 1.490881799281019, -0.4644547611907208, -0.2612571246167124, -0.0574851856149679, 0.3838883555358998, -0.2256221332152158, -0.1864950184913349, 0.670356047479461, 0.1480066986819962, -0.5122378609179833, 0.0528210889172732, -1.682981869181893, 0.4178267854186698, 0.5149934370775716, -0.045977082740707, -0.8340078386465885, -0.3865409916916126, 0.0414637694293673, 0.4232766785789182, 2.603548177857705, -0.3265566439154649, -0.887729766906535, -1.146699726767128, -1.747645029689619, -2.361672242514818, 1.594997292636618, -0.4771350572118052, -0.0628695958310383, 0.1203850215196987, 0.1423365606111119, 0.6666071367593377, -1.227215018744076, -0.0613618250911536, 0.3399191091154143, -0.7687668301708801, 0.7541549171169392, -1.675083963909512, 1.170719477501087, 0.0041882698513221, 1.242227603039153, -0.2257527706940753, 0.9853803448833528, -0.6386036974274305, -0.4814833386273281, -0.0197657863121416], "noise": [0.1468465582811167, 0.1675791974755533]}