{"unit_log_population_eM": [-0.0004766427788939, 1.243994430527909, 1.306152524266762, -1.303285184723537, -1.113269290741013, -0.960711386245394, -0.9670344779251796, -0.138652695071363, 1.286546171210915, 1.507401770042282, -1.214656335828085, 0.1783566573254665, -0.881438831279036, -0.344569158856867, -0.6121162777771512], "unit_log_population_eS": [1.57524686252791, 0.0680481232293926, 0.8722513229100373, 0.227498597146661, -0.1880412273473139, 0.3515719231727606, 0.0112582451379003, -0.2146474884861162, -0.4625464568275003, 0.4546761478092918, -0.2360254621941562, -0.2069182792737473, 0.4045897557374248, -0.0763336811972041, 0.0425035502591223], "unit_log_person_params": [-0.3158093400936291, 0.535245485976359, -2.15953393231589, 2.093030504658742, -1.040692229483681, 1.026940830530093, 0.3161698093365831, 0.263273873277029, -0.0565397304316195, 0.4683066241850952, -0.0785528495572226, -0.1472502794827406, 2.173901635557477, 0.0536995834574881, 0.4361033965850203, 1.452351262238188, -0.7350267957690481, -1.010268325992579, -1.246582359765257, -0.0405887124855786, -0.3864626236305818, -1.950039453934178, -0.4099386504444502, 1.038439942521977, 0.6170865382461832, 0.85921048390113, 0.1244150059969516, 1.046849725563236, 0.2385425954410849, -0.0596025692999938, -0.2200165421808891, -1.073862018039545, -0.1247881046410042, -0.4446045138668924, 0.3091753893230779, -0.2859178570214659, 0.0832457707356558, 0.5559924243437806, 0.1571722377914422, 0.0936057031724496, -0.769483881233657, 0.1489721170400177, -1.221647511093886, 0.1173402345530576, 1.379997840910229, -0.534708995019222, 0.1118470768865398, 0.3257288521034701, 1.756683700844938, -0.1572329505759205, -0.0366138695333265, -1.15000682649333, 0.4888115001293764, 0.4557051590080251, 0.7577903614840077, 1.818094471854782, 0.3203600114754316, -0.7982580176621192, 0.3123537566321739, 0.4335949009512569, -0.0648347546947327, 0.1077271989284281, 1.464685461540273, -0.2422997659038684, -1.067690544320928, -2.445000901618504, -1.457974744623477, -1.156729968416934, 0.4243286081688135, -0.6239114524438514, -0.4968368207087926, -1.589016095506096, -1.202956006658282, -0.1596621566021751, -0.0120335044985693, 0.2135921657284021, 0.4029463517937383, -0.9263332407118692, 0.0961624043572092, 0.0353701851257221, 0.1304781503074463, 0.8427247292346604, 0.9474731766576364, -1.786235925258048, -0.2709664388018341, 1.494632925851533, 0.3365110882209534, 1.285030023763944, -0.3264270435050582, 1.101136605174243], "noise": [0.1306019690660441, 0.05608213218704]}