{"unit_log_population_eM": [-1.098986967164857, -0.0756415726606281, -0.4534318541628559, -0.1546144674733768, -0.0290461497550998, 0.8111847143982647, 1.122061603714087, -0.7208857994158178, 1.185958534141163, -1.221501644663609, -1.147312488389631, -1.004346960101213, -1.634785307033662, 0.8984797832193415, 1.606394541607746], "unit_log_population_eS": [0.1698381657531818, 0.4601548065270002, -0.1231510921695368, 0.0131564417951259, -0.2086694561009963, 0.6719414722599032, 0.239246807258134, -0.375727829364444, 0.1798761339857343, -0.0024937239213734, -0.2585921473296504, -0.2168291744587711, -0.1383080170043297, -0.0895956703225073, -0.3750511201798223], "unit_log_person_params": [-0.7891168155810083, -0.6006201376434499, 1.71331732341068, -0.7166403511702085, -0.2397329534625507, -1.461668322054556, 0.0915701198378652, 0.5320493122088233, 0.4748684787408871, -0.2267672021029254, -0.7902964335720887, -0.5742340922150597, -0.2209048337141867, 0.3995805885262679, -0.2937749814635547, 1.163572485167562, -1.095270186157047, 0.7414112333808414, 0.1552080767861511, -1.153817328945856, -1.005899053730043, -0.1075557255695259, 0.3286840001875274, 0.5349187583591177, 1.151166020873747, 0.8047595361246359, -0.6659380332782247, 1.188294415881079, -0.2732567624548669, -1.199537464019977, -0.2601189636506097, 1.066351984578362, 0.8273829695227262, -1.545435100338799, -0.6769267992681064, 0.1786938501740324, -0.0173458670099526, -0.2509136559437727, -0.7978885692629907, 1.692138529654954, 0.7654756554574981, -1.183108887371562, -0.7468352834517706, -1.227970126514018, 0.7176363026712459, -1.050642464781181, 0.939210563920867, 1.112597451162916, -0.4200934975455909, -0.4275326686104166, -1.758366417452307, -0.5651842229655971, 0.5359274481911191, 0.6266509677895807, -1.070332062082025, -1.045963760202434, -0.7535231827525977, 0.1025435090731805, -0.0110883978848347, -1.061449327226726, 0.0993995391661816, 0.8698028118453457, 0.2245245287002606, 0.2548792835732039, 1.838458114348517, 0.0920785837376716, 1.148036121770415, -0.7304440132192849, 1.051813315574603, 0.3742301831631033, 1.791235441871972, -2.20148945375203, -0.8560218414990527, 0.7256741626416768, -1.708858593061753, 1.12421203554283, -0.2053948973087531, -0.8383276618918937, -0.1919206748946683, -0.1020930777331407, -1.752374274860441, -0.3861577708007201, 0.364405214228291, 0.3609858652749636, 2.103902361567369, -0.2154341173560588, -0.4753802222403959, 2.039171749965539, -0.7444574479302661, -1.090542904536538], "noise": [0.0791039257453357, 0.2480251527276537]}