{"unit_log_population_eM": [-0.6126820986662496, 1.034323627658191, -0.1883774826277662, -0.3597891338451015, -0.9514609582613136, -1.834200291034796, -1.742962540263406, -0.2797083297047493, 1.373862132921079, -2.4874414802159, 1.019061099475959, 1.097342923084986, -0.1439438636753026, 0.1961095361924867, 1.270340633554863], "unit_log_population_eS": [0.1774160206630543, 0.5086040006602742, 0.1731691839275221, 0.1089988286535076, 0.3751906387581169, 0.0573043405901114, 0.2619659210643578, -0.1682595967395282, -0.481057524261563, -0.1646697565069933, 0.4754254213821189, 0.3626276324318287, -0.5695779218722471, 0.1221393962938877, 0.1550463113450273], "unit_log_person_params": [0.978335516994192, 0.6084322702780122, 0.4115570538119742, 0.956857900463974, 1.579652447624109, 0.1251194283862696, 0.5164923767302695, 0.2166773073667538, -0.2374812078442499, 2.228874463608602, -1.130929177545647, 0.1585600411234334, -1.06011054383594, 0.5635289461772696, -1.469421794764895, 0.2926160019329542, -0.928714960298706, -0.1862528445851931, 0.1204606956930851, -0.3202344161088201, 0.3650912502473961, -1.019456346339191, 0.3454947726242956, -0.4459457061297286, 2.105561501607186, -0.4919726134501661, -0.64859732641495, 0.3376988613087923, -0.6396080280580599, 0.1754825808367412, 0.2613061796363465, -0.0276270850988515, -0.4152199734807005, -0.3924491956354623, 0.6294264148338115, -0.5099120320692909, 0.7606455206367941, 0.4234843076345723, -0.4276592704304183, -1.190223971526951, 0.6086186038107065, 0.7684224901264598, 0.9479311884659292, -1.447331783232412, 1.562040486339412, 0.6618048060563173, -0.6899353810375309, 1.114365553313907, -0.4343940248936373, 0.0303678266533806, -0.821732279563431, -0.8678283006659093, 0.7011310487091961, 0.3603627023299997, 0.1935447113343839, 0.6849779976801499, -0.5538423359930235, 0.1643776399482211, -1.131013000375285, 1.176684815306953, -0.5420041321314034, 0.0933132908276094, -0.6714678645232904, 1.575290720614094, 1.467725084310764, 1.487903021368825, 0.0761787121793386, -0.5957347198267696, -1.089735120953732, -1.129150740625009, 0.4741899835449636, -0.319329570856312, 0.7811522261752465, -1.495478154541779, -0.8177922091644181, 1.768228977186062, 1.269989684584287, -0.8843854517404554, 1.114224990902656, -0.48379852233384, -0.6716229907945965, -2.444589461428438, 0.6833652860181076, 1.230090918962132, -0.9912262569968048, -0.6211172881909565, -1.125054893307903, 0.3159994203796312, -0.2772648515813179, 1.361841618780587], "noise": [0.1460248070133919, 0.1881601794152088]}