{"unit_log_population_eM": [0.7525496917383369, 1.760163625525858, -1.095982306277456, 0.6233417564824185, -1.612213421095838, -1.394591280757086, 0.3121029043887351, -0.0031298053433233, 1.012478772474455, -1.636146700839881, 1.212678782287595, -1.483259409483106, 0.5510927754589778, -0.8650983418057225, -1.012990866882842], "unit_log_population_eS": [0.0703269640555924, -0.517278263717733, 0.3670844819344522, -0.1568847581131912, 0.7001541568951835, 0.0410138930978172, -0.2708399271856242, 0.1896497988060154, -0.3492542365581564, 0.7588148498919697, -0.2667839440511878, 0.3412772831763528, -0.0147748246408391, 0.2005136975244182, 0.5846484555556447], "unit_log_person_params": [-0.5685969131543567, 0.4972373220024363, 0.4785260828948034, -0.1058218120639851, -0.3041775080526801, -2.43033315143436, 1.866207746918675, 0.6853013222115536, -0.1937222572730753, -0.8530236184925933, 0.5006710277328382, 1.183366679962223, -0.2939097462443632, -0.2896852787519067, -0.0068240046458224, 0.3987356263298958, 0.2687124044198287, 0.4002215931395208, -0.1179076084571675, 0.3328836250207886, 0.6815296024341517, 0.1396247235487821, 0.5176808728854289, -0.8878931149793321, 0.2113887318713622, -0.627350228232201, 0.5080637709001427, 0.7866895189804207, -0.4061414961172923, -0.396217612325212, -0.7467459400278986, 0.6614264870611734, 0.5516170884839414, -0.9854882233913984, -0.024752409263401, -0.9682539799168532, 0.3153074962322646, -0.2094604411400027, 1.355382454781988, 0.4661483304971485, 0.8538440569553375, -0.4896511751160723, 0.7255997789585665, 2.863521939304849, 0.557187972791633, -0.6252242934418031, 1.094776789615408, 0.0234329219907782, -0.3313893513182428, -0.3071216657968509, 0.1615218754172239, -0.3350302070845031, 0.1998002472062284, 0.0143843190936797, -1.43141333867985, -0.9666029437737504, -1.500475866271531, -0.4977411869765103, -0.6677744913182508, -0.2128017864884426, 0.4952842364985656, -0.2525421848179662, -0.1320292668069878, -0.0206017410929756, 1.092203367755759, 0.7059837170980697, 0.8949512198274769, -0.2831873926964709, 0.6543503984140173, -0.445594772360349, 2.64424813996704, 0.0471676517610786, -0.9959449018383568, 1.601285304174709, 0.8266368356507517, -0.8275362192070786, -0.187321925517049, -2.996957722820761, -1.280781635513983, -1.581257840810378, -0.9319359005511484, -0.1624859114459937, -0.2704223330656675, 0.7679881137561625, -0.3446987978166657, 0.1226560515019425, -1.082456567864776, 0.001322703891515, -0.551953973316281, 0.7709788084080347], "noise": [0.1318693784765388, 0.213924293806388]}