{"unit_log_population_eM": [-1.120608223772322, 1.49357485655099, -1.560643079741137, -0.1699213575863741, -0.0878236899295097, -1.626472311269798, -0.6901189392183454, 0.516181785425234, 0.9728402167971044, -1.926719627544931, 1.451536293928787, -1.493836604882505, -1.811787808001978, -0.2806681218233899, -0.4645594535201331], "unit_log_population_eS": [-0.1810307161969391, 0.5566003070654407, 0.1623530805787874, 0.6879632006302637, -0.0669636088692252, -0.0777692802539896, -0.0358591343881219, 1.039258865410004, -0.0622662165313117, 0.2660091535709722, 0.1130609480868839, 0.2293058128475842, 0.5789247803247668, -0.4020872985666277, 0.0649764356496449], "unit_log_person_params": [-0.4190924962155229, 0.573791325788246, 2.010487451305094, 1.030480340487661, 1.345125956223048, -1.977432101290155, 1.218032743455641, 0.3634741376500295, -0.2207449577754315, 0.5375317298688804, -0.4468941343824505, -0.0756440485421382, -1.700106570503451, 0.2594978606365261, -0.2070273828598297, -0.0078951971758837, 0.1806131183672163, -1.291290140080829, -0.5510726079901082, -0.7272833008093733, -0.1798905447924078, -0.8585801707249724, -0.201206369170827, -0.7637934493318953, -0.2074786521622592, 1.153979537083113, -1.322358135416972, 0.680122261410617, -1.243738843589857, -0.853671815744182, -0.4382401474411591, 0.1730461042457783, -0.2318626919975573, -0.4595636109880838, 0.4305576793939549, -0.6098159251060397, -0.295928290523252, -0.3411762580457712, 0.5303182234896879, -1.058934241954299, -0.9973123138042111, -1.731810852682619, -0.9921193836508516, -1.146500016501417, 1.160451447439961, -1.080689345806903, -0.4407250689666173, -1.267113493634807, 0.5045647372948806, -0.2038067675179308, 0.0970716267771395, 0.2085743154556434, 0.6987445569285559, 0.2731006033013233, 0.3700334286160871, -1.07940788519012, 0.5536999030207599, -0.0358365314597403, -0.0893826033612369, 0.0998220221247085, -0.2322271782938404, -0.2457808785614328, -1.05906089079511, -0.0250323114289482, 1.008846863331568, 0.0510314382474196, -0.5285181157140526, -0.5332751757113768, -0.703146974531567, -1.402417347460176, 2.006654570884833, 0.2350634230458146, -0.1089823690110537, 0.0684795281524635, -0.8038642278368068, -1.165030149386679, 0.4421338642306051, -0.7051093652020303, -0.3097296546093598, -0.2551889020492992, -0.5781007093721974, -0.5471217007995943, -0.313781740694409, -0.8121170916476419, 0.0971674031541115, 1.988109070146188, 0.2626930686603688, -2.090866360905323, -1.480615122240702, -1.648499641880902], "noise": [0.1567861037961367, 0.1791127925752516]}