{"unit_log_population_eM": [1.016760009265169, 0.0465966175971599, 0.4089229840858784, 0.533639683809878, -0.4731170905299585, -0.4026298773611692, -0.6214057429650048, 0.497076312522239, 1.422493857161111, -2.496006964386345, 1.254130111530747, -1.234013733134045, -1.885335297774578, -0.940031252458059, -1.047801165980536], "unit_log_population_eS": [-0.6282606138885289, 0.1483173661342137, -0.2264120559349881, 0.4842329994333679, 0.5341000011351014, -0.1450926603783575, 0.2125173144444925, -0.010872462715882, -0.2666481316609403, 0.9490368050302578, 0.0949693768611364, 0.1637302864881414, -0.0223581870103648, 0.3700527915478923, -0.294142393207824], "unit_log_person_params": [0.7326052768367879, 0.7511913565313937, 1.087591255731388, -0.9731260422028626, -0.0205672274704943, -1.214975177326649, 0.7080962708913575, 0.6104448240760358, -0.7907585782263251, 0.3339410831990183, 0.2442842837317104, -0.1928500353188399, -0.5895466922613671, -0.6301510779118684, 0.8657179712723988, -0.7868929617584269, -0.56431912805214, -0.6694204257322925, 0.1840573475889289, -0.3570832627951917, 0.0741124350273894, -0.8081512565515163, -0.1723496288005444, 1.251118834698445, -1.002293423450714, 1.326600489534295, -0.6978290532684606, -1.890617155796235, 0.7046699323914773, 1.539323914472485, -1.601420417255795, -1.348635157609329, -0.5031980998927933, -0.3085935459119566, 0.6474784160371023, -0.5810812344504874, 0.705266667114055, -1.38686336783579, 1.674374920460769, -0.6080592753149394, 0.8245887077709023, -0.044018528277393, -0.3184328405238267, -1.603308878382509, -0.051968705756637, -0.1490508125535903, -0.9283309687863376, -0.1732503377494086, -1.177392441309993, -1.392632586225635, -1.010081551183863, -1.232570962639872, -0.2346877902785811, -0.7493010677761058, -1.439263319174522, -0.2390157471613228, -1.981570952042219, -0.567182874314216, -1.612714487329424, -0.5538396632847495, 0.1271346378433095, -1.141693366166484, 0.227788945600073, 0.3617912974058357, 2.031478721993919, 0.2587435600136881, -0.4623838279361378, -1.390386606333725, -0.6334592914350718, -1.859379953613709, 2.039003550065005, 0.296351217715015, -2.836022546290832, 0.4661967104555119, 1.609322208052484, -0.5707637389898689, 0.2200535027186637, 0.7865810153323032, 0.0203167132242962, -0.7342377470730315, 0.3534322700083989, -0.0229014770325815, 0.5177643062690594, 0.2854633677768429, 1.335056666153449, 2.282664007167525, 0.9436818034353708, -0.4883260887448548, -1.143652213591908, -0.236362237350649], "noise": [0.1384900497751028, 0.1954842621027507]}