{"unit_log_population_eM": [-0.5093688512483648, -0.1637878045269906, -1.244427442142442, -0.2272504130416536, 1.234984677697584, -1.142272675169762, -0.0081942940814502, -0.1651618022067049, 1.438416453095044, -3.579392592511093, 1.552941280444871, -1.067366795493834, -2.302413818732352, -0.650591498138732, -1.189229913902657], "unit_log_population_eS": [0.4072325192237138, 0.0636151922655373, -0.2360898506605029, -0.3303645818120304, -0.2686198321472063, -0.4689632029137386, 0.4778072885231225, 0.0613112318315135, -0.5039651645669682, -0.6587028984494365, 0.0195613088837057, 0.3711788433189839, 0.2908135399075941, -0.1547772292073338, -0.3064240947082454], "unit_log_person_params": [-0.2225064207606554, 0.946672001983897, 0.4980365327865071, -0.5190599702223331, -0.3037459763505529, -0.3669639801210495, 0.7267587665740926, 0.9847200184543052, 0.179298684315053, 2.044358732899347, 0.2903194710146507, -0.130652058590874, -0.0318616506356521, -0.2751653513706457, 1.095503766475524, -0.2367496167800061, 0.4312336073980338, -0.0397507112493661, -0.5941089249418279, 0.3702617726450915, -1.012028422978472, -1.863614632312112, -0.6497215325248498, 1.089911744762992, 0.4351277182731392, 0.1862526480982247, -0.0250711317388459, -3.18561119724998, 0.0786122786013323, -0.597748224000019, 0.207503715236213, 0.8722731839912549, -0.263297710400651, 1.721740817634863, -0.2946269810851478, -0.2070961934968614, -0.0486422371835243, 0.3257296498976305, -0.6005768001530756, 0.6669374079523889, 0.984608842755188, 1.65494012740755, -0.0604210588469873, -0.0341036382394195, -0.3488543281473834, 0.6726701469836567, -0.8785337299793095, -0.8222651426257143, -0.7047677912616865, -1.322919844006714, -0.7535045169777818, -0.4486265480274601, 0.942627520477205, -0.3289957135325208, 0.583620401931556, 1.051854801769987, 1.323482807876258, 1.171988059509688, 0.4440877466537799, -1.53002394735699, 0.3269739363146079, -0.6495395021313826, -0.8904330770148484, 1.30730433026305, 1.092593245458415, 0.0984389179942036, 0.2249390340665773, -0.4445919326943395, -0.6091449634306194, -0.7630794222548445, 1.956139863878624, 0.5570398091329514, -0.9430784266782576, -0.8971674630889728, 0.3301884439543967, 0.0189446410719107, -0.057975695125034, 0.1622738977560017, -0.1100252546839375, -1.509852558391227, -0.909345254052142, -0.3247544863563361, 0.6275738954708538, -0.6850241570304085, 1.227526896970173, -0.9383383092739253, -0.6381112176475308, -0.8299551693175354, -0.4075064714893482, -0.6224290744032028], "noise": [0.1497819687689673, 0.1906367570274165]}